jmdict_id,term,g,t,field_id,kind,severity,old,new,reason,shard,batch
2137720,然う,47,5,f109e419t5,example,major,你既然笨，他也就那样。,你很笨，他也一样。,日文表示‘你也笨，他也是’，原译将并列同样误译为因果关系。,1,2
2215430,には,50,15,f117e625t15,note,minor,表示对句子主语表示敬意,表示对句子主语的敬意,原译重复使用‘表示’，中文句法不通；英文 indicates respect for subject 要求表达对主语的敬意。,1,2
1007130,そんな,66,7,f1e1648t7,xref,minor,这种类型的；这种类型的；这样的；那样的,这种类型的；这种类型的；这样的；这样的,xref 英文为 this sort of; this kind of; like this; such，原译第三项虽为‘这样的’后第四项误写为‘那样的’。,1,2
1577100,ナニ,84,6,f54e66t6,gloss,major,那个东西,那个叫什么来着的人,英文 what's-his-name 指男性人物，原译‘那个东西’误作物体。,1,3
1577100,ナニ,84,7,f54e66t7,gloss,major,那个东西,那个叫什么来着的人,英文 what's-her-name 指女性人物，原译‘那个东西’误作物体。,1,3
1577100,ナニ,84,19,f54e66t19,example,minor,什么？做不到吗？你这个胆小鬼！你这个胆小鬼！,什么？做不到吗？你这个胆小鬼！你这个懦夫！,日文连续使用两个不同的侮辱语，原译将两个词重复译成‘胆小鬼’，遗漏差异。,1,3
2028960,や,95,3,f98e690t3,example,major,你很快就会熟悉这里的饮食方式吧。,你很快就会懂得享受这里的饮食了。,日文与英文表达逐渐懂得享受这里的食物和饮料，原译‘熟悉饮食方式’遗漏享受含义。,1,3
1591110,聞く,101,6,f56e684t6,gloss,minor,讯问,询问,英文 enquire 是一般询问，原译‘讯问’带有审讯含义，超出源义。,1,3
1392580,前,111,1,f36e596t1,gloss,minor,在……之前（如建筑物前）,在……前面（如建筑物前）,英文 before (e.g. a building) 此处是空间位置‘在建筑物前面’，原译‘在……之前’表示时间先后。,1,4
1338240,出る,123,68,f30e1850t68,gloss,major,获得,接（电话等）,"该 sense 与‘answer (phone, door, etc.)’同组，to get 指接到电话/应门，原译‘获得’改变为取得。",1,4
1338240,出る,123,81,f30e1850t81,gloss,major,高潮,射精,vulgar sense 的 cum 与 ejaculate 同义，原译‘高潮’指 orgasm，未表达射精动作。,1,4
1001090,うん,135,4,f1e176t4,example,major,“强度轻一点的话没问题。”“嗯，那么踢裆和戳眼睛算有效吗？”,“强度轻一点的话没问题。”“嗯，那么踢裆和捏爆眼睛算有效吗？”,英文 eyeball crushing、日文目潰し均为捏爆/弄瞎眼睛，原译‘戳眼睛’遗漏 crushing 的严重程度。,1,4
1281020,考える,146,11,f25e752t11,example,minor,思考是什么让人幸福，是有价值的。,思考是什么使人幸福是有价值的。,英文 It is worthwhile considering what it is that makes people happy，原译逗号切断主谓，中文不通。,1,5
1315720,持つ,149,7,f28e1481t7,example,minor,我持有ABC海外旅行障碍保险。,我持有ABC海外旅行保险。,英文仅为 ABC Travel Insurance，原译‘障碍保险’是将日文词形直译成不合中文的术语。,1,5
1000580,彼れ,152,3,f1e97t3,example,major,① 这个；这一个,那是这座城市的主干道。,日文与英文明确为远指‘那是这座城市的主干道’，原译错配为‘这个；这一个’。,1,5
1000580,彼れ,152,4,f1e97t4,xref,major,① 那个；它,这个；这个,xref 英文 this; this one，原译错配为‘那个；它’。,1,5
1000580,彼れ,152,5,f1e97t5,xref,major,① 哪一个（三者或以上）,那个；它,xref 英文 that; it，原译错配为‘哪一个（三者或以上）’。,1,5
1000580,彼れ,152,6,f1e97t6,xref,major,那个人,哪一个（三者或以上）,xref 英文 which (of three or more)，原译错配为‘那个人’。,1,5
1000580,彼れ,152,7,f1e97t7,gloss,major,用于指代与自己地位相当或比自己地位低的人,那个人,gloss that person，原译变成了说明句。,1,5
1000580,彼れ,152,8,f1e97t8,note,major,那时,用于指代与自己地位相当或比自己地位低的人,note 说明指代同等或地位较低者，原译‘那时’错义。,1,5
1000580,彼れ,152,9,f1e97t9,example,major,那个时间,对，那肯定没问题！,英文 sure thing 与日文 絶対大丈夫 为肯定没问题，原译‘那个时间’错配。,1,5
1000580,彼れ,152,10,f1e97t10,gloss,major,那个地方（在那边）,那么；然后,gloss then，原译‘那个地方（在那边）’错配。,1,5
1000580,彼れ,152,11,f1e97t11,gloss,major,下体（即生殖器）,那时,gloss that time，原译‘下体（即生殖器）’错配。,1,5
1000580,彼れ,152,12,f1e97t12,example,major,常写作“アレ”,说起来，从那时起已经过了30多年了呢。,英文和日文均为‘从那时起已经过了30多年’，原译变成书写说明。,1,5
1000580,彼れ,152,13,f1e97t13,gloss,major,月经,那个地方（在那里）,gloss that place (over there)，原译错配为‘月经’。,1,5
1000580,彼れ,152,14,f1e97t14,gloss,major,月事,下面（即生殖器）,gloss down there 指下体，原译‘月事’错义。,1,5
1000580,彼れ,152,16,f1e97t16,example,major,那样的,下面疼，下面。呃，怎么称呼来着？睾丸？总之是男性的‘重要部位’。,日文例句明确谈男性生殖器和睾丸，原译仅为‘那样的’且遗漏整句。,1,5
1000580,彼れ,152,17,f1e97t17,gloss,major,那种的,月经,gloss period，原译‘那种的’错配。,1,5
1000580,彼れ,152,18,f1e97t18,gloss,major,那样的,月事,gloss menses，原译‘那样的’错配。,1,5
1000580,彼れ,152,19,f1e97t19,note,major,那样的,常写作“アレ”,note oft. written as アレ，原译‘那样的’错配。,1,5
1414150,大丈夫,160,1,f38e770t1,gloss,minor,安全,安全可靠,secure 与 safe 不同，原译将整组不同 gloss 全部压成‘安全’。,1,5
1414150,大丈夫,160,2,f38e770t2,gloss,minor,安全,完好,sound 在此为状态完好，原译重复为‘安全’。,1,5
1414150,大丈夫,160,3,f38e770t3,gloss,minor,安全,没有问题,problem-free 应为没有问题，原译重复为‘安全’。,1,5
1414150,大丈夫,160,5,f38e770t5,gloss,minor,安全,没问题,all right 的常用义为没问题，原译重复为‘安全’。,1,5
1414150,大丈夫,160,6,f38e770t6,gloss,minor,安全,没问题,alright 的常用义为没问题，原译重复为‘安全’。,1,5
1414150,大丈夫,160,7,f38e770t7,gloss,minor,安全,可以,OK 应为可以，原译重复为‘安全’。,1,5
1414150,大丈夫,160,8,f38e770t8,gloss,minor,安全,可以,okay 应为可以，原译重复为‘安全’。,1,5
1414150,大丈夫,160,13,f38e770t13,gloss,minor,不用,不用了,no thanks 是礼貌拒绝，原译省略了语气词。,1,5
1414150,大丈夫,160,14,f38e770t14,gloss,minor,不用,我没事,I'm good 表示‘我没事/我很好’，原译‘不用’改变为拒绝。,1,5
1414150,大丈夫,160,15,f38e770t15,gloss,minor,不用,没关系,that's alright 表示没关系，原译‘不用’错义。,1,5
1414150,大丈夫,160,17,f38e770t17,gloss,major,大丈夫,伟人,great man 的译义是伟人，原译‘大丈夫’在中文中不是该义。,1,5
1414150,大丈夫,160,18,f38e770t18,gloss,major,大丈夫,堂堂男子汉,fine figure of a man 指堂堂男子汉，原译‘大丈夫’不自然且易误解。,1,5
1414150,大丈夫,160,19,f38e770t19,xref,major,同上,伟人；堂堂男子汉,xref 两个英文义项需分别对应，原译‘同上’丢失释义。,1,5
1004500,此方,192,20,f1e1070t20,example,major,这个人,姑妈，这是汤姆。,英文和日文是向姑妈介绍汤姆，原译仅‘这个人’遗漏句子信息。,1,6
1597890,作る,221,25,f57e1139t25,gloss,major,杜撰,创造（短语）,coin (a phrase) 指创造/新造短语，原译‘杜撰’带贬义且不是该基本义。,1,6
1009330,どんな,225,4,f2e63t4,xref,major,别这么大岁数还……,这种类型的；这种类型的；像这样的；这样的,xref 英文 this sort of; this kind of; like this; such，原译错配成无关句子。,1,6
1009330,どんな,225,5,f2e63t5,xref,major,不！,这样的；那种的；那种类型的；像那样,xref 英文 such; that sort of; that kind of; like that，原译‘不！’完全错义。,1,6
1266440,喚ぶ,239,14,f24e249t14,example,minor,这部电影获得了极大的关注。,这部电影大受欢迎。,英文 won great popularity、日文 大変な人気を呼んだ 表示大受欢迎，原译‘获得极大的关注’偏离 popularity。,1,7
1191730,家,242,7,f16e1688t7,example,major,那家（家庭）的繁荣是从二战时期开始的。,那家（家庭）的繁荣是从第一次世界大战时期开始的。,Great War 指第一次世界大战，原译‘二战时期’将战争对应错了。,1,7
1344930,女,299,3,f31e1031t3,example,major,① 男人；男性,他回来时，那个女人已经走开了。,英文与日文均为女人离开，原译错配为‘男人；男性’。,1,8
1344930,女,299,4,f31e1031t4,xref,major,情妇,① 男人；男性,xref 英文 man; male，原译‘情妇’错义。,1,8
1344930,女,299,5,f31e1031t5,gloss,minor,女朋友,女情人,female lover 指女性情人，使用‘女情人’与 girlfriend、mistress 区分。,1,8
1344930,女,299,6,f31e1031t6,gloss,major,情妇,女朋友,gloss girlfriend，原译‘情妇’错配。,1,8
1344930,女,299,7,f31e1031t7,gloss,major,（某人的）女人,情妇,gloss mistress，原译‘（某人的）女人’未表达婚外情人义。,1,8
1344930,女,299,8,f31e1031t8,gloss,minor,女人,（某人的）女人,gloss (someone's) woman，原译漏掉所属限定。,1,8
1593480,怖い,332,0,f56e1504t0,gloss,major,（水流）湍急的,恐怖的,scary 的普通义为恐怖，原译‘（水流）湍急的’与词头 怖い 不符。,1,8
1593480,怖い,332,1,f56e1504t1,gloss,major,（水流）湍急的,吓人的,frightening 为吓人的，原译错配为水流湍急。,1,8
1593480,怖い,332,2,f56e1504t2,gloss,major,（水流）湍急的,阴森的,eerie 为阴森的，原译错配为水流湍急。,1,8
1593480,怖い,332,3,f56e1504t3,gloss,major,轰隆隆,可怕的,dreadful 为可怕的，原译‘轰隆隆’完全错义。,1,8
1593480,怖い,332,4,f56e1504t4,example,major,轰隆,他想知道你是否怕蛇。,英文和日文均为询问是否怕蛇，原译‘轰隆’完全错义。,1,8
1169870,飲む,362,0,f14e1328t0,gloss,major,好，通宵饮酒吧。,喝,gloss to drink，原译为整句劝酒语，字段错配。,1,9
1169870,飲む,362,1,f14e1328t1,gloss,major,口服药,吞下,gloss to swallow，原译‘口服药’错配。,1,9
1169870,飲む,362,2,f14e1328t2,gloss,major,内服药,服用（药物）,gloss to take (medicine)，原译‘内服药’缺少动词且错配。,1,9
1169870,飲む,362,3,f14e1328t3,note,major,口服药,“呑む”指整吞或大口咽下,note 说明呑む的整吞/大口吞咽，原译‘口服药’错配。,1,9
1169870,飲む,362,4,f14e1328t4,example,major,内服药,我必须服用这种药吗？,英文与日文例句为是否必须服药，原译‘内服药’遗漏整句。,1,9
1169870,飲む,362,5,f14e1328t5,gloss,major,喝,抽烟,gloss to smoke (tobacco)，原译‘喝’错义。,1,9
1169870,飲む,362,6,f14e1328t6,gloss,major,吞下,吞没,swallow up 指吞没，原译‘吞下’不完整且字段需区分。,1,9
1169870,飲む,362,7,f14e1328t7,gloss,major,服用（药物）,吞噬,engulf 指吞噬，原译‘服用（药物）’错义。,1,9
1169870,飲む,362,8,f14e1328t8,note,major,吞下,通常用于被动形式,note usu. in the passive，原译‘吞下’错配。,1,9
1169870,飲む,362,9,f14e1328t9,gloss,major,吞下,压抑（愤怒、苦涩情感等）,suppress one's anger/feelings 指压抑情绪，原译‘吞下’遗漏对象。,1,9
1169870,飲む,362,10,f14e1328t10,gloss,major,吞下,忍住,keep down 在该 sense 指忍住，原译‘吞下’错配。,1,9
1169870,飲む,362,11,f14e1328t11,gloss,major,吞下,克制,hold back 指克制/抑制，原译‘吞下’错配。,1,9
1169870,飲む,362,12,f14e1328t12,gloss,major,吞下,咽下（眼泪）,swallow one's tears 需保留眼泪对象，原译‘吞下’遗漏限定。,1,9
1169870,飲む,362,13,f14e1328t13,gloss,major,吞下,喘过气来,catch one's breath 指喘过气来，原译‘吞下’错义。,1,9
1169870,飲む,362,14,f14e1328t14,gloss,major,吞下,接受,accept a demand/conditions 指接受要求或条件，原译‘吞下’错义。,1,9
1169870,飲む,362,15,f14e1328t15,gloss,major,吞下,同意,agree to 指同意，原译‘吞下’错义。,1,9
1169870,飲む,362,16,f14e1328t16,gloss,major,吞下,轻视,make light of someone 指轻视，原译‘吞下’错义。,1,9
1169870,飲む,362,17,f14e1328t17,gloss,major,吞下,不把……当回事,think nothing of 指不把……当回事，原译‘吞下’错义。,1,9
1169870,飲む,362,18,f14e1328t18,gloss,major,吞下,压倒,overwhelm 指压倒，原译‘吞下’错义。,1,9
1169870,飲む,362,19,f14e1328t19,gloss,major,吞下,震慑,overawe 指震慑，原译‘吞下’错义。,1,9
1169870,飲む,362,20,f14e1328t20,gloss,major,吞下,携带（暗藏的匕首等）,carry a concealed dagger 指携带暗藏匕首，原译‘吞下’错义。,1,9
1169870,飲む,362,21,f14e1328t21,gloss,major,吞下,藏在（袖子等）里,conceal up one's sleeve 指藏在袖中，原译‘吞下’错义。,1,9
1413940,大事,399,3,f38e744t3,example,minor,我会将您这番切中要害的话语铭记于心。,我会将您这番亲切的话语铭记于心。,日文 親切な言葉 与英文 kind words 指亲切的话语，原译‘切中要害’错义。,1,10
1610040,せい,432,5,f59e1358t5,note,minor,常作……的せい,常作“……的せい”,该 note 需说明句型，原译残留未翻译的日文せい，应写为‘……的せい’并保留形式说明。,1,10
1217700,頑張る,460,6,f19e730t6,example,major,不，只要努力就能做到。,对，只要努力就能做到。,"英文 Yes, he can 与日文 いや 为肯定回应语境，原译‘不，只要’否定了回答。",1,11
1216280,まるで,534,12,f19e499t12,example,major,我完全不明白那个理由。,我完全不明白为什么会这样。,英文 why it is so 与日文 その理由 表达‘为什么会这样’，原译‘那个理由’不合中文且改变疑问含义。,1,13
1216280,まるで,534,16,f19e499t16,gloss,minor,全然,完全地,positive gloss wholly 应为完全地，‘全然’通常用于否定句，语气不匹配。,1,13
1545790,様,517,5,f50e1556t5,example,major,你变成这样了。,你怎么弄成这样了？,英文 How did you get into this mess? 与日文 このざまはどうしたんだ 为质问发生了什么，原译漏掉疑问和 mess 含义。,1,13
1402540,疾る,576,12,f37e592t12,example,minor,他瞄准巴士拼命地跑。,他拼命朝巴士跑去。,made a dash for the bus 表示朝巴士飞奔，原译‘瞄准巴士’搭配不当。,1,14
1402540,趨る,579,4,f37e593t4,gloss,minor,旅行,行驶,车辆语境的 to travel 指行驶，原译‘旅行’不合车辆动作。,1,15
1189360,何方,633,5,f16e1329t5,xref,major,他,① 这边；这个方向,xref 英文 this way; this direction，原译‘他’完全错义。,1,15
1000520,あらー,635,2,f1e92t2,gloss,major,哎呀，请叫我安吉拉。,哎呀！,gloss oh no，原译串入下一例句内容。,1,15
1000520,あらー,635,3,f1e92t3,example,major,锯缘平鲉（Niphon spinosus）,啊，请叫我安吉拉。,英文和日文例句是请称呼我Angela，原译串入鱼类释义。,1,15
1576150,１人,665,12,f53e1800t12,example,minor,他一独自一人，就立刻坐在那里打开了那封信。,他一独自一人，就立刻打开了那封信。,英文与日文只表达独自后打开信件，原译凭空增加‘坐在那里’。,1,16
1295070,済む,680,4,f26e1414t4,example,major,十点钟刚过，工作就结束了。,十点前不久，工作就结束了。,英文 just before ten、日文 １０時ちょっと前 明确为十点前，原译‘十点钟刚过’方向相反。,1,16
1006640,然う然う,750,12,f1e1517t12,example,major,啊，对了，那个调子。,对，就是这样。,日文「そうそうその調子」表示称赞对方做得对、保持这个劲头；原译“啊，对了，那个调子”误解为想起事情且中文不通。,1,18
1006950,抑,773,13,f1e1606t13,example,major,反正，大多数事故都不是发生在热带雨林，而是发生在身边。,毕竟，大多数事故都不是发生在热带雨林，而是发生在身边。,此例英译为 after all，日文「そもそも」在句中是追溯说明的“毕竟/本来”；原译“反正”语气和逻辑不符。,1,18
1213400,甘い,788,31,f18e1934t31,example,minor,她被他甜言蜜语所骗。,她被他的甜言蜜语所骗。,中文例句漏掉“的”，原译“被他甜言蜜语所骗”语法不通；日文及英文均为被他的甜言蜜语欺骗。,1,18
1009290,どれ,833,1,f2e53t1,example,minor,你可以任选其中哪一个。,你可以任选其中一个。,汉语陈述句中“任选其中哪一个”搭配不通；日文表示可从那些选一个。,1,19
1009290,どれ,833,3,f2e53t3,xref,major,① 那个；它,① 这个；这个东西,xref 英文为 this; this one，原译“那个；它”把指示方向译反。,1,19
1009290,どれ,833,4,f2e53t4,xref,major,① 哪一个（三者或以上）,① 那个；它,xref 英文为 that; it，原译“哪一个（三者或以上）”错译成疑问代词。,1,19
1483185,あっち,847,6,f45e72t6,xref,major,他,这边；这个方向,xref 英文为 this way; this direction，原译“他”明显错义。,1,19
1160820,一つ,858,4,f13e1514t4,example,major,其一，我既贫穷又忙碌。,其一，我很穷；其二，我很忙。,英文和日文均包含“其一……其二/另外……”两项，原译漏掉后半句且将既贫穷又忙碌误合并。,1,19
1388410,先輩,864,5,f35e1655t5,example,major,我们把他尊为良师益友。,我们尊敬他，认为他是一位优秀的前辈。,日文「よき先輩」及英文 good senior 指优秀的前辈，原译“良师益友”凭空增添教师和朋友含义。,1,19
1451180,動き,885,3,f41e1779t3,example,minor,爱的动向不可解。,爱情的运行方式神秘莫测。,英文及日文的 movement 指爱情的运行/发展方式；原译“爱的动向不可解”搭配生硬，未自然表达 mysterious ways。,1,20
1433030,徹る,894,17,f40e342t17,gloss,major,被展示,被带入室内,to be shown in 在此与 ushered in 同义，指被带入室内；原译“被展示”把 show 误作展示物品。,1,20
1169250,引く,897,70,f14e1140t70,gloss,major,被排斥,感到反感,to be turned off 指因某人言行而反感/败兴，原译“被排斥”改变了主客体方向。,1,20
1401310,相変わらず,909,5,f37e277t5,example,minor,你看起来一如既往的健康。,你看起来一如既往地健康。,中文副词修饰“健康”应使用“地”；原译“一如既往的健康”结构不通。,1,20
1155150,以前,916,3,f13e495t3,example,critical,我会尽力，但最好也只能在周四之前完成。,我会尽力，但即使情况最好也无法在周四之前完成。,英文 at best 明确表示“充其量/即使最好”，且 not be able 为否定；原译“最好也只能在周四之前完成”反转了能否完成的事实。,1,21
1576200,一生,946,5,f53e1813t5,example,major,自住房是一生中最大的购买，所以不能那么草率地决定。,买房是一生一次的购买，所以不能草率决定。,英文 once-in-a-lifetime purchase 及日文「一生の買い物」表示一生一次的购买，原译“最大的购买”错译 once。,1,21
1277080,向く,975,14,f25e53t14,example,minor,随脚所指向走。,任由双脚带着走。,日文「足の向くままに歩いた」表示任由双脚带着走，原译“随脚所指向走”中文搭配生硬。,1,22
1554310,料理,1006,9,f51e1242t9,example,critical,套装,优点：用各种连招自由料理敌人的乐趣。,日文和英文明确是游戏说明“用各种连招自由料理敌人的乐趣”，原译“套装”完全错义且遗漏整句。,1,22
1010150,はっきり,1026,3,f2e196t3,example,minor,并且所记载的内容全部都清晰地记载着。,然后，所有写下的内容都清清楚楚。,英文 completely clear 与日文 はっきりと書かれている表达内容清楚，原译“清晰地记载着”重复且不通。,1,22
1501620,掃う,1042,11,f46e1266t11,gloss,major,支付（如注意力）,付出（如注意力）,pay attention 是“付出/投入注意力”，原译“支付（如注意力）”将 pay 的金钱义误套到 attention。,1,22
2845172,ちょ,1079,2,f192e824t2,gloss,major,喂,得了吧！,come on 表示催促或不耐烦，不是招呼语“喂”。,1,23
2845172,ちょ,1079,3,f192e824t3,xref,major,⑤ 喂！；喂；喂,⑤ 喂！；得了吧；劳驾/不好意思,xref 中 come on 与 excuse me 被旧译误并为“喂”，需保留各义。,1,23
1589040,遅れる,1081,1,f55e1840t1,gloss,major,迟到,被延误,to be delayed 是被延误/推迟，不是迟到。,1,23
1589040,遅れる,1081,3,f55e1840t3,gloss,major,迟到,逾期,overdue 表示超过期限，不是迟到。,1,23
1589040,遅れる,1081,11,f55e1840t11,gloss,major,去世,失去（亲人）,be bereaved of 表示失去亲人，不是本人去世。,1,23
1589040,遅れる,1081,12,f55e1840t12,gloss,major,去世,（某人）先于自己去世,be preceded by someone in death 表示某人先于自己死亡。,1,23
1535440,目指す,1088,2,f49e1519t2,gloss,major,志于,看中,have an eye on 表示看中或盯上，旧译“志于”改变了语义。,1,23
1154330,暗い,1095,1,f13e345t1,gloss,minor,昏暗,阴郁,gloomy 描写情绪或气氛阴郁，不是物理昏暗。,1,24
1203270,外す,1099,19,f17e1913t19,gloss,major,错过（目标、机会、拳法等）,错过（目标、机会、拳头等）,punch 在此指拳头/一拳，旧译“拳法”指武术技法。,1,24
1012510,もしかしたら,1155,2,f2e711t2,gloss,major,偶然,碰巧,perchance 是“或许/碰巧”，旧译“偶然”在此词条中不自然且与 chance 名词混淆。,1,24
1318090,自然,1158,5,f28e1863t5,example,critical,不能仅仅为了生态学而忍耐，需要与自然和谐共处的舒适居住环境。,不能仅仅为了生态，舒适且与自然和谐相处的居住环境也是必要的。,原句说明自然和谐的舒适居住环境是必要的，旧译误译为忍耐并改变了句意。,1,25
1432900,通す,1182,25,f40e310t25,example,major,他们挖穿了一座隧道。,他们在山中打通了一条隧道。,through the hill 修饰隧道施工，旧译“挖穿了一座隧道”搭配和对象均不对。,1,25
1432900,通す,1182,59,f40e310t59,note,major,作“～火（热）”,作“火（热）を通す”,note 引用日语固定表达，旧译颠倒了表达顺序且残缺。,1,25
1432900,通す,1182,61,f40e310t61,gloss,major,穿过（如汤）,过（如汤）,to pass through a broth 指把食材过汤/焯过，不是空间意义上的“穿过”。,1,25
1219680,寄る,1188,12,f19e1101t12,gloss,major,变高,（数值等）增长,grow high of a number 表示数值上升或增长，不是物理变高。,1,25
1199900,壊れる,1223,0,f17e1203t0,gloss,major,破碎,坏掉的,be broken 是损坏/坏掉，不能统一译为破碎。,1,26
1199900,壊れる,1223,1,f17e1203t1,gloss,major,破碎,破裂；坏掉,to break 的一般义不只限于物体破碎。,1,26
1199900,壊れる,1223,2,f17e1203t2,gloss,major,破碎,散架,fall apart 表示散架或分崩离析。,1,26
1199900,壊れる,1223,3,f17e1203t3,gloss,major,破碎,倒塌,collapse 表示倒塌/崩塌。,1,26
1199900,壊れる,1223,4,f17e1203t4,gloss,major,破碎,被毁坏,be destroyed 是被毁坏，不是破碎。,1,26
1199900,壊れる,1223,5,f17e1203t5,gloss,major,破碎,受损,be damaged 表示受损。,1,26
1199900,壊れる,1223,10,f17e1203t10,gloss,major,破裂,告吹（计划、交易等）,plan/deal fall through 表示计划或交易告吹。,1,26
1199900,壊れる,1223,11,f17e1203t11,gloss,major,破裂,崩溃,collapse 在计划或关系语境中表示崩溃。,1,26
1199900,壊れる,1223,12,f17e1203t12,gloss,major,破裂,破裂（关系、谈判等）,break down of a relationship/negotiations 表示关系或谈判破裂。,1,26
1199900,壊れる,1223,13,f17e1203t13,gloss,major,破裂,中断,be broken off 表示中断或终止。,1,26
1199900,壊れる,1223,14,f17e1203t14,gloss,major,破裂,被破坏（气氛、形象等）,be ruined of an atmosphere/image 表示被破坏，不是破裂。,1,26
1432850,通う,1227,5,f40e303t5,gloss,major,参加,上（学校等）,attend school/work 表示上学或到单位，不是泛指参加。,1,26
1253190,迎える,1232,11,f22e1688t11,example,major,已决定立即召见他。,把（某人）叫来,be sent for 表示派人叫来，不是带有权威意味的召见。,1,26
1320800,実,1252,2,f29e333t2,example,critical,生物在地球上存在了三十亿多年，直到其中一个开始意识到真实，它们才完全不知道自己为何存在。,生物在地球上存在了三十多亿年，一直不知道其中的原因，直到其中一个终于意识到真相。,英文和日文说明真相终于被其中一个生物意识到，旧译后半句逻辑相反且语序失真。,1,26
2835613,んな,1275,3,f183e661t3,xref,critical,不！,① 那样；那种；那类；像那样,xref 对应 such/that sort 等指示词义，旧译“不！”完全错义。,1,26
1404320,息,1313,6,f37e958t6,example,major,他们呼吸完全一致。,他们彼此配合得十分默契。,perfect match/息がぴたりと合う表示配合默契，旧译“呼吸完全一致”是逐字直译且不通顺。,1,27
1298790,撮る,1376,5,f27e64t5,note,major,尤其指“录る”,尤其写作“録る”,note 指日语汉字表记，旧译使用中文简化字“录る”而非源词的“録る”。,1,28
1164170,一切,1389,7,f14e149t7,gloss,major,（毫无）例外,（完全）没有；丝毫没有,none whatsoever 表示完全没有，旧译“毫无例外”改变了否定范围。,1,28
1552130,流れ,1395,14,f51e793t14,example,major,一旦事情发展到这种地步，到头来不过是橡果之间的高度对比罢了。,一旦事情发展到这种地步，最终也不过是半斤八两。,日语“どんぐりの背比べ”是彼此不相上下的惯用语，旧译成了橡果高度对比。,1,28
1288340,腰,1409,4,f26e280t4,example,minor,腰上有慢性病。,我的腰有毛病。,back problems/腰に持病があります表示腰部有问题，旧译“腰上有慢性病”搭配不自然。,1,28
1310090,支える,1428,3,f28e305t3,gloss,major,支撑,垫在下面,underlay 表示垫在下方或作为底衬，不是一般意义的支撑。,1,28
2089490,やあ,1453,7,f104e740t7,gloss,minor,喂！,呀！,日语やあ在此义项标注为喊叫的 yah；中文“喂”偏向呼唤他人，改为对应的感叹喊声“呀”。,1,29
2092660,たる,1485,5,f104e1218t5,xref,major,④ 成为,④ 是,该 xref 英文明确为 to be，中文“成为”改变了系词含义；应译为“是”。,1,29
2861638,レベル,1536,0,f208e66t0,gloss,major,叛乱者,水平,日语词头レベル意为 level；现译“叛乱者”对应 rebel，与词头明显错义。,1,30
1514110,摑まる,1566,3,f47e1676t3,gloss,major,被抓住,抓住,to hold on to 是主动抓住/抓牢，现译“被抓住”增加了被动语态。,1,30
1514110,摑まる,1566,4,f47e1676t4,gloss,major,被抓住,抓住,to grasp 是主动抓住，现译“被抓住”改变了语态。,1,30
1591100,利く,1594,5,f56e682t5,xref,major,使药物有效,药物有效,xref 英文为 to have medicine be effective，表示药物有效/见效；现译“使药物有效”变成使役义。,1,30
1502840,分,1632,2,f46e1596t2,gloss,major,分（一文的十分之一，5.787粒）,分（匁的十分之一，5.787格令）,fun 的英文明确是 monme 的十分之一；“一文”是货币单位，且 grains 应译为重量单位“格令”，原译单位错误。,1,31
1360770,心臓,1638,4,f33e79t4,gloss,major,胆气,厚脸皮,figurative cheek 表示厚颜/厚脸皮，原译“胆气”错义。,1,31
1360770,心臓,1638,6,f33e79t6,gloss,major,胆气,骨气,figurative spine 表示骨气/坚毅，原译“胆气”不对应英文义。,1,31
1359620,信用,1639,6,f32e1818t6,example,major,没有足够的信用，买房子是不合理的。,没有足够的信用，买房子是不可能的。,英文 impossible 表示不可能，原译“不合理”改变了判断。,1,31
1495770,附ける,1685,29,f46e144t29,gloss,minor,安置,使处于看守或医生照料之下,to place under guard or doctor 明确包含置于看守或医生照料之下，原译“安置”遗漏限定关系。,1,32
1495770,附ける,1685,30,f46e144t30,example,major,警官盯上了那个男人。,警察跟踪了那个男人。,日语つけた及英文followed表示实际跟踪，原译“盯上了”仅表示锁定目标，改变行为。,1,32
1495770,附ける,1685,46,f46e144t46,gloss,major,演奏附加乐器,靠（在对方棋子紧邻处落子）,围棋标签下 play an attachment 指靠着对方棋子落子，原译误作演奏乐器。,1,32
1495770,附ける,1685,48,f46e144t48,xref,major,③ 附加；接触演奏,③ 靠；紧贴对方棋子落子,该围棋 xref 的 contact play 是接触/靠着落子，原译“接触演奏”误解为音乐义。,1,32
1485350,飛び出す,1711,17,f45e471t17,note,minor,作为……を飛び出す,用于“……を飛び出す”,中文 note 不应保留“作为……を飛び出す”的日中混杂句式，应明确说明该句型用法。,1,32
1581930,弟,1727,5,f54e1530t5,gloss,major,弟媳（配偶的弟弟或妹妹的丈夫）,小舅子或妹夫（配偶的弟弟或妹妹的丈夫）,英文定义是配偶的弟弟或妹妹的丈夫，原译“弟媳”指弟弟的妻子，亲属关系相反。,1,32
1581930,弟,1727,6,f54e1530t6,xref,major,① 弟媳（配偶的弟弟或妹妹的丈夫）,① 小舅子或妹夫（配偶的弟弟或妹妹的丈夫）,xref 同样明确指配偶的弟弟或妹妹的丈夫，原译“弟媳”错指女性配偶。,1,32
1349480,承知,1746,10,f31e1845t10,example,major,好的。您的提议我已收到。,好的。我接受您的提议。,英文 accept your offer 及日语承知しました表示接受提议，原译“已收到”弱化并改变语义。,1,32
1318250,自体,1758,5,f28e1885t5,gloss,major,天然,自然地,naturally 是副词“自然地”，原译“天然”是形容词/名词且语义不符。,1,33
1318250,自体,1758,6,f28e1885t6,gloss,major,本性,天生地,by nature 表示天生、本性上，原译“本性”是名词，词性和义项均不对应。,1,33
1006810,そっと,1778,11,f1e1557t11,note,minor,作为“〜しておく”,用于“〜しておく”,note 说明句型 as 〜しておく，原译“作为”不自然且未表达用法。,1,33
2205240,その場,1788,7,f116e219t7,gloss,major,在那个地方,当场,on the spot 在此副词义为当场/立即，原译“在那个地方”误作地点义。,1,33
2205240,その場,1788,11,f116e219t11,note,minor,作为〜で,用于“〜で”,note as 〜で 是句型用法说明，原译“作为〜で”不通顺。,1,33
1409840,対応,1798,14,f37e1953t14,example,major,我怀着敌意，却受到了冷淡的回应。,我受到冷淡，甚至可以说是敌意的接待。,英文说明接待本身冷淡、近乎敌意，原译误写成“我怀着敌意”，改变了主客体关系。,1,33
1003400,きちんと,1822,3,f1e832t3,gloss,major,准时地,精确地,precisely 表示精确地，原译“准时地”对应 on time，发生语义混淆。,1,33
1630060,居場所,1842,3,f61e1053t3,example,minor,我怎么会知道他住在哪里呢。,我怎么会知道他在哪里呢。,whereabouts 表示所在位置，日语居場所也未限定居住；原译“住在哪里”增加了居住语义。,1,34
1982300,どうしようもない,1871,0,f93e1489t0,gloss,major,不知从何处,没办法,it cannot be helped 表示无可奈何/没办法，原译“不知从何处”完全不对应。,1,34
1982300,どうしようもない,1871,1,f93e1489t1,gloss,major,不知从何处,没有办法,there's nothing for it 表示没有办法，原译“不知从何处”错义。,1,34
1982300,どうしようもない,1871,2,f93e1489t2,gloss,major,不知从何处,反抗也没有用,it's no use fighting back 明确表示反抗也无济于事，原译“不知从何处”错义。,1,34
1982300,どうしようもない,1871,3,f93e1489t3,gloss,major,不知从何处,没有希望了,it's hopeless 应译为没有希望/无可救药，原译“不知从何处”错义。,1,34
1982300,どうしようもない,1871,4,f93e1489t4,gloss,major,不知从何处,无法摆脱这种情况,there is no way out of it 表示没有出路、无法摆脱，原译“不知从何处”错义。,1,34
1518320,あくまで,1890,9,f48e469t9,gloss,major,终究,必须记住的是,it must be remembered 是提醒“必须记住的是”，原译“终究”误作 after all 义。,1,34
1599590,何もかも,1898,2,f57e1754t2,example,major,一切都在表明他的罪行。,一切都表明他有罪。,英文 guilt 及日文 有罪 表示有罪状态或罪责，旧译‘罪行’指犯罪行为本身，语义不符。,1,35
1218770,悦んで,1916,3,f19e946t3,gloss,major,我很乐意接受您的邀请。,当然,该字段英文 certainly，应译为‘当然’；旧译误置为例句译文。,1,35
1218770,悦んで,1916,4,f19e946t4,example,major,喜悦,我很乐意接受您的邀请。,该字段是英文例句 I will be very happy to accept your invitation，旧译‘喜悦’是词义内容错位。,1,35
1206900,学生,1968,1,f18e586t1,example,major,半数学生休学了。,一半学生缺席了。,英文 absent 及日文 休んでいた 在此表示缺席，旧译‘休学’错误地表示暂停学业。,1,35
1493240,ふと,1973,1,f45e1735t1,gloss,major,偶然,随意地,casually 表示随意、不经意地，旧译‘偶然’混同 accidentally。,1,36
1493240,ふと,1973,2,f45e1735t2,gloss,major,意外地,偶然地,accidentally 表示偶然或无意中，旧译‘意外地’混同 unexpectedly。,1,36
2029070,なり,1977,8,f98e704t8,example,major,然而，一到城堡，我就被率领近卫兵的人勾引进了这座监狱。,然而，一到城堡，我就被近卫兵队长带进了这座监狱。,日文 勾引される 在此是被带走、押送之意，非中文‘勾引’；英文明确为 was thrown into this prison。,1,36
1982670,気持ち悪い,2022,7,f93e1541t7,example,minor,那个东西软绵绵的，真让人不舒服。,那个东西软绵绵的，真恶心！,英文 gross 及日文 気持ち悪い 表达强烈恶心感，旧译‘让人不舒服’程度明显不足。,1,36
1585650,筥,2037,13,f55e575t13,xref,minor,① 公共建筑；公共建筑,① 公共建筑；社区建筑,xref 英文分别为 public building 与 community building，旧译重复为‘公共建筑’，遗漏第二义。,1,36
1317490,自覚,2055,2,f28e1768t2,example,major,你必须自觉到自己的责任。,你应该意识到自己的责任。,awake to one's responsibilities 及日文 責任を自覚する 表示意识到、认识到责任，‘自觉到’不是自然且准确的中文搭配。,1,36
1431670,沈む,2073,3,f40e51t3,example,minor,简直就像是从沉船中逃出来的老鼠一样。,简直就像是从正在下沉的船中逃出来的老鼠一样。,英文 sinking ship 与日文 沈む船 表示正在下沉的船，旧译‘沉船’容易指已经沉没的船，时态状态不符。,1,37
1277480,好く,2093,3,f25e138t3,example,major,怀特先生大家都很喜欢他。,大家都喜欢怀特小姐。,英文明确为 Miss White，旧译把主语误作‘怀特先生’并重复宾语，句意和中文语法均错误。,1,37
1457730,中,2126,14,f42e1138t14,example,major,教堂在我的家和你的家之间。,教堂在我家和你家之间。,英文 between 与日文 私の家とあなたの家の中 表示两者之间，旧译‘之中’不准确。,1,37
2149640,お待たせしました,2143,0,f110e882t0,gloss,minor,谢谢您的等待,谢谢您等待。,thank you for waiting 应自然译为感谢对方等待，旧译‘谢谢您的等待’为不自然的直译。,1,37
1397450,組,2154,4,f36e1370t4,gloss,major,党,一行,该 sense 的 party 指一群人或一行人，非政治组织‘党’；日文 組 与例句一批游客也支持‘一行’。,1,38
1219190,基本,2177,3,f19e1015t3,gloss,major,地基,基础,英文 foundation 在基本、抽象意义下是‘基础’，旧译‘地基’缩窄为建筑物地基，和词义不符。,1,38
1473230,倍,2264,6,f44e58t6,gloss,major,第n次,n分之一,英文 1-nth 表示 1/n，旧译‘第n次’把分数误译成次数。,1,39
1473230,倍,2264,7,f44e58t7,gloss,major,从1到n,1比n,英文 1 to n 在倍数比例义中表示 1 比 n，旧译‘从1到n’误作区间。,1,39
1134370,メンバー,2268,4,f11e1061t4,example,minor,如果去保龄球，请把我从成员中排除在外。,如果去打保龄球，就别把我算上。,英文 Count me out 与日文 メンバーからはずしておいて 表示拒绝参加，旧译‘从成员中排除在外’生硬且缺少打保龄球动作。,1,39
1451760,同じく,2294,4,f41e1861t4,example,minor,我既不会飞，也同样不会游泳。,我既不会飞，也不会游泳。,英文 no more ... than ... 及日文 同じく表达并列否定，旧译‘也同样不会游泳’不自然。,1,39
1470910,把握,2314,5,f43e1598t5,example,minor,我把握到了那次演讲的要点。,我掌握了那次演讲的要点。,grasp the main points 应译为掌握要点，旧译‘把握到了’中文搭配不自然。,1,39
1289780,恨む,2331,4,f26e542t4,gloss,major,感到苦涩,对……感到怨恨,feel bitter towards 表示对某人怀有怨恨或愤懑，旧译‘感到苦涩’是将 bitter 直译为味觉。,1,40
2861075,メール,2378,1,f207e989t1,xref,critical,情妇,男性；男人；雄性,xref 英文为 male; man; male，旧译‘情妇’完全错义；该词头 メール 的相关义为男性。,1,40
1583640,夫婦,2392,2,f55e22t2,gloss,major,男人和女人,丈夫和妻子,man and wife 在该词条夫妇义中指丈夫和妻子，旧译‘男人和女人’遗漏婚姻关系。,1,40
1007070,それら,2407,3,f1e1637t3,example,major,那些的大小几乎相同。,它们的大小几乎相同。,英文 Their sizes 与日文 それらの大きさ 指代前述事物，旧译‘那些的大小’中文结构错误。,1,40
1536000,訪う,2434,11,f49e1639t11,example,major,我不问你的种族、年龄和宗教。,我不在意你的种族、年龄和宗教。,日文問いません在否定式中表示不在意；旧译‘不问’误解了 care about。,1,41
1589580,降ろす,2445,19,f56e40t19,gloss,major,去鳞（鱼）,剖鱼取肉,fillet fish 是剖鱼取肉/切鱼片，旧译‘去鳞’不是该动作。,1,41
1589580,降ろす,2445,23,f56e40t23,gloss,major,驱逐,罢免,remove someone from a position / oust 指罢免职务，旧译‘驱逐’改变了对象和语义。,1,41
1516260,崩す,2547,11,f48e61t11,gloss,major,找零,把钞票换开,break a bill 指把大面额钞票换成零钱，旧译‘找零’不完整且方向不明。,1,42
1516260,崩す,2547,15,f48e61t15,example,major,请给我找一下1000日元纸币。,请把一张1000日元纸币换开。,"例句 ask to break a 1,000 yen note，应表达换开纸币；旧译‘找一下纸币’误解 break。",1,42
1499150,舞台,2595,12,f46e851t12,gloss,major,阶段,舞台,political stage 的 stage 是政治舞台/领域，旧译‘阶段’误解为时间阶段。,1,43
1202260,皆様,2609,1,f17e1717t1,example,major,也请多多关照各位。,向您和您的家人致以最美好的祝愿。,My best wishes to you and yours 是向您及家人致意祝愿，旧译‘请多多关照’完全改变语气和含义。,1,43
1259830,見送る,2627,15,f23e1018t15,example,minor,晋升被搁置的女性没有工作的动力。,晋升被搁置后，她没有工作的动力。,日文和英文指晋升被搁置/拒绝后的女性；旧译名词短语生硬且缺少后续因果关系。,1,43
1324960,主,2664,0,f29e1325t0,gloss,major,（家庭等的）头,（家庭等的）户主,head of a household 是户主/一家之主，旧译‘头’不构成可用中文释义。,1,43
1055000,サービス,2682,5,f5e1289t5,example,major,那家店的优质服务。,那家店提供优质服务。,英文 gives good service 是完整谓语句，旧译为名词短语且遗漏‘提供’。,1,43
1333400,蹴る,2689,7,f30e973t7,gloss,major,用力踩（脚）,用力抵住（某物）,firmly press one's feet against something 是用脚用力抵住某物，旧译‘用力踩（脚）’遗漏 against 对象。,1,44
1259660,見捨てる,2713,1,f23e981t1,gloss,major,失败,辜负,to fail someone 表示辜负某人，不能译为‘失败’这一不及物结果。,1,44
1484370,被害者,2745,2,f45e292t2,gloss,major,受灾者,受苦者,sufferer 是受苦者/受难者，旧译‘受灾者’无依据地限定为灾害受害者。,1,44
1324350,若者,2780,4,f29e1219t4,example,major,年轻人本来就会对父母的想法产生反感。,年轻人本来就会反抗父母。,rebel against parents 是反抗父母，旧译仅说对父母想法反感，弱化并改变了动作。,1,44
1471650,馬鹿にする,2796,3,f43e1730t3,example,major,我被嘲笑了。,他们在戏弄我。,making a fool of me 是戏弄/愚弄我，旧译‘我被嘲笑了’遗漏 make a fool of 的具体含义。,1,45
1586600,アホ,2806,3,f55e968t3,example,major,别多帖，笨蛋。,别重复发帖，笨蛋。,multi-post 是重复发帖，旧译‘多帖’不是自然或明确的中文表达。,1,45
1584100,方々,2840,4,f55e146t4,example,major,能贵社的各位社员，我感到非常高兴。,能与贵公司的许多员工见面，我感到非常高兴。,英文和日文表达见到贵公司许多同事的喜悦，旧译‘能贵社的各位社员’缺少谓语且不通顺。,1,45
1600400,飲み込む,2881,10,f58e54t10,gloss,minor,吞下,吞噬,engulf / swallow up 的比喻义是吞噬、吞没，旧译‘吞下’偏向字面吞咽。,1,46
1352570,上る,2999,6,f32e488t6,example,minor,那时太阳正在升起。,那时太阳正要升起。,日语“のぼるところだった”表示即将升起，旧译“正在升起”改变了时态。,1,47
1605320,漏らす,3019,23,f58e1997t23,note,major,健棒,接在动词ます形词干后,英文说明是接在动词ます形词干后，旧译“健棒”明显不是该字段的翻译。,1,47
1376910,正義,3027,2,f34e1250t2,gloss,major,义理,正义,righteousness 指正义/正直，旧译“义理”是义务人情义理，义项错误。,1,47
1241750,スジ,3030,29,f21e1357t29,gloss,minor,逻辑手,合理的一手,围棋/将棋语境中的 logical move 是合理的一手，旧译“逻辑手”不符合中文棋类术语。,1,47
1335590,獣,3054,3,f30e1404t3,example,minor,世界上，许多国家将猎杀鹿、驼鹿、雉鸡等野性兽视为违法。,世界上许多地方，猎杀鹿、驼鹿或雉鸡等野生猎物属于违法行为。,wild game 指可猎捕的野生动物/猎物，旧译“野性兽”不自然且不准确。,1,48
1440670,店員,3083,2,f40e1661t2,gloss,minor,职员,店员,该词头义项限定为商店员工，clerk 在此应译为店员，旧译“职员”过泛。,1,48
1429180,調子に乗る,3112,5,f39e1627t5,example,minor,别得意忘形，去冒险啊。,别得意忘形去冒险啊。,日语是禁止因得意忘形而冒险，旧译标点使“去冒险”像另一个并列祈使。,1,48
1305420,仕方がない,3139,1,f27e1503t1,example,major,与其等他，不如……（注：此处日语原文“彼を待つより仕方がない”意为“除了等他别无选择/只能等他”，译文应体现“只能”之意，如“除了等他，别无选择。”）,除了等他，别无选择。,例句译文混入了审校说明，未给出日语“只能等他”的正常译文。,1,48
1305420,仕方がない,3139,12,f27e1503t12,gloss,major,徒劳,不足,insufficient 的义项是数量或程度不够，旧译“徒劳”表示无效，义项错误。,1,48
1305420,仕方がない,3139,13,f27e1503t13,gloss,major,徒劳,不够,not enough 指不够，旧译“徒劳”改变了含义。,1,48
1305420,仕方がない,3139,24,f27e1503t24,gloss,minor,忍不住,渴望（做）,dying to do 表示非常想做/渴望做，旧译“忍不住”不是该义项的核心含义。,1,48
1493700,不足,3152,8,f45e1821t8,gloss,minor,不满足,不满,discontent 作名词指不满情绪，旧译“不满足”不自然且与英文词性不符。,1,49
1240530,珠,3268,27,f21e1092t27,example,minor,艰难使你成为玉。,逆境使人成才，而非致富。,"英文例句明确是 adversity makes a man wise, not rich，旧译“艰难使你成为玉”不成中文且遗漏 wise/not rich 对比。",1,50
1240530,玉,3271,27,f21e1090t27,example,minor,艰难使你成为宝石。,逆境使人成才，而非致富。,"同一日语谚语的英文约束为 adversity makes a man wise, not rich，旧译“成为宝石”误解了比喻。",1,50
2864818,挙げる,3312,9,f211e191t9,example,minor,鼓起全部力量战斗。,用尽全力战斗。,例句 Fight with all your might 应译为用尽全力战斗，旧译“鼓起全部力量”不自然。,1,50
1589840,係,3373,0,f56e133t0,gloss,minor,负责,职责,charge 在该名词义项中指职责/主管事务，旧译“负责”是动词，词性不符。,1,51
1208870,叶う,3396,2,f18e1046t2,gloss,major,满足,得以实现,be fulfilled（梦想、愿望等）表示实现，旧译“满足”把被实现误作使人满足。,1,51
1605870,良く,3461,12,f59e211t12,example,major,杰克，谢谢你来了。,杰克，很高兴你来了！,日语“よく来てくれたね”是欢迎/感谢对方来访，英文为 You're welcome 的语境译文应表达高兴对方到来，旧译“谢谢你来了”语气方向错误。,1,52
1207610,懸ける,3466,41,f18e787t41,gloss,minor,乘法（算术运算）,相乘（算术运算）,to multiply 是动词，旧译“乘法”是名词。,1,52
1207610,懸ける,3466,54,f18e787t54,gloss,minor,赌注,下注,to wager 是下注的动词，旧译“赌注”是名词。,1,52
1207610,懸ける,3466,55,f18e787t55,gloss,minor,赌注,下注,to bet 是下注的动词，旧译“赌注”是名词。,1,52
1207610,懸ける,3466,57,f18e787t57,gloss,minor,赌注,押上赌注,to stake 是押上赌注的动词，旧译“赌注”缺少动作含义。,1,52
1207610,懸ける,3466,59,f18e787t59,xref,minor,赌注；赌注；冒险；赌注；赌博,下注；下注；冒险；押上赌注；赌博,交叉引用逐项对应 wager/bet/risk/stake/gamble，旧译将多个动词误作名词“赌注”。,1,52
1511810,片方,3501,4,f47e1231t4,example,major,这只鞋的另一只在哪里？,这只袜子的另一只在哪里？,日语明确是靴下（袜子），旧译误写成鞋。,1,52
1425050,中途半端,3518,1,f39e859t1,gloss,major,半途而废,敷衍了事,half measures 指不彻底的做法/敷衍了事，旧译“半途而废”是中途放弃。,1,52
1425050,中途半端,3518,4,f39e859t4,gloss,minor,半途,草草了事,by halves 指做得不完整、不充分，旧译“半途”不是自然中文释义。,1,52
1425050,中途半端,3518,5,f39e859t5,gloss,minor,半途而废,半吊子的,half-baked 指不成熟/半吊子，旧译“半途而废”改变了含义。,1,52
1425050,中途半端,3518,6,f39e859t6,gloss,minor,半途而废,轻率的,half-cocked 指仓促草率/准备不充分，旧译“半途而废”不对应。,1,52
1570620,罠,3554,1,f53e530t1,gloss,minor,捕兽网,套索,snare 指捕兽用的套索陷阱，不是捕兽网。,1,53
1571320,舐める,3572,14,f53e671t14,note,major,也写作“なめる”和“むげる”,也写作“ナメる”和“無礼る”,原文列出的是日语写法ナメる和無礼る，旧译把第二个写法误写成了中文读音“むげる”。,1,53
1228230,吸い込む,3598,1,f20e864t1,gloss,minor,呼吸,吸气,to breathe in 的义项是吸气，旧译“呼吸”过于泛化。,1,53
1140590,リーダー,3603,0,f11e1914t0,gloss,major,引导符,领导者,sense 1 的 leader 指领导者；“引导符”是印刷 sense 的译法，错配了义项。,1,53
1477120,発,3618,8,f44e852t8,gloss,minor,（飞机）发动机计数,（飞机发动机的）量词,発在此为计数词，counter for engines 应译为发动机的量词。,1,54
1477120,発,3618,9,f44e852t9,gloss,minor,（枪声、气体爆发等）计数,（枪声、气体爆发等的）量词,counter for gunshots/bursts 是量词，不是“计数”。,1,54
1477120,発,3618,10,f44e852t10,gloss,minor,（子弹、炸弹等）计数,（子弹、炸弹等的）量词,counter for bullets/bombs 应说明为量词。,1,54
1477120,発,3618,11,f44e852t11,gloss,minor,（拳打等）计数,（拳打等的）量词,counter for blows 应译为拳打等的量词。,1,54
1477120,発,3618,12,f44e852t12,gloss,minor,（笑话、双关语等）计数,（笑话、双关语等的）量词,counter for jokes/puns 应译为量词。,1,54
1477120,発,3618,13,f44e852t13,gloss,minor,（想法、念头或猜测）计数,（想法、念头或猜测的）量词,counter for ideas/thoughts/guesses 应译为量词。,1,54
1477120,発,3618,15,f44e852t15,gloss,minor,（射精或性交）计数,（射精或性交的）量词,counter for ejaculations/intercourse 应译为量词。,1,54
1366210,針,3631,4,f33e1316t4,example,major,一条奇怪的鱼钩在钩上。,一条奇怪的鱼上钩了。,針にかかっている表示鱼已上钩，旧译“鱼钩在钩上”主客体错误。,1,54
1175300,越す,3646,1,f15e427t1,gloss,minor,横渡,横越,go across 是泛指横越，旧译“横渡”不必要地限定为水域。,1,54
1478780,半ば,3652,4,f44e1283t4,example,major,她在四十多岁半的时候再婚了。,她在四十五岁左右再婚了。,mid-forties 指四十五岁左右，旧译“在四十多岁半”不通且误义。,1,54
1421590,恥,3694,3,f39e283t3,example,major,知道耻辱。,要知耻！,辱を知れ是命令“要知耻”，旧译“知道耻辱”缺少命令语气且不通。,1,54
1241850,緊急,3700,1,f21e1372t1,gloss,major,急迫,紧急情况,emergency 指紧急情况，旧译“急迫”是形容状态，未表达该名词义。,1,54
1403760,促す,3729,5,f37e851t5,example,minor,他催促她小心驾驶。,他劝她小心驾驶。,urge her to drive carefully 是劝她小心驾驶，旧译“催促”带有催快之意。,1,55
1448780,当り,3788,1,f41e1286t1,example,major,钓了几次，但鱼钩上没有钓到鱼。,有几次咬钩，但没钓到鱼。,当たりはあった表示有鱼咬钩，旧译把鱼钩作为主语，句意不通。,1,55
1012320,むかつく,3808,3,f2e669t3,example,minor,看到这张照片就感到烦恼。,看到这张照片就感到恶心。,EN 的 with disgust 及日语むかつく在此表示恶心/反感，旧译“烦恼”不合语境。,1,55
1259370,見下ろす,3810,5,f23e924t5,gloss,major,俯视,看不起,sense 2 的 look down on 是鄙视他人，旧译“俯视”误作物理方向。,1,55
2843595,デュース,3865,0,f190e1994t0,gloss,critical,双打,平分,deuce（网球等）指平分，旧译“双打”是 doubles 的误译。,1,56
1458550,内心,3971,4,f42e1391t4,example,minor,政治家绝不会透露内心。,政治家绝不会透露内心想法。,inner thoughts 是内心想法，旧译“透露内心”缺少宾语且不自然。,1,57
1266280,呼び掛ける,4059,3,f24e195t3,example,major,我听到远处有人在向我打招呼。,我听到远处有人在呼唤我。,calling me 表示呼唤我，旧译“向我打招呼”改变了动作。,1,58
1196670,吾,4069,6,f17e526t6,example,major,彼也是人，我也是人。,他也是人，我也是人。,原译残留日文汉字“彼”，应译为中文“他”。,1,58
1658430,持ち帰る,4115,3,f64e585t3,gloss,minor,外卖（如食物）,带走（如食物）,to take out (e.g. food) 指把食物带走，旧译“外卖”是名词且改变了动作。,1,58
1612650,ひし,4129,2,f59e1980t2,gloss,minor,某事或某事,各种事情,one thing or another 应为各种事情，旧译“某事或某事”重复且不通。,1,58
1305720,遣い,4134,2,f27e1568t2,gloss,major,出差,去办事,going on an errand 是去办事，旧译“出差”误指商务出行。,1,58
1305720,遣い,4134,3,f27e1568t3,example,major,出差途中，请勿耽搁。,办事途中，请勿耽搁。,例句中的使い指办事/差事，旧译“出差途中”误将其译为商务出差。,1,58
1305720,遣い,4134,9,f27e1568t9,xref,major,使魔；使役,使魔；使魔,familiar spirit; familiar 在此均指使魔，旧译第二项“使役”是术语误解。,1,58
1519170,帽子,4165,4,f48e590t4,note,major,通常写作“ぼうし”,通常写作“ボウシ”,EN 原文是 usu. ボウシ，指通常用片假名写作ボウシ；旧译误写成平假名。,1,59
1565480,嗅ぐ,4213,0,f52e1489t0,gloss,major,闻,嗅,to sniff 对应嗅闻；旧译‘闻’与 t1 的 to smell 对调。,1,59
1565480,嗅ぐ,4213,1,f52e1489t1,gloss,major,嗅,闻,to smell 对应闻；旧译‘嗅’与 t0 的 to sniff 对调。,1,59
1379820,盛大,4237,7,f34e1810t7,example,minor,我叹了一口大气的同时，把面包重重地放在桌子上，然后重重地坐在了椅子上。,我一边长长地叹了口气，一边把面包重重地放在桌上，然后重重地坐到椅子上。,JA 盛大な溜息是长长的叹息，旧译‘叹了一口大气’不合中文习惯且漏出动作语气。,1,59
1206570,学園,4267,4,f18e496t4,example,major,“学校走廊里，浓吻场景……我都听到了！”“才不是浓吻呢！那是夸大其词……”,“学校走廊里，热烈的吻戏……我都听说了！”“才不是什么热烈的吻戏呢！那是夸大其词……”,濃厚なキスシーン是热烈/激情的吻戏，旧译‘浓吻场景’不通顺且误解 scene。,1,60
1281490,荒れる,4274,4,f25e836t4,gloss,minor,变得荒芜,变得荒废,to become neglected 与荒废对应，旧译‘变得荒芜’和其他 sense 混同。,1,60
1281490,荒れる,4274,5,f25e836t5,gloss,minor,变得荒芜,变得破败,to become dilapidated 指变得破败，旧译‘变得荒芜’未表达破旧失修。,1,60
1281490,荒れる,4274,6,f25e836t6,example,minor,通往村庄的道路非常荒芜。,通往村庄的道路非常崎岖不平。,JA 荒れています及 EN rough 描写道路状况差，‘荒芜’用于道路不自然。,1,60
1747960,あくまでも,4313,7,f72e1942t7,example,major,天空始终是蓝色的。,天空蓝得不能再蓝。,JA あくまでも青い及 EN as blue as blue can be 是极度湛蓝，旧译‘始终是蓝色的’误成持续时间义。,1,60
1281720,行き先,4345,3,f25e876t3,example,minor,您知道他的去向地址吗？,您知道目的地的地址吗？,行き先の住所是目的地的地址，旧译‘去向地址’搭配不当。,1,60
1168910,引き継ぐ,4358,5,f14e1030t5,example,major,我的儿子大概会继承这份工作。,接手这份工作,take over the job 指接手工作，旧译‘继承这份工作’误作继承财产/传统。,1,60
1345640,除く,4362,7,f31e1166t7,gloss,major,留出,不包括,leave out 指不包括/遗漏，旧译‘留出’改变了方向。,1,60
1328120,手遅れ,4399,0,f29e1942t0,gloss,major,迟误,为时已晚,being too late 对应为时已晚，旧译‘迟误’不是该状态义。,1,61
1358760,尻,4404,1,f32e1660t1,gloss,major,屁股,后面,sense 的 EN behind 是后面，旧译‘屁股’与 t0 buttocks 混淆。,1,61
1310300,支払う,4468,1,f28e336t1,note,major,“支”是音读汉字,“支”是借字（当て字）,支 is ateji 指借字/当て字，旧译‘音读汉字’错误解释了术语。,1,61
1365810,身分,4472,4,f33e1255t4,example,minor,他是身份高的人。,他是社会地位很高的人。,high social status 需明确社会地位，旧译‘身份高的人’搭配生硬且范围偏移。,1,61
1036930,カウンター,4495,2,f4e566t2,example,major,当计数器的值达到指定的“整数”时，显示祝贺信息。,当计数器的值达到指定的“纪念号码”时，显示祝贺信息。,日语キリ番指网页计数器的整号/纪念号码，旧译‘整数’误为数学术语。,1,62
1714490,何らか,4530,2,f69e1926t2,gloss,minor,以某种方式,以任何方式,in any way 应为‘以任何方式’，旧译‘以某种方式’缩窄了 any。,1,62
2861508,パス,4584,3,f207e1843t3,example,minor,这里说明关于文字和路径的轮廓的作成。,这里说明文字和路径轮廓的创建方法。,EN/JA 是文字和路径轮廓的创建，旧译‘轮廓的作成’中文不通顺。,1,62
1456850,突きつける,4610,5,f42e867t5,gloss,major,出示,以（证据、事实等）与某人对质,to confront someone with evidence/facts 是拿证据或事实与某人对质，旧译‘出示’遗漏对象关系。,1,63
1288500,惚れる,4613,4,f26e315t4,example,minor,比尔似乎对玛丽一见钟情。,比尔似乎迷上了玛丽。,stuck on Mary 表示迷上/着迷，不含一见钟情这一时间限定。,1,63
1288500,惚れる,4613,8,f26e315t8,gloss,major,被吸引,留下深刻印象,to be impressed by 指留下深刻印象，旧译‘被吸引’与 attraction sense 混淆。,1,63
1006140,すっと,4659,5,f1e1425t5,example,minor,他在那儿迅速套上了衬衫。,他在那儿迅速套上了那件花哨的衬衫。,EN gaudy shirt 明确包含花哨这一修饰，旧译漏译。,1,63
1006140,スッと,4660,5,f1e1426t5,example,minor,他在那旁边迅速穿上了衬衫。,他在那旁边迅速穿上了那件花哨的衬衫。,EN gaudy shirt 明确包含花哨这一修饰，旧译漏译。,1,63
1559140,練る,4676,2,f52e160t2,example,major,请把我的心和想法揉捏得清澈一些。,请磨炼并净化我的内心和思想。,心と思いを練り清める是磨炼并净化内心和思想，旧译‘揉捏得清澈’错义且不通。,1,63
1029150,エッチ,4710,19,f3e1402t19,xref,minor,② 洞；杯,② 球洞；洞杯,golf 的 hole/cup 指球洞和洞杯，旧译‘洞；杯’过泛。,1,63
2834138,思いきり,4732,9,f181e1825t9,example,major,我想尽情工作。,我想尽力工作。,to the best of my ability 指尽力/竭尽所能，旧译‘尽情工作’误成享受式动作。,1,64
1231490,牛,4793,8,f20e1504t8,example,major,牛肉,在日本，牛肉的霜降纹理很丰富。,EN/JA 说明日本牛肉有较高程度的大理石纹脂肪，旧译仅‘牛肉’漏掉完整信息。,1,64
1231490,牛,4793,9,f20e1504t9,xref,critical,中国北方天空的“牛”星宿（二十八宿之一）,牛肉,该 xref EN 是 beef，旧译却填入牛宿释义，字段对应错位。,1,64
1231490,牛,4793,10,f20e1504t10,gloss,critical,北方天空的七宿（中国星座）,中国“牛”星宿（二十八宿之一）,EN 是 Chinese Ox constellation，旧译填成北方七宿，误配了另一 xref。,1,64
1231490,牛,4793,12,f20e1504t12,xref,critical,牛（Bos taurus）,② 北方天空的七宿（中国星宿）,EN 是 northern heavens 的 seven mansions，旧译却填入牛（Bos taurus），与源文完全不符。,1,64
2009980,やらかす,4808,4,f96e1275t4,example,minor,丹是个完全脱轨的家伙。接下来他会搞什么，完全无法预测。,丹这个人完全不正常。接下来他会搞什么，完全无法预测。,off the wall 指古怪/不正常，旧译‘脱轨的家伙’不自然且不忠实。,1,64
1513940,保存,4812,4,f47e1639t4,example,minor,我们应该保存乡村的美丽。,我们应该保护乡村的美景。,preserve the beauties of the countryside 应为保护乡村美景，旧译‘保存美丽’搭配不当。,1,64
2838589,無理をする,4864,0,f186e557t0,gloss,major,勉强,过度劳累,无理をする的 work too hard 是过度劳累，旧译‘勉强’未表达过度用力。,1,65
2838589,無理をする,4864,1,f186e557t1,gloss,major,勉强,过分努力,try too hard 应为过分努力，旧译‘勉强’义项不准确。,1,65
2838589,無理をする,4864,2,f186e557t2,gloss,major,勉强,使自己过度劳累,strain oneself 表示使自己过度劳累，旧译‘勉强’遗漏受事和程度。,1,65
2838589,無理をする,4864,3,f186e557t3,gloss,major,勉强,做过头,overdo it 表示做得过头，旧译‘勉强’错义。,1,65
2838589,無理をする,4864,4,f186e557t4,gloss,major,勉强,做得过头,go too far 在该短语义项中表示做得过头，旧译‘勉强’不对应。,1,65
1594100,仕掛,4901,2,f56e1724t2,gloss,minor,机械,机制,仕掛的 mechanism 是机制，旧译‘机械’指机器，词义不符。,1,65
2850932,気持ちよく,5157,5,f197e1441t5,gloss,minor,readily,欣然地,气持ちよく的 willingly/readily 应译为欣然地，旧译残留英文 readily。,1,67
1357550,職人,5442,2,f32e1435t2,gloss,major,商人,工匠,職人的 tradesman 指从事手艺行业的工匠，旧译‘商人’误解为merchant。,1,70
2027080,べきではない,5455,1,f98e339t1,gloss,minor,必须不,不得,べきではない的 must not 应译为不得，旧译‘必须不’不符合简体中文表达。,1,70
2827352,堪える,5526,4,f175e663t4,xref,minor,① 忍受；坚持；忍耐；忍受,① 忍受；承受；忍耐；忍受,xref 中 to stand 在堪える义项中应为承受，与同组 t1 对应；旧译‘坚持’偏离。,1,70
1387640,先行,5561,10,f35e1544t10,gloss,major,领跑者,跟随领先马匹的赛马,赛马术语 stalker 指跟随领先马匹的赛马，旧译‘领跑者’方向相反。,1,70
2435520,ならともかく,5607,0,f137e203t0,gloss,major,如果是……的话,……还另当别论,ならともかく表示‘如果是……还另当别论’，原译仅有条件部分，遗漏转折限定。,1,71
2435520,ならともかく,5607,1,f137e203t1,gloss,major,如果是……的话,……还另当别论,ならともかく表示‘如果是……还另当别论’，原译仅有条件部分，遗漏转折限定。,1,71
1419270,団体,5635,1,f38e1851t1,gloss,major,政党,一行,本 sense 与 group/team 同列，party 指一群同行者，不是政治组织‘政党’。,1,71
1207590,掛かる,5644,1,f18e778t1,example,minor,收集那么多硬币花了多少年月？,收集那么多硬币花了多长时间？,どれだけの年月がかかりましたか询问耗时，原译‘多少年月’中文不通顺且误作年月数量。,1,71
2185560,あとを追う,5669,3,f114e23t3,gloss,minor,追跑,追赶,run after 的常用中文义为追赶，原译‘追跑’不自然。,1,72
1167650,逸らす,5676,5,f14e748t5,example,major,请不要让我分心于工作。,请不要让我在工作上分心。,気を仕事からそらさないで表示不要使我从工作上分心，原译‘分心于工作’方向相反。,1,72
1148850,ワイン,5745,1,f12e1107t1,example,critical,哪一个；哪种,为什么不尝尝那美味的葡萄酒？,例句日文明确是在询问为何不喝美味葡萄酒，原译‘哪一个；哪种’完全错义。,1,72
1456040,独立,5756,2,f42e532t2,gloss,minor,自给自足,自食其力,supporting oneself 指自食其力，原译‘自给自足’偏向物资独立。,1,72
1357670,色気,5760,10,f32e1452t10,gloss,major,性感情,性冲动,sexual feelings 是性冲动/性欲，原译‘性感情’为不通的直译。,1,72
1853990,相談に乗る,5849,1,f83e1649t1,gloss,minor,劝谏,提供咨询,相談に乗る的 counsel 是提供咨询/建议，原译‘劝谏’带有规劝训诫义，不合一般语境。,1,73
1956650,団,5943,1,f91e1094t1,gloss,major,部队,团体,団作后缀的 body 是团体/组织，原译‘部队’无军事依据。,1,74
1956650,団,5943,2,f91e1094t2,gloss,major,党,一伙人,団的 party 指一群人/一伙人，原译‘党’误导为政党。,1,74
1358010,触れ合う,6035,2,f32e1515t2,gloss,minor,偶遇,有过接触,have a brush with 表示短暂接触或遭遇，原译‘偶遇’过窄且遗漏接触语义。,1,74
1113780,ブラック,6073,10,f9e1980t10,gloss,major,黑脸角色,粗体字,heavy-faced type 指粗体字/粗黑字体，原译‘黑脸角色’误解为表演术语。,1,75
1258130,権限,6098,3,f23e637t3,example,minor,你凭什么权限让我出去？,你凭什么权力叫我出去？,何の権限で表示凭什么权力/权限，中文例句用‘权力’更自然；原译‘凭什么权限’搭配不通。,1,75
1226160,議論,6151,0,f20e531t0,gloss,major,论据,争论,議論的 argument 指争论/论证，不是作为证据的‘论据’。,1,75
1226160,議論,6151,4,f20e531t4,example,major,那个论据漏洞百出。,那番论证漏洞百出。,その議論指整套论证或争论，原译把对象错成单个论据。,1,75
1851760,振り絞る,6183,4,f83e1157t4,gloss,major,嘶声力竭,竭力发声,strain one's voice 指竭力发声/喊破嗓子，原译‘嘶声力竭’词序和搭配均不通。,1,76
1357160,飾り,6196,3,f32e1372t3,example,major,请用装饰胶带把那个箱子捆好。,请用装饰胶带装饰那个箱子。,Do up the box with decorative tape 是用装饰胶带装饰箱子，原译‘捆好’改变了动作。,1,76
1075040,センター,6338,3,f7e242t3,gloss,major,中野手,中外野手,baseball 的 center fielder 是中外野手，原译漏掉了外野。,1,77
2856506,リード,6356,1,f203e84t1,example,critical,保姆,双簧管演奏者中，有些人不是去寻找适合自己的簧片，而是觉得自己制作更快，于是就自己制作簧片。,日文リード及英文 reed 指乐器簧片；例句原译误成与语境无关的‘保姆’，需按日文完整翻译。,1,77
1309700,指揮,6429,5,f28e249t5,example,major,指挥指挥管弦乐队。,指挥家指挥管弦乐队。,英文 conductor directs an orchestra，原译‘指挥指挥’重复且缺少指挥家这一主语。,1,77
1281480,荒らす,6454,6,f25e834t6,example,major,他们侵入了我的果园。,他们糟蹋了我的果园。,荒らす在此表示糟蹋、破坏果园，原译‘侵入’遗漏了破坏含义。,1,78
1337370,祝い,6470,4,f30e1681t4,example,major,我为他的毕业祝贺发去了电报。,我发电报祝贺他毕业。,日文表示为他的毕业庆贺而发电报，原译语序生硬且将祝贺误作名词修饰。,1,78
1415870,沢山,6521,8,f38e1063t8,example,major,爸爸能用烟圈吹出很多圈。,爸爸能用烟吹出很多烟圈。,日文与英文均指吹出许多烟圈，原译‘用烟圈吹出很多圈’主客体颠倒。,1,78
1583180,半日,6553,1,f54e1894t1,example,major,有半日 tour 吗？,有半日游吗？,原译残留英文 tour；日文半日のツアー应译为半日游。,1,78
1382990,積もる,6592,2,f35e554t2,example,major,积尘成山。,积少成多。,英文谚语和日文均表达积少成多，原译‘积尘成山’不符合中文常用表达。,1,79
1552110,流し込む,6605,5,f51e790t5,example,major,页面加载完成后，将更新信息注入页面内 prototype.js,页面加载完成后，prototype.js 会将更新信息注入页面。,原译将 prototype.js 错置句末且主语关系不清，需按日文重组。,1,79
1855750,身を護る,6624,2,f83e1995t2,example,major,我们从危险中保护了自己。,我们保护自己免受危险。,から表示防御对象，原译‘从危险中保护’搭配不当。,1,79
1259510,見計らう,6667,1,f23e953t1,example,major,这些商品是样品。,这些商品可以先试用再决定是否购买。,on approval 指先试用、满意后购买，原译‘是样品’错义。,1,79
1256520,兼ねる,6684,0,f23e295t0,gloss,critical,健忘,无法,兼ねる后缀义为无法、难以，原译‘健忘’完全错误。,1,79
1256520,兼ねる,6684,1,f23e295t1,gloss,critical,健忘症,难以（做某事）,英文 find difficult to do，原译完全错误。,1,79
1256520,兼ねる,6684,2,f23e295t2,note,critical,健棒,接在动词ます形词干后,说明语义为接在动词ます形词干后，原译‘健棒’为乱码错义。,1,79
1256520,兼ねる,6684,3,f23e295t3,example,critical,健啖,因为情况如此，很遗憾我无法接受您的盛情邀请。,例句应表达因情况所限无法接受邀请，原译‘健啖’完全错误。,1,79
1256520,兼ねる,6684,4,f23e295t4,xref,critical,健啖家,很可能……；不难……；可能……；也许……；可以……；不会犹豫……,xref 对应兼ねる的可能性与不犹豫等义，原译‘健啖家’完全错误。,1,79
1256520,兼ねる,6684,5,f23e295t5,gloss,critical,兼,兼任两种以上职能或角色,serve two or more functions or roles simultaneously，原译仅‘兼’信息缺失。,1,79
1256520,兼ねる,6684,6,f23e295t6,gloss,critical,兼す,兼具（两种以上特征）,contain or combine two or more features，原译‘兼す’为错误残留。,1,79
1256520,兼ねる,6684,7,f23e295t7,example,critical,兼ねる,今天我进城买东西，顺便替奶奶跑腿。,例句表达买东西兼替奶奶跑腿，原译‘兼ねる’未翻译。,1,79
1256520,兼ねる,6684,8,f23e295t8,example,critical,兼ね合い,我想找一份能兼顾学习和娱乐的工作。,例句表达兼顾学习和娱乐，原译‘兼ね合い’为错误残留。,1,79
1256520,兼ねる,6684,9,f23e295t9,gloss,critical,兼合い,同时从事两份以上工作（职位等）,英文明确为同时担任多个工作，原译‘兼合い’完全错误。,1,79
1256520,兼ねる,6684,10,f23e295t10,gloss,critical,兼ね仕える,兼做,to do alongside 应译为兼做，原译‘兼ね仕える’为错误残留。,1,79
1256520,兼ねる,6684,11,f23e295t11,gloss,critical,兼ね備える,碍于顾虑他人而不便做某事,hesitate out of consideration for others，原译‘兼ね備える’完全错误。,1,79
1256520,兼ねる,6684,12,f23e295t12,gloss,critical,兼ね役,兼顾将来（以及现在）,think of the future as well as the present，原译‘兼ね役’完全错误。,1,79
1606280,諒承,6818,5,f59e374t5,example,major,我们已确认您关于此事的请求。,我们已接受您关于此事的请求。,英文 accepted 及日文了承します表示接受请求，原译‘确认请求’语义偏差。,1,80
1603510,干す,6830,8,f58e1287t8,example,major,为什么中途突然被剥夺了职务呢？,为什么他中途突然被从队里除名了？,日文及英文指运动队中途被弃用/除名，原译‘被剥夺了职务’不合语境。,1,80
1447740,東京都,6837,0,f41e1096t0,gloss,major,东京都（府）,东京都（都）,Tokyo Metropolis 是东京都，括注应为都；原译‘府’为行政区划错误。,1,80
2210240,どうしたって,6890,3,f116e1192t3,example,major,很抱歉，但这无论如何都是不合理的。,很抱歉，但无论如何都不可能。,日文无理表示不可能，原译‘不合理’错义。,1,81
1166120,一秒,6895,1,f14e502t1,example,major,每秒才六便斯呢。,每秒才六便士呢。,pence 的规范中文为便士，原译‘便斯’为错误译名。,1,81
1169180,引き戻す,6896,2,f14e1108t2,example,major,再次被残酷的现实拉回现实。,这让我再次回到残酷的现实。,bring me down to earth 表示使我回到现实，原译‘拉回现实’重复且主语不自然。,1,81
1407140,他者,6931,2,f37e1400t2,example,major,我们每个人都内心深处都渴望与他人融为一体。,我们每个人内心深处都渴望与他人融为一体。,原译‘我们每个人都内心深处’语序错误，需修正为通顺中文。,1,81
1391020,洗濯物,6956,2,f36e271t2,example,major,我的洗衣物该放在哪里？,我的脏衣服该放在哪里？,洗濯物在此指待洗衣物，原译‘我的洗衣物’不通顺。,1,81
1456830,突き飛ばす,6982,0,f42e860t0,gloss,major,刺向,推开,to thrust away 表示推开，原译‘刺向’方向相反。,1,82
1456830,突き飛ばす,6982,1,f42e860t1,gloss,major,刺向,击飞,to send flying 表示击飞，原译‘刺向’错义。,1,82
1389410,占い,7015,1,f35e1829t1,gloss,major,占星术,占卜,divination 是占卜，原译‘占星术’范围过窄。,1,82
1389410,占い,7015,4,f35e1829t4,gloss,major,占星术师,占卜师,diviner 是占卜师，原译‘占星术师’错义。,1,82
1262910,幻覚,7016,2,f23e1571t2,example,major,她说她看到了幻象。,她说自己看到了幻觉。,seeing things 在此指出现幻觉，原译‘幻象’不如‘幻觉’准确。,1,82
1003100,がたがた,7030,0,f1e771t0,gloss,major,嘎啦嘎啦,嘎嘎作响,rattling 应表达物体碰撞发出的嘎嘎声，原译所有义项重复为‘嘎啦嘎啦’。,1,82
1003100,がたがた,7030,1,f1e771t1,gloss,major,嘎啦嘎啦,哐啷作响,clattering 指哐啷作响。,1,82
1003100,がたがた,7030,2,f1e771t2,example,major,暴风雨把雨户嘎啦嘎啦地摇响了。,暴风雨把百叶窗摇得嘎嘎作响。,雨户为挡风雨的百叶窗/雨窗，需自然翻译 storm rattled the shutters。,1,82
1003100,がたがた,7030,3,f1e771t3,gloss,major,嘎啦嘎啦,发抖,trembling 指发抖。,1,82
1003100,がたがた,7030,4,f1e771t4,gloss,major,嘎啦嘎啦,瑟瑟发抖,shivering 指瑟瑟发抖。,1,82
1003100,がたがた,7030,5,f1e771t5,gloss,major,嘎啦嘎啦,颤抖,quaking 指颤抖。,1,82
1003100,がたがた,7030,6,f1e771t6,gloss,major,嘎啦嘎啦,摇晃,wobbling 指摇晃、不稳。,1,82
1003100,がたがた,7030,7,f1e771t7,gloss,major,嘎啦嘎啦,摇摆,swaying 指摇摆。,1,82
1003100,がたがた,7030,8,f1e771t8,gloss,major,嘎啦嘎啦,抱怨,whining 指抱怨、哀鸣。,1,82
1003100,がたがた,7030,9,f1e771t9,gloss,major,嘎啦嘎啦,嘟囔,grumbling 指嘟囔、发牢骚。,1,82
1003100,がたがた,7030,10,f1e771t10,gloss,major,嘎啦嘎啦,发牢骚,griping 指发牢骚。,1,82
1003100,がたがた,7030,11,f1e771t11,gloss,major,嘎啦嘎啦,抱怨个不停,bellyaching 指不停抱怨。,1,82
1003100,がたがた,7030,12,f1e771t12,gloss,major,嘎啦嘎啦,摇摇晃晃的,rickety 指摇摇晃晃、不牢固。,1,82
1003100,がたがた,7030,13,f1e771t13,gloss,major,嘎啦嘎啦,不稳的,shaky 指不稳的。,1,82
1003100,がたがた,7030,14,f1e771t14,gloss,major,嘎啦嘎啦,摇晃的,wobbly 指摇晃、不稳的。,1,82
1003100,がたがた,7030,15,f1e771t15,gloss,major,嘎啦嘎啦,破旧不堪的,decrepit 指破旧不堪。,1,82
1003100,がたがた,7030,16,f1e771t16,gloss,major,嘎啦嘎啦,摇摇欲坠的,ramshackle 指摇摇欲坠、破败的。,1,82
1003100,がたがた,7030,17,f1e771t17,gloss,major,嘎啦嘎啦,破败的,broken down 指破败、失修。,1,82
2098240,ではある,7086,2,f105e344t2,example,major,那条冰川虽然缓慢，但确实在移动。,那条冰川虽然每次只移动几英寸，但确实在移动。,but by inches 表示仅移动几英寸，原译遗漏了微小幅度。,1,82
1182720,屋体,7151,4,f16e56t4,gloss,major,节日彩船,节日花车,屋台的祭典义为节日游行花车/台车，不是船，原译‘彩船’误指船只。,1,83
1182720,屋体,7151,7,f16e56t7,xref,major,节日彩船（可供舞蹈）,节日花车（可供跳舞）,xref 同样指可在其上跳舞的节日花车，原译‘彩船’误指船只。,1,83
1412770,台無し,7194,0,f38e534t0,gloss,major,糟蹋,被毁掉的,台無し作形容词时意为 spoiled/ruined，原译‘糟蹋’是施事动词，词性和语义不对。,1,83
1412770,台無し,7194,1,f38e534t1,gloss,major,糟蹋,被毁掉的,台無し作形容词时意为 spoiled/ruined，原译‘糟蹋’是施事动词，词性和语义不对。,1,83
1412770,台無し,7194,6,f38e534t6,gloss,major,（变得）一无是处,化为乌有,coming to nothing 指落空或化为乌有，原译‘一无是处’指价值低，义项不符。,1,83
1330280,授ける,7196,4,f30e422t4,example,critical,如果看到圣灵降临并停留在某人身上，那人就是受圣灵施洗的人。,如果看到圣灵降临并停留在某人身上的那一位，那一位就是用圣灵施洗的人。,日文和英文说的是‘给人施洗的人’，原译‘受圣灵施洗的人’把施事者和受事者倒置。,1,83
1335220,従える,7308,5,f30e1301t5,gloss,major,臣服,使臣服,to subjugate 是使他者臣服的及物动作，原译‘臣服’为主体自行服从，方向错误。,1,84
2275910,バレバレ,7331,1,f123e1452t1,gloss,major,透明,一眼就能看穿的,バレバレ的 transparent 指秘密、谎言等明显到一眼看穿，原译‘透明’按物理透明理解，义项不符。,1,84
1381160,誠に,7340,5,f35e122t5,gloss,major,诚然,真诚地,sincerely 是真诚地，原译‘诚然’表示确实/当然，词义和副词用法不符。,1,84
2009390,はぐらかす,7372,3,f96e1148t3,example,major,总觉得好像被飘飘然地敷衍过去了。,总觉得好像被敷衍了事。,日文和英文均为被人敷衍、兜圈子，原译‘飘飘然地敷衍过去’凭空加入飘飘然且句意不通。,1,85
1397240,素質,7445,0,f36e1317t0,gloss,major,（某事）的苗头,潜质（成为某事物的）,makings of 指成为某种角色/事物的资质或潜质，原译‘苗头’通常指事情开始显露的迹象，不合本义。,1,85
1420620,知人,7535,0,f39e135t0,gloss,major,朋友,熟人,知人意为认识的人/熟人，不是 friend，原译‘朋友’扩大了关系亲密程度。,1,86
1565100,咎める,7574,16,f52e1380t16,gloss,major,良心不安,使（某人的）良心不安,to prick one's conscience 是使良心受到刺痛或不安，原译‘良心不安’缺少使动方向且为状态名词。,1,86
2853762,サッカー,7618,0,f200e1087t0,gloss,major,绉纱,泡泡纱,seersucker 的常用中文名为泡泡纱，原译‘绉纱’是另一类皱纹织物。,1,86
1605640,憂鬱,7642,4,f59e125t4,gloss,major,绝望,消沉,despondency 指消沉、沮丧，原译‘绝望’程度过重且不是该英文义项的常规对应。,1,87
1498740,武装,7657,4,f46e778t4,example,critical,他们武装了枪支。,他们用枪武装自己。,日文和英文是用枪武装自己，原译‘武装了枪支’把枪当成被武装对象，主客体倒置。,1,87
1334890,十二,7678,2,f30e1229t2,gloss,major,王,皇后（纸牌）,纸牌中的 queen 是皇后/女王，原译‘王’对应 king，牌面和性别均错误。,1,87
2846313,うまいこと,7760,0,f193e853t0,gloss,major,巧妙地,成功地,successfully 的核心义为成功地，原译‘巧妙地’对应 skillfully，混淆了结果和方式。,1,87
1058580,サンドイッチ,7785,1,f5e1802t1,example,major,如果是三明治的话，大概需要多少钱？,如果是三明治的话，大概需要多长时间？,英文明确问需要多长时间，原译‘需要多少钱’把时间问题误译成价格问题；日文かかりますか在此处与英文语境一致。,1,88
1975500,苛立ち,7802,1,f93e202t1,gloss,major,烦恼,恼怒,annoyance 指恼怒、烦扰，原译‘烦恼’通常指忧虑苦恼，未表达被惹恼的义项。,1,88
1330790,収入,7922,6,f30e532t6,example,major,不要做超出收入的生活。,不要过入不敷出的生活。,Do not live above your income 指不要过入不敷出的生活，旧译语序和搭配不通。,1,89
1601680,引きつける,7954,1,f58e643t1,gloss,major,拉近,接近,draw near 是接近，旧译“拉近”改变为使某物靠近的使动含义。,1,89
1573440,軋む,7979,2,f53e1178t2,gloss,major,摩擦,发出刺耳的摩擦声,to grate（物体摩擦发出刺耳声）是动词短语，旧译“摩擦”不完整且未表达发声义。,1,89
1199060,解析,7984,2,f17e1048t2,example,major,关于热岛现象的实体解析及对策方针。,关于热岛现象本质的分析及对策方针。,JA 实体解析与 EN analysis of the nature 对应“本质的分析”，旧译“实体解析”不符合中文搭配。,1,89
1171890,迂濶,8014,4,f14e1742t4,gloss,major,不观察的,不善于观察的,unobservant 表示不善于观察或察觉，旧译“不观察的”不自然且语义不准。,1,89
1182620,億,8036,3,f16e37t3,example,major,一亿人会说英语。,十亿人会说英语。,JA １０億人和 EN one billion 均为十亿，旧译“一亿人”少一个数量级。,1,89
1003110,ガチガチ,8068,2,f1e772t2,gloss,major,嘎啦嘎啦,（冻僵、担忧得）僵硬的,frozen/worried stiff 表示因寒冷或担忧而僵硬，旧译误作拟声词。,1,90
1003110,ガチガチ,8068,3,f1e772t3,gloss,major,嘎啦嘎啦,（性格、思想等）僵化的,"rigid（personality, thinking）表示僵化，旧译误作拟声词。",1,90
1003110,ガチガチ,8068,4,f1e772t4,gloss,major,嘎啦嘎啦,不灵活的,inflexible 表示不灵活，旧译误作拟声词。,1,90
1003110,ガチガチ,8068,5,f1e772t5,gloss,major,嘎啦嘎啦,过于严肃的,overly serious 是过于严肃，旧译误作拟声词。,1,90
1003110,ガチガチ,8068,6,f1e772t6,gloss,major,嘎啦嘎啦,（工作、学习等）如饥似渴的,voracious（如工作、学习）表示投入旺盛、如饥似渴，旧译误作拟声词。,1,90
1003110,ガチガチ,8068,7,f1e772t7,gloss,major,嘎啦嘎啦,不间断的,without slack or pause 表示没有松懈或停顿，旧译误作拟声词。,1,90
1067630,スカウト,8087,3,f6e1161t3,gloss,major,猎头,物色人才,scouting 在该词条中对应物色人才，旧译“猎头”把行为误作人员。,1,90
1227020,逆効果,8109,1,f20e684t1,gloss,major,相反效果,不良影响,adverse effect 是不良影响，旧译“相反效果”语义不准。,1,90
1227020,逆効果,8109,2,f20e684t2,gloss,major,相反效果,适得其反,backfiring 指结果适得其反，旧译“相反效果”不自然。,1,90
1001290,おぞましい,8113,4,f1e227t4,gloss,minor,可怕的,令人厌恶的,revolting 表达令人厌恶，旧译“可怕的”遗漏厌恶义。,1,90
1001290,おぞましい,8113,5,f1e227t5,gloss,minor,可怕的,令人恶心的,disgusting 表达恶心或厌恶，旧译“可怕的”不准确。,1,90
1277460,好き嫌い,8131,0,f25e131t0,gloss,major,喜好,好恶,likes and dislikes 同时包含喜欢和不喜欢，旧译“喜好”遗漏否定一端。,1,90
1575660,愛想,8144,3,f53e1648t3,gloss,major,健谈,善于交际,sociability 是善于交际或社交性，旧译“健谈”缩窄为会说话。,1,90
1194430,稼ぎ,8194,1,f17e135t1,example,major,贫穷的人不会追赶收入。,勤劳不会招致贫穷。,谚语 Poverty is a stranger to industry 表示勤劳者不会贫穷，旧译“贫穷的人不会追赶收入”误解句义。,1,91
1072240,スピーカー,8201,1,f6e1856t1,example,major,真奇怪，扬声器发出嘎嘎的声音。,真奇怪，扬声器发出噼啪声。,crackling 指噼啪声或爆裂杂音，旧译“嘎嘎声”不对应声音。,1,91
1599570,何気ない,8275,2,f57e1747t2,gloss,major,冷淡的,若无其事的,nonchalant 表示若无其事、泰然自若，旧译“冷淡的”改变了语义。,1,91
1391110,シミ,8325,11,f36e293t11,note,minor,特指“シミ”,尤其常写作片假名“シミ”,esp. シミ 是拼写使用说明，应明确表示该义尤其写作片假名シミ。,1,92
1246740,靴下,8346,4,f22e298t4,example,major,这只鞋的另一只在哪里？,这只袜子的另一只在哪里？,JA 靴下及 EN sock 均指袜子，旧译误写为鞋。,1,92
1952930,酔い,8363,1,f91e419t1,gloss,major,中毒,醉酒,intoxication 在该酒醉词条中指醉酒，旧译“中毒”误解为毒物中毒。,1,92
1952930,酔い,8363,3,f91e419t3,xref,major,① 喝醉；中毒,① 喝醉；醉酒,to become intoxicated 在该词条中指喝醉，旧译“中毒”不符酒醉义。,1,92
1319920,失敬,8369,3,f29e186t3,gloss,major,失态,冒犯无礼,impertinence 指冒犯、无礼，旧译“失态”语义不准。,1,92
1267610,虎,8379,3,f24e476t3,gloss,major,酒鬼,醉醺醺的,drunk 是形容醉酒状态，旧译“酒鬼”是人称名词。,1,92
2016870,更なる,8382,0,f97e558t0,gloss,minor,更,更加,even more 是副词“更加”，旧译单字“更”不完整。,1,92
1606450,労働,8448,1,f59e430t1,gloss,major,劳工,劳动,labour 在此为 labor 的英式拼写，义为劳动，旧译“劳工”将行为误作人员。,1,92
1311850,至って,8490,2,f28e624t2,gloss,major,至多,极其,extremely 表示极其，旧译“至多”是 at most，语义相反。,1,93
1311850,至って,8490,3,f28e624t3,example,major,我绝不会听他的话。,我说什么他都绝不会听。,JA 表示“我说了他也不可能听”，旧译把主客体倒置为我不听他的话。,1,93
1602860,踏みつける,8538,4,f58e1074t4,gloss,major,践踏,鄙弃,spurn 指鄙弃、拒绝，旧译“践踏”误作物理踩踏。,1,93
1391120,泌みる,8535,11,f36e298t11,note,minor,尤其作“沁”时,尤其写作“沁みる”,esp. 沁みる 是书写形式说明，旧译“作‘沁’时”遗漏完整词形。,1,93
1573090,貪る,8550,11,f53e1104t11,example,major,饿着肚子的男人贪吃食物。,那个饥饿的人狼吞虎咽地吃掉了食物。,devoured 是狼吞虎咽地吃掉，旧译“贪吃食物”不自然且未表达完成动作。,1,93
1525780,万一,8594,4,f48e1691t4,gloss,minor,（万一）万一,（万一）碰巧,if by some chance 应译为“（万一）碰巧”，旧译“（万一）万一”重复。,1,93
1152310,悪党,8625,1,f12e1874t1,gloss,major,恶童,无赖；淘气鬼,rascal 指无赖或淘气鬼，旧译“恶童”过度限定为儿童且不自然。,1,94
1476060,莫大,8626,6,f44e651t6,gloss,major,木棉子（Scaphium affine）,胖大海（Scaphium affine）,Scaphium affine 的通用中文名是胖大海，旧译“木棉子”不是该药材的规范名称。,1,94
1559230,連,8706,2,f52e190t2,note,major,“令”的音读；也写作“嗹”,“令”的借字；也写作“嗹”,ateji for ream 指为 ream 的借字/当て字，不是“令”的音读。,1,94
1559230,連,8706,10,f52e190t10,gloss,major,党,一伙人,party 在 連 的组群义中指一伙人或一行人，旧译“党”误导为政党。,1,94
1559230,連,8706,11,f52e190t11,gloss,major,公司,同伴,company 在此指同伴、一伙人，旧译“公司”误作商业法人。,1,94
1535300,目じるし,8797,5,f49e1485t5,example,minor,请告诉我附近有什么标志，以便我能找到去那里的路。,请告诉我附近有什么地标，以便我能找到去那里的路。,sense 2 的 landmark 应译为‘地标’，原译‘标志’与词义不符。,1,95
1205490,格別,8854,7,f18e320t7,gloss,minor,非凡,格外,副词 exceptionally 应译为‘格外/异常地’，原译‘非凡’是形容词。,1,95
1109580,フェア,8865,2,f9e1350t2,gloss,major,公平球,界内球,棒球术语 fair ball 是界内球，原译‘公平球’为直译误义。,1,96
1109580,フェア,8865,3,f9e1350t3,xref,major,公平球,界内球,该 xref 同样是棒球术语 fair ball，应译为‘界内球’。,1,96
1550040,理想的,8871,1,f51e421t1,example,minor,他得知自己是个理想的丈夫。,事实证明他是个理想的丈夫。,proved to be 表示‘事实证明/结果是’，原译‘得知自己是’改变了句意。,1,96
1548770,落書き,8882,4,f51e161t4,example,minor,那面墙上有一幅涂鸦。,那面墙上到处都是乱写乱画。,scribbles all along the wall 是墙上到处的乱写乱画，原译‘一幅涂鸦’漏译范围并误用单数。,1,96
1342440,処女,8889,5,f31e537t5,xref,minor,处女森林,原始森林,virgin forest 的常用中文是‘原始森林’，原译‘处女森林’不自然。,1,96
1379230,生存,8917,1,f34e1706t1,gloss,minor,生存,存在,这里 EN being 与 existence 同义，应译‘存在’，原译‘生存’混淆概念。,1,96
1596640,備わる,8967,1,f57e642t1,gloss,minor,提供,配有,to be provided with 是被动‘配有/提供有’，原译‘提供’缺少被动含义。,1,96
1596640,備わる,8967,6,f57e642t6,gloss,minor,天赋,被赋予,to be gifted with 表示‘被赋予/具有’，原译‘天赋’为名词且未表达该结构。,1,96
1477480,発散,9001,2,f44e956t2,gloss,minor,散发,辐射,radiation 在发散/放射义下应译‘辐射’，原译‘散发’与该名词义不符。,1,97
1397390,素朴,9092,4,f36e1358t4,example,minor,虽然是个朴素的问题，……老虎和狮子哪个更强？,虽然问题有点傻，……老虎和狮子哪个更强？,silly question 是‘傻/愚蠢的问题’，原译‘朴素的问题’误义。,1,97
2128080,思っても見ない,9097,3,f108e462t3,example,major,没想到会到这种地步。,没想到会这么美。,英文与日文都明确表达‘没想到会这么美’，原译‘会到这种地步’遗漏 beautiful 并改变句意。,1,97
1909530,瞬く間に,9112,2,f87e960t2,example,minor,十年转瞬即逝。,又一个十年转瞬即逝。,日文さらに和英文another要求表达‘又一个/再一个’，原译遗漏了延续关系。,1,97
2001000,ほんま,9130,2,f95e1478t2,example,major,“健司在医院？”“是啊，真的病得很厉害……”,“健司在医院？”“是啊，真让人不爽……”,JA ほんまけったくそ悪い和英文 real pisser 表示糟糕/令人不爽，原译‘真的病得很厉害’把情绪评价误译成病情。,1,98
2859303,あってはならない,9364,5,f205e1592t5,example,minor,不应将外国劳工作为日本经济的缓冲。,不应将外国劳工用作日本经济的缓冲。,原句‘将外国劳工作为’搭配不完整，应明确译为‘将外国劳工用作’。,1,99
1383800,限り,9375,25,f35e689t25,example,major,他去了那里，两次都没有回来。,他去了那里，再也没有回来。,never to return 是‘再也没有回来’，原译‘两次都没有回来’凭空增加次数且误义。,1,99
1212660,慣れ,9382,0,f18e1779t0,gloss,minor,惯例,习惯,慣れ的 practice 指熟悉/习惯，原译‘惯例’是约定俗成的做法，词义不符。,1,100
1399910,掻き集める,9392,1,f36e1907t1,gloss,minor,刮起,收拢,scrape up together 是把东西刮拢/收拢，原译‘刮起’遗漏 together 的聚拢义。,1,100
1419690,断然,9402,12,f38e1968t12,example,minor,她在班里唱歌远远地最棒。,她是班里唱歌最棒的，远远胜过其他人。,by far 修饰最高级，原译‘远远地最棒’中文不通顺且缺少比较关系。,1,100
1379750,盛ん,9493,12,f34e1798t12,gloss,minor,brisk,活跃,盛ん对应的 brisk 在此为‘活跃/兴盛’，原译残留英文。,1,100
1228340,吸いあげる,9499,5,f20e886t5,example,critical,破坏,取下墨水补充瓶的瓶盖，用滴管吸取墨水，然后将适量墨水滴到记号笔的吸收芯上。,该完整例句原译仅为‘破坏’，与日文和英文完全不符，需恢复忠实的操作说明。,1,100
1301640,三本,9520,3,f27e650t3,xref,major,① 在发牌中（即游戏开始时）的计分组合；起手牌中的顺子,① 在发牌中（即游戏开始时）的计分组合；起手牌中的牌组,xref 的 meld 指起手牌中的组合/牌组，旧译误作顺子。,1,101
1438090,典型的,9607,3,f40e1220t3,gloss,minor,精髓的,最典型的,quintessential 表示最典型、最具代表性，旧译‘精髓的’不合中文词义。,1,101
1349520,承認,9667,1,f31e1852t1,gloss,minor,确认,承认,acknowledgement 在承認的词义中是承认/认可，旧译‘确认’偏向 verification。,1,102
1349520,承認,9667,2,f31e1852t2,gloss,minor,确认,承认,acknowledgment 同样表示承认，不能误作确认。,1,102
1052410,コンタクト,9792,1,f5e906t1,gloss,minor,触碰,联系,touch 在该沟通语境中指取得联系，旧译‘触碰’不合例句。,1,102
1213420,甘え,9795,5,f18e1937t5,example,major,不能指望别人。,不应该指望事情会一帆风顺。,该字段是例句，英文明确说不应指望事情会容易，日文甘えは禁物表示不可依赖他人迁就；旧译改变了对象。,1,103
1376920,正義感,9818,1,f34e1251t1,gloss,major,义理感,正义感,feeling of righteousness 是正义感，旧译‘义理感’误为义理/人情。,1,103
1360410,審判,9887,7,f33e11t7,gloss,major,司线,裁判,umpiring 是担任裁判/裁判工作，旧译‘司线’缩窄为边线裁判。,1,103
1360410,審判,9887,12,f33e11t12,gloss,major,司线,裁判,umpire 是裁判，旧译‘司线’错误缩窄。,1,103
2103390,責任を持って,9932,0,f105e1509t0,gloss,minor,负责任的,负责任地,responsibly 为副词，旧译‘负责任的’词性不符。,1,103
1276730,口内,10057,0,f24e1992t0,gloss,major,口头的,口腔的,oral 在该词头口内之义中指口腔的，旧译‘口头的’是 verbal 的意思。,1,104
2559930,両肩,10059,0,f147e1893t0,gloss,critical,即使嘴巴裂开也不会说,双肩,both shoulders 的旧译是与词义无关的整句‘即使嘴巴裂开也不会说’，明显字段串位。,1,104
2850797,じゃった,10227,2,f197e1185t2,note,minor,关西方；在动画和外语配音中也常用来表示人物年事已高,日本西部方言；在动画和外语配音中也常用来表示人物年长,western Japanese 指日本西部方言，旧译‘关西方’残缺且范围不清。,1,105
1606000,夜更かし,10260,1,f59e259t1,gloss,major,深夜久坐,熬夜,sitting up late at night 是熬夜，旧译‘深夜久坐’误解 sit up。,1,106
1606000,夜更かし,10260,2,f59e259t2,gloss,minor,深夜不归,晚睡,keeping late hours 指晚睡/作息晚，旧译‘深夜不归’凭空增加外出含义。,1,106
1624410,赤子,10365,1,f60e1958t1,gloss,major,新生儿,婴儿,infant 是婴儿，旧译‘新生儿’范围过窄。,1,106
1808820,高め,10375,1,f79e385t1,gloss,minor,相当高的,稍高的,somewhat high 表示稍高，旧译‘相当高’程度过强。,1,106
1000500,あやす,10399,0,f1e89t0,gloss,major,安慰,搂抱,cuddle 是搂抱，旧译‘安慰’错义。,1,106
1000500,あやす,10399,1,f1e89t1,gloss,major,摇,安慰,comfort 是安慰，旧译‘摇’错义。,1,106
1000500,あやす,10399,2,f1e89t2,gloss,major,抚慰,摇晃,rock 是摇晃，旧译‘抚慰’错义。,1,106
1000500,あやす,10399,3,f1e89t3,gloss,major,逗弄,抚慰,soothe 是抚慰，旧译‘逗弄’错义。,1,106
1000500,あやす,10399,4,f1e89t4,gloss,major,哄,抱在膝上哄逗,dandle 指抱在膝上轻摇/哄逗，旧译过于笼统。,1,106
1000500,あやす,10399,5,f1e89t5,gloss,minor,哄,迁就,humor 表示迁就、顺着，旧译‘哄’不准确。,1,106
1000500,あやす,10399,6,f1e89t6,gloss,minor,哄,迁就,humour 表示迁就、顺着，旧译‘哄’不准确。,1,106
1000500,あやす,10399,7,f1e89t7,gloss,major,我把婴儿放在膝盖上哄着。,哄（入睡）,lull 表示哄其入睡，旧译字段被整句例句串入。,1,106
1000500,あやす,10399,8,f1e89t8,example,critical,不确定的,我把婴儿抱在膝盖上哄着。,例句日文明确为把婴儿抱在膝上哄逗，旧译‘不确定的’与源文无关。,1,106
1411550,タイ,10477,0,f38e322t0,gloss,major,鲈鱼,鲷鱼（尤其是赤鲷）,sea bream（尤其是Pagrus major）是鲷鱼/赤鲷，不是鲈鱼。,1,107
1411550,タイ,10477,1,f38e322t1,gloss,major,鲈鱼,鲷鱼,porgy指鲷鱼类，不是鲈鱼。,1,107
1411550,タイ,10477,2,f38e322t2,example,major,用虾钓鲈鱼。,用虾钓鲷鱼。,例句中的鯛为鲷鱼，原译误作鲈鱼。,1,107
1592130,区切る,10500,10,f56e1044t10,gloss,minor,控制语速,把词语分开（说）,to space one's words指说话时把词语分开，原译‘控制语速’改变了含义。,1,107
1484320,被せる,10505,7,f45e283t7,example,minor,需要安装新的冠。,需要安装新的牙冠。,dental crown明确是牙冠，原译‘新的冠’遗漏牙科限定。,1,107
1006510,せざるを得ない,10517,6,f1e1493t6,xref,minor,不；非……不可,不；非,xref EN ‘not; un-’对应不、非，原译增添了‘不可’义。,1,107
1303420,散らかす,10530,0,f27e1055t0,gloss,minor,散乱,到处散落,to scatter around是到处散落/散开，原译‘散乱’词性和动作义不完整。,1,107
1621110,お待ちかね,10571,3,f60e1407t3,gloss,minor,令人迫不及待的事物,令人翘首以盼的事物,something waited impatiently for是令人急切等待的事物，原译把主体关系译反。,1,108
2016920,幾度となく,10580,2,f97e566t2,example,minor,无数次把斧头埋下去，却总是又把它挖出来。看来永远的和平安静是不会到来的。,无数次把斧头埋下去，却总是又把它挖出来。看来永远的和平是不会到来的。,JA/EN仅说永远的和平，原译增添了‘安静’。,1,108
1441540,点検,10587,3,f40e1858t3,example,minor,请检查所有松紧的结，并将其系紧。,请检查所有松散的绳结，并将其系紧。,loose knots是松散的绳结，原译‘松紧的结’语义错误且不通顺。,1,108
1429290,調味料,10614,1,f39e1642t1,gloss,minor,风味剂,调味剂,flavoring/flavouring对应调味剂，原译‘风味剂’不自然。,1,108
1429290,調味料,10614,2,f39e1642t2,gloss,minor,风味剂,调味剂,flavouring对应调味剂，原译‘风味剂’不自然。,1,108
1433910,つま先,10660,3,f40e501t3,example,major,脚尖都翘起来了。,那让我时刻保持警惕。,keep me on my toes是让我保持警惕，原译按字面误解为脚尖翘起。,1,108
1593430,篭もる,10673,9,f56e1480t9,note,minor,常作“……的こもったもの”,常用于“充满……的东西”等表达,note中的日语短语未译且残留，需表达其常见句型含义。,1,108
1012760,ヤクザ,10676,2,f2e756t2,gloss,minor,黑帮头目,黑帮成员,mobster指黑帮成员，未必是头目；原译无源文依据地增添了头目。,1,108
1467280,任命,10702,5,f43e1007t5,example,major,我们任命伍德先生为议长。,我们任命伍德先生为主席。,chairman应译为主席（或董事长），原译‘议长’是立法机构职务，误义。,1,109
1096830,ハンドル,10716,7,f8e1367t7,gloss,minor,屏幕名,网名,互联网语境中的 screen name 是网名/昵称，原译‘屏幕名’不符合中文用法。,1,109
1096830,ハンドル,10716,9,f8e1367t9,xref,minor,屏幕名；用户名；手柄,网名；用户名；网络昵称,xref中的 screen name; username; handle 应译为网名、用户名、网络昵称，原译‘屏幕名’生硬。,1,109
1362670,深み,10790,4,f33e439t4,example,minor,悄悄话，他的思考方式缺乏深度。,私下说，他的思考方式缺乏深度。,Between you and me是私下说/只在你我之间，原译‘悄悄话’造成中文句法不通。,1,109
1002840,カチカチ,10809,14,f1e706t14,example,minor,他只是个顽固的公司人。,他就是个顽固的公司职员。,company man指公司职员/公司派，原译‘公司人’不自然。,1,109
2007250,いかれる,10824,8,f96e736t8,example,minor,车刚要坏掉的时候，我们到达了终点。,正当我以为车要坏掉时，我们到达了终点。,just as I thought强调‘正当我以为……时’，原译改变了事件关系。,1,109
1496730,富,10856,5,f46e386t5,gloss,minor,抽奖,彩票,lottery在富的缩略义中指彩票/抽彩，原译‘抽奖’偏向活动动作。,1,110
1549460,利,10901,4,f51e326t4,example,major,渔夫占取利益。,第三方渔翁得利。,JA成语漁夫の利及EN makes off with the profits表示第三方获利，原译‘渔夫占取利益’不合中文成语且漏出第三方。,1,110
2845573,お返事,10933,4,f192e1534t4,xref,minor,回词；回答；回应,回复；回答；回应,reply; answer; response的第一项原译‘回词’为明显错字。,1,110
1013020,やんわり,10959,4,f2e798t4,example,minor,大统令婉拒了回答那个敏感的问题。,总统婉拒回答那个敏感的问题。,president应译总统，原译‘大统令’是明显用词错误。,1,110
1851260,頬張る,10977,1,f83e1044t1,gloss,minor,把嘴（装满食物）,把嘴塞满食物,to fill one's mouth (with food)应为把嘴塞满食物，原译括注结构不完整。,1,110
1599780,匂う,10982,1,f57e1827t1,gloss,minor,闻起来（好）,闻起来很香,to smell (good)应自然译为闻起来很香，原译‘闻起来（好）’不通顺。,1,110
1599780,匂う,10982,4,f57e1827t4,gloss,minor,闻起来（坏）,闻起来很臭,to smell (bad)应自然译为闻起来很臭，原译‘闻起来（坏）’不通顺。,1,110
2007780,搦み,10988,4,f96e845t4,example,minor,在宗教审判中，野心勃勃的律师将代理教团指导者。,教团领袖,cult leader是教团领袖，原译‘指导者’用词不当。,1,110
1240470,極秘,11037,1,f21e1082t1,example,minor,她以极密的方式向我讲述了那个故事。,她私下把这件事告诉了我。,in confidence表示私下/秘密地告知，原译‘以极密的方式’不自然。,1,111
1980930,持て持て,11038,0,f93e1279t0,gloss,major,受欢迎,性感的,EN sexy明确为性感的，原译‘受欢迎’混淆了与popular的相邻字段。,1,111
2179090,しばしば,11041,0,f113e785t0,gloss,minor,（眨眼）反复,（眨眼）反复地,(blinking) repeatedly需表达副词义，原译‘反复’缺少地且不完整。,1,111
1267870,顧る,11064,3,f24e525t3,example,major,无数无家可归的流浪者正在寻找栖身之所。,无数无人理会的漂泊者正在寻找家园。,顧みられぬ是无人理会/被忽视，漂流者在找家；原译擅自译为无家可归且漏掉被忽视义。,1,111
1552180,流れ出る,11079,1,f51e800t1,gloss,minor,涌流,流淌而出,to stream out是流淌而出，原译‘涌流’搭配不自然。,1,111
1824040,６０,11105,2,f80e1295t2,example,major,六十岁开始学习。,活到老，学到老。,六十の手習い是‘活到老学到老’的谚语，不能按字面译成六十岁开始学习。,1,111
1000510,あやふや,11151,7,f1e90t7,gloss,major,她笨拙地挪动了一张纸。,不置可否的,non-committal应译为不置可否的，原译完全错配为例句中文。,1,112
1000510,あやふや,11151,8,f1e90t8,example,major,哎呀！,她笨拙地摆弄着一张纸。,例句She fumbled with a piece of paper应译为她笨拙地摆弄一张纸，原译‘哎呀！’完全错配。,1,112
1511830,片目,11177,3,f47e1233t3,gloss,minor,一目失明,单眼失明,being blind in one eye是单眼失明，原译‘一目失明’不合中文表达。,1,112
1511830,片目,11177,4,f47e1233t4,gloss,minor,一目失明的人,单眼失明的人,person blind in one eye应为单眼失明的人，原译沿用不自然的‘一目’。,1,112
1213070,汗ばむ,11183,3,f18e1864t3,example,minor,今天天气有点闷热。,今天天气暖和得会出点汗。,warm enough to bring out a slight sweat表示暖和到会出点汗，原译‘有点闷热’改变了程度和语义。,1,112
1107070,ピンと来る,11202,8,f9e949t8,example,minor,她提到他的名字，让我立刻联想到了。,她提到他的名字，让我觉得似曾相识。,rang a bell表示觉得似曾相识/想起什么，原译‘让我立刻联想到了’缺少宾语且不完整。,1,112
1592110,区画,11225,8,f56e1032t8,example,minor,她住在离这里几区的地方。,她住在离这里几个街区的地方。,blocks away指相隔几个街区，原译‘几区’误解了block。,1,112
2831249,何ともいえない,11239,4,f179e259t4,gloss,minor,无人能言,谁也说不清,nobody can tell应译为谁也说不清，原译‘无人能言’生硬且改变语气。,1,112
1554200,凌ぐ,11263,2,f51e1229t2,gloss,minor,拖延（如拖延饥饿）,抵御（如饥饿）,to stave off starvation是抵御/暂时避免饥饿，原译‘拖延饥饿’搭配不当。,1,112
1554200,凌ぐ,11263,12,f51e1229t12,gloss,minor,蔑视,对抗,to defy是对抗、抗拒，原译‘蔑视’混淆了不同义项。,1,112
1227730,休憩時間,11284,3,f20e797t3,gloss,minor,休会,休息时间,recess在学生休息语境中是休息时间，原译‘休会’指会议暂停，错配语境。,1,113
1499600,封じ込める,11320,0,f46e918t0,gloss,minor,封闭,关在里面,to shut in表示把对象关在里面，原译‘封闭’未表达及物的关入含义。,1,113
2792110,よせよ,11350,1,f170e1091t1,gloss,minor,看在可怜份上,拜托了,for pity's sake是恳求或制止语气的‘拜托了’，原译‘看在可怜份上’中文搭配不通。,1,113
1278340,巧妙,11368,0,f25e256t0,gloss,minor,巧思的,巧妙的,ingenious应为巧妙的，原译‘巧思的’不是自然的中文形容词。,1,113
1547610,裸になる,11372,2,f50e1870t2,gloss,minor,赤身裸体,脱光衣服,to strip naked表示脱光衣服，原译‘赤身裸体’是状态名词性短语，未表达动作。,1,113
1552640,溜め込む,11376,5,f51e868t5,gloss,major,腌制,存起来,to salt away在该组save up义项中表示把钱等存起来，原译‘腌制’按字面误解，语义错误。,1,113
2007630,かくして,11418,1,f96e823t1,example,major,于是，它们不会受到威胁它们的其它动物的发现。,于是，它们不会被对它们构成威胁的其他动物发现。,日文表示不会被对它们构成威胁的其他动物发现，原译‘受到……的发现’句法和被动关系错误。,1,113
2867133,挟み,11423,0,f213e442t0,gloss,minor,夹,夹子,clip作名词应译为夹子，原译‘夹’是动词，词性错误。,1,113
2544860,注目を集める,11428,2,f146e1320t2,gloss,major,获得 prominence,获得显著地位,to gain prominence应为获得显著地位/变得引人注目，原译残留英文prominence，未完成翻译。,1,113
2084540,かりかり,11433,3,f103e1718t3,xref,minor,① 嘎吱嘎吱的（如腌菜）；嘎吱嘎吱响的,①脆生生的（如腌菜）；嘎吱嘎吱的,crisp like a pickle表示腌菜的脆生口感，原译把crisp误作嘎吱作响，偏离口感义。,1,114
1485730,備品,11441,5,f45e545t5,gloss,major,设备,用品,supplies指用品或物资，原译‘设备’与equipment重复且错义。,1,114
1477470,発作,11460,6,f44e954t6,gloss,major,发作,中风,stroke在医学发作相关释义中是中风，原译‘发作’未表达具体病症。,1,114
1445450,土台,11491,8,f41e681t8,xref,minor,① 原本；从一开始；从一开始；天生,①原本；从头开始；一开始；起初；天生,xref英文列出不同的from the start同义表达，原译重复‘从一开始’且遗漏originally的对应表达，修正为通顺完整的交叉释义。,1,114
1497920,負,11509,2,f46e631t2,example,critical,单簧管,啊，怎么感觉到一股非常有威胁的气场……,日文和英文均为感到有威胁的气场，原译‘单簧管’与源文完全无关。,1,114
1207130,学文,11524,5,f18e641t5,example,minor,一点学问是危险的。,一知半解是很危险的东西,a little learning is a dangerous thing表达一知半解的危险，原译‘一点学问是危险的’不符合中文含义。,1,114
1207130,学文,11524,9,f18e641t9,example,major,心理学是研究心的学问。,心理学是对心灵的科学研究。,scientific study of the mind应为对心灵的科学研究，原译‘研究心的学问’生硬且将mind误作单字‘心’。,1,114
1500800,復習,11531,1,f46e1084t1,gloss,major,修订,复习,revision在learned material语境中是复习，原译‘修订’误解为编辑修改。,1,114
2028990,に,4,67,f98e693t67,example,major,他戴着帽子就出去了。,他没戴帽子就出去了。,日文かぶらずに表示不戴帽子，原译‘戴着帽子’把否定译反。,2,1
2028990,に,4,87,f98e693t87,gloss,major,表示动作正在进行,表示动作正在强烈地进行,英文明确含 intensively，原译仅‘正在进行’遗漏强化程度。,2,1
2028990,に,4,95,f98e693t95,gloss,major,虽然……了,我做了……，但是,"英文 I did ..., but 是重复动词让步句型，原译‘虽然……了’遗漏‘我做了’及转折。",2,1
1005340,さん,49,4,f1e1270t4,gloss,major,～君,～先生／女士,さん是通用敬称，原译‘～君’仅适用于特定男性称呼，含义范围错误。,2,2
1628530,これ,58,4,f61e705t4,xref,major,① 哪一个（三者或以上）,① 那个；它,交叉引用英文为 that; it，原译‘哪一个（三者或以上）’对应另一义。,2,2
1628530,これ,58,6,f61e705t6,xref,major,那个人,哪个（三者或以上）,英文为 which (of three or more)，原译‘那个人’错译为指人。,2,2
1577100,何,85,6,f54e65t6,gloss,major,那个东西,那个人叫什么来着,what's-his-name指一时想不起名字的男性，原译‘那个东西’误指物。,2,3
1577100,何,85,11,f54e65t11,note,major,特别是“那”,尤其是‘ナニ’,note明确说尤其是ナニ，原译‘特别是“那”’丢失日文形式并误译。,2,3
1012980,やる,89,14,f2e789t14,example,major,我的十字螺丝刀放哪儿了！！,我的一字螺丝刀放哪儿了！！,日文マイナスドライバー是一字螺丝刀，原译‘十字螺丝刀’方向相反。,2,3
1000420,彼の,97,4,f1e69t4,example,critical,哪一个；哪种,为什么不尝尝那美味的酒？,例句日文和英文是邀请品尝那美味的酒，原译仅为‘哪一个；哪种’，完全遗漏句意。,2,3
1000420,彼の,97,5,f1e69t5,xref,major,① 这个,哪个；哪种（方式）,交叉引用英文为 which; what (way)，原译‘这个’错义。,2,3
1281020,勘える,147,11,f25e753t11,example,major,思考是什么让人幸福是有价值的。,思考是什么让人幸福这件事很有价值。,英文和日文是‘思考什么使人幸福’这一行为有价值，原译句法不通且把宾语关系译错。,2,4
1000580,彼,151,1,f1e96t1,gloss,major,① 哪一个（三者或以上）,① 那个东西,that thing被错译为哪一个。,2,5
1000580,彼,151,2,f1e96t2,note,critical,那个人,指离说话者和听话者双方都较远（空间、时间或心理上）的事物，或不直接点名即可理解的事物,note原译错成那个人。,2,5
1000580,彼,151,3,f1e96t3,example,critical,用于指代与自己地位相当或低于自己的人,那是这座城的主干道。,日文例句表示指示物，原译错成用法说明。,2,5
1000580,彼,151,4,f1e96t4,xref,major,那时,① 这个；这个东西,xref this; this one原译为那时。,2,5
1000580,彼,151,5,f1e96t5,xref,major,那个时间,① 那个；它,xref that; it原译为那个时间。,2,5
1000580,彼,151,6,f1e96t6,xref,major,那个地方（在那边）,① 哪个（三者或以上）,which原译为那个地方。,2,5
1000580,彼,151,7,f1e96t7,gloss,major,那里（即生殖器）,那个人,that person原译为生殖器所在的那里。,2,5
1000580,彼,151,8,f1e96t8,note,major,常写作“アレ”,用于指代与自己地位相当或低于自己的人,note原译成书写形式。,2,5
1000580,彼,151,9,f1e96t9,example,critical,月经,如果是那样的话，肯定没问题！,例句原译为月经，完全错配。,2,5
1000580,彼,151,10,f1e96t10,gloss,major,月事,那时,then原译为月事。,2,5
1000580,彼,151,11,f1e96t11,gloss,major,常写作“アレ”,那段时间,that time原译为书写说明。,2,5
1000580,彼,151,12,f1e96t12,example,critical,那条是这个城镇的主干道。,说起来，从那时起已经过了30多年了吧。,例句翻译错配为主干道。,2,5
1000580,彼,151,13,f1e96t13,gloss,major,那条是这个城镇的主干道。,那个地方（在那边）,that place原译为主干道例句。,2,5
1000580,彼,151,14,f1e96t14,gloss,major,如果是那样的话，绝对没问题！,那里（即生殖器）,down there指生殖器，原译为如果是那样。,2,5
1000580,彼,151,15,f1e96t15,note,major,如果是那样的话，绝对没问题！,常写作‘アレ’,note原译成例句。,2,5
1000580,彼,151,16,f1e96t16,example,critical,说起来，从那时起已经过了30多年了吧。,那里疼，那里。嗯……叫什么来着？睾丸？总之，是男性很重要的部位。,例句原译为从那时起，错配。,2,5
1000580,彼,151,17,f1e96t17,gloss,major,说起来，从那时起已经过了30多年了吧。,月经,period原译为例句。,2,5
1000580,彼,151,18,f1e96t18,gloss,major,那里疼，那里。嗯……叫什么来着？睾丸？总之，是男性很重要的部位。,月经,menses原译为男性部位例句。,2,5
1000580,彼,151,19,f1e96t19,note,major,那里疼，那里。嗯……叫什么来着？睾丸？总之，是男性很重要的部位。,常写作‘アレ’,note原译为例句。,2,5
1419990,男,209,8,f39e28t8,example,critical,规矩点！,我一看到他就恶心。,英文和日文表示无法忍受看到那个男人，原译‘规矩点’完全错义。,2,6
1380440,声,237,12,f35e6t12,example,major,无论在哪个国家、哪个时代，孩子都是模仿父母的价值观长大的。也有人指出，所谓“教育妈妈”对教育的看法，会把孩子精神上扭曲地养大。,众所周知，孩子会模仿成年人的价值观，因此常有人指出，所谓‘教育妈妈’灌输给孩子的价值观是扭曲的。,英文日文讲孩子模仿父母价值观及教育妈妈造成扭曲，原译擅自增添国家时代并改变后半句。,2,6
2827864,なので,262,6,f175e1544t6,example,major,因为他是个粗心大意的人，肯定会犯粗心大意的大错。,因为他是个急性子，肯定会草率地下结论。,日文慌て者表示急性子，原译粗心大意并重复错译。,2,7
1579070,此奴,397,3,f54e674t3,gloss,major,这伙人,这家伙,this guy为单数指人，原译‘这伙人’变为复数群体。,2,10
1548550,落る,471,58,f51e113t58,gloss,major,获批,兑现（票据）,honoured of a bill指兑现票据，原译‘获批’错误。,2,12
1487400,必ず,498,2,f45e816t2,gloss,major,总是,必然,necessarily表示必然性，不是always的总是。,2,12
1487400,必ず,498,3,f45e816t3,gloss,major,总是,肯定,certainly表示肯定，不是总是。,2,12
1487400,必ず,498,4,f45e816t4,gloss,major,总是,一定,without fail表示一定做到，不是总是。,2,12
1487400,必ず,498,5,f45e816t5,gloss,major,总是,肯定地,positively表示肯定地，不是总是。,2,12
1487400,必ず,498,6,f45e816t6,gloss,major,总是,一贯地,invariably表示一贯地/总是如此，需区别于单纯总是。,2,12
1006780,そちら,536,6,f1e1552t6,xref,major,① 哪个方向；哪个方向；哪里,① 哪个方向；哪边；哪里,which way; which direction; where被重复译为两个‘哪个方向’，遗漏哪边。,2,13
1238680,驚く,567,9,f21e812t9,example,major,镇上的人们因地震而感到非常吃惊。,镇上的人们因地震而感到害怕。,英文 frightened 表示害怕，原译为吃惊，程度和情绪含义错误。,2,14
1218760,慶ぶ,621,13,f19e941t13,example,major,乐意；欣然；心甘情愿；当然,我很乐意回答您的问题。,英文是完整例句 I'll be happy to answer your question，原译仅列同义词，遗漏句意。,2,15
1576150,一人,667,12,f53e1799t12,example,major,他一一个人就立刻打开了那封信。,他一独处就立刻打开了那封信。,原译‘一一个人’有明显重复错字且不通顺，日文表示一独处就打开。,2,16
1595730,総て,802,6,f57e307t6,gloss,major,全然地,完全地,wholly应译为完全地，原译‘全然地’不自然且易与全然否定副词混淆。,2,18
1589260,落とす,812,7,f55e1918t7,example,major,他打碎了一个花瓶。,他让一个花瓶掉了下来。,英文 to drop 只说明使花瓶掉落，原译‘打碎’凭空增加结果。,2,19
1245290,空,860,15,f22e27t15,gloss,major,某种程度,不知怎么地,somehow表示不知怎么地/设法，原译‘某种程度’错义。,2,19
1321900,写真,876,4,f29e613t4,example,major,我给您看几张您的照片。,我给您看几张照片。,英文 some pictures 未限定属于您的照片，原译凭空添加‘您的’。,2,20
1433030,透る,893,17,f40e341t17,gloss,major,被展示,被领入,to be shown in指被带入室内，原译‘被展示’错义。,2,20
1632520,ふん,878,7,f61e1561t7,gloss,major,大致地,粗暴地,该 sense 的 roughly 与同组 harshly/violently 一样表示粗暴、猛烈地进行，不是‘大致地’的数量或概略义；原译错义。,2,20
1357600,色,915,6,f32e1441t6,example,major,那个颜色和她那女人的头发很相配。,那个颜色和她的头发很相配。,原译‘她那女人的头发’重复且不通顺，日文仅指她的头发。,2,21
1551790,立派,966,9,f51e745t9,gloss,minor,可信,值得称赞,creditable 表示值得称赞/可嘉，不是表示可信。,2,22
1284480,合わせる,995,13,f25e1331t13,gloss,minor,使（如不幸的命运）相遇,使遭遇（如不幸的命运）,cause to meet an unpleasant fate 是使某人遭遇不幸命运，原译使命运相遇语义和搭配不通。,2,22
1579720,寂しい,1002,2,f54e848t2,gloss,major,寂静的,孤单的,solitary 表示孤单/独居；寂静表示安静无声，词义错误。,2,22
1006570,せめて,1040,1,f1e1499t1,gloss,major,至多,至少,せめて仅表示 at least/even just，不表示 at most；原译方向相反。,2,22
1501620,払う,1043,11,f46e1265t11,gloss,major,支付,注意（如注意力）,pay attention 表示注意，不能译为支付。,2,22
1302680,山,1052,8,f27e897t8,gloss,minor,堆积,堆,mountain 在此与堆/一大堆同义，名词释义不应译成动词性堆积。,2,23
1577280,閑,1058,15,f54e119t15,gloss,major,解雇,遣散费,severance 指解雇时的遣散费/离职补偿金，不是解雇本身。,2,23
1150410,愛,1072,3,f12e1409t3,example,minor,爱的动向不可解。,爱的变化难以捉摸。,Love moves in mysterious ways 表示爱情的发展/变化难以理解，原译动向不可解不自然且偏离语义。,2,23
2831062,てる,1146,4,f178e1892t4,gloss,major,被……,处于……的状态,ている的持续状态不能直接解释成被动；to be ...-ed 在此表示处于某状态。,2,25
2831062,てる,1146,6,f178e1892t6,xref,major,④ 已经……；被……,④ 已经……；处于……的状态,同一语法交叉引用说明的是完成后持续状态，不是被动语态。,2,25
1530510,無駄,1156,4,f49e582t4,gloss,minor,无用,闲散,idleness 指闲散/无所事事的状态，不是一般的无用。,2,25
1580260,疵,1166,12,f54e1009t12,gloss,minor,磕碰,小缺口,nick 作名词指小缺口或小缺损，磕碰不是对应名词义。,2,25
1432900,徹す,1181,25,f40e311t25,example,major,他们挖穿了一座隧道。,他们在山中挖了一条隧道。,drive a tunnel through the hill 是在山中挖通隧道，原译把隧道误作被挖穿的对象。,2,25
1075940,タイプ,1222,10,f7e354t10,example,minor,他让我用了他的打字机。,他让我使用他的打字机。,原译“让我用了”搭配不通；let me use 表示允许我使用。,2,26
1532350,明るい,1228,0,f49e896t0,gloss,minor,光,明亮的,明るい在该形容词义项中 light 是明亮的，原译名词“光”词性不符。,2,26
1445770,倒す,1247,22,f41e743t22,note,critical,健棒,接在动词连用形之后,该语法注释的中文“健棒”明显是错误残留，英文明确要求说明接在动词连用形之后。,2,26
2006560,ずつ,1256,0,f96e595t0,gloss,major,每人,每个,ずつ的 apiece 可用于每个/每件等，不限于每人。,2,26
1566450,ふざける,1291,4,f52e1672t4,example,minor,别闹了。今天你真是疯得过分了。,别闹了。你今天特别胡闹。,やけにふざけている表示今天异常地胡闹/胡闹过头，原译成疯得过分偏离语气。,2,27
2179800,スッゴイ,1312,7,f113e928t7,example,minor,我发现了很棒的東西！,我发现了很棒的东西！,中文应为简体“东西”；原译含繁体字東。,2,27
1160570,育てる,1327,9,f13e1463t9,gloss,major,抚养,培养,foster 在促进成长义中是培养/促进，不是抚养。,2,27
1210360,寒い,1350,1,f18e1364t1,example,minor,这寒冷已让我无法忍受。,我再也无法忍受这种寒冷。,日文例句表达对这种寒冷的忍受已到极限，原译语序生硬且把寒冷作主语不自然。,2,28
1258330,犬,1377,0,f23e694t0,gloss,major,狗（犬属（犬属））,狗（家犬）,Canis (lupus) familiaris 指家犬，原译出现重复的‘犬属’且未准确表达物种。,2,28
1361330,振る,1396,21,f33e227t21,gloss,major,煎剂,煎制（药液）,英文为动词短语 to prepare an infusion of，原译‘煎剂’是名词，词性和动作义不符。,2,28
1597780,捕まえる,1407,20,f57e1094t20,gloss,major,在（某人）面前,当着（某人）的面,in someone's face 表示当面对着某人，原译‘在面前’遗漏当面/对抗语气。,2,28
1212330,感覚,1416,0,f18e1733t0,gloss,minor,感官,感觉,sense 在该词条中对应感觉/感知，原译‘感官’偏指器官而非感知能力。,2,28
1375040,勢い,1439,13,f34e925t13,gloss,major,动量,势头,势い的语境义为发展势头，英文 momentum 在此非物理学的‘动量’。,2,29
1005870,じいっと,1456,3,f1e1370t3,example,critical,这些熊特有的特征解释了熊为何喜欢一动不动地捕猎（在 seals 呼吸孔旁一动不动地躺着，等待 seal 浮出海面）。,这些熊特有的特征解释了它为何喜欢一动不动地捕猎（在海豹的呼吸孔旁一动不动地躺着，等待海豹浮出海面）。,中文例句残留英文 seals/seal，且整句未完成本地化；日文明确是海豹，应完整译为中文。,2,29
1264610,限り,1464,12,f23e1941t12,gloss,major,只要……,就……而言,as far as ... 表示范围或就某方面而言，不是 as long as 的‘只要’。,2,29
1264610,限り,1464,13,f23e1941t13,gloss,major,只要……,尽可能多地,as much as ... 表示数量/程度达到同样多，不是条件关系‘只要’。,2,29
1538920,唯一,1476,1,f50e186t1,gloss,major,单独的,唯一的,sole 表示唯一，原译‘单独的’表达独处或分离，偏离词义。,2,29
1470370,能力,1507,1,f43e1483t1,gloss,major,机能,才能,faculty 在 ability 词义下指才能/能力，原译‘机能’指功能，属于错义。,2,30
1599760,匂い,1521,8,f57e1820t8,gloss,minor,一缕,一缕气味,whiff 指一缕气味，原译仅有量词‘一缕’而遗漏中心名词。,2,30
1534520,木,1533,2,f49e1279t2,gloss,minor,丛,灌木丛,bush 指灌木或灌木丛，原译单独的‘丛’不完整且未表达植物。,2,30
1154860,案内,1541,2,f13e445t2,gloss,major,带路,带领参观,showing around 指带领他人参观，原译‘带路’只表示引路，遗漏参观义。,2,30
1044070,クラス,1554,1,f4e1647t1,example,minor,你被我们班欢迎。,欢迎你加入我们班。,日文被动表达在班级中受到欢迎，原译‘你被我们班欢迎’中文不通顺。,2,30
1231650,避る,1562,12,f20e1538t12,gloss,major,去年……（例如“去年四月”）,上一个……（例如‘去年四月’）,last ... 表示相邻的上一个该时间段，不能固定等同于去年；原译把范围过度限定为去年。,2,30
1297800,作戦,1568,2,f26e1875t2,example,major,让我们暂停一下，好好琢磨一下战术。,让我们暂停一下，好好琢磨一下战略。,英文明确为 strategy，日文作戦在此为总体策略，原译‘战术’与英文不一致。,2,30
1591100,効く,1593,5,f56e681t5,xref,major,使药物有效,药物有效,to have medicine be effective 表示药物本身有效，原译‘使药物有效’误加使役义。,2,31
1191060,可能,1629,1,f16e1597t1,gloss,major,潜在,潜力,potential 作为名词指潜力/潜能，原译‘潜在’是形容词，词性不符。,2,31
1302070,参る,1635,11,f27e714t11,xref,critical,我认输；我放弃了；触手；你把我难住了,我认输；我放弃了；说得好；你把我难住了,touché 表示对方说中要害或赢得辩论，原译‘触手’是明显错译。,2,31
1302070,参る,1635,23,f27e714t23,gloss,major,中暑（例如）,倒下（例如因高温）,to collapse (e.g. in the heat) 是因高温等倒下，原译‘中暑’把一般倒下误限为具体病症。,2,31
1302070,参る,1635,51,f27e714t51,note,major,接在动词连体形之后；常作「参ります」,接在动词て形之后；常作「参ります」,英文明确为 after the -te form，原译‘动词连体形’不是正确语法术语。,2,31
2713960,ども,1680,2,f162e1989t2,note,major,动词“ば”形之后,接在动词ば形词干（去掉ば）之后,古语助词ども接在已去掉ば的假定形词干后，原译‘ば形之后’会误导为保留ば。,2,32
1495770,着ける,1683,29,f46e143t29,gloss,minor,安置,使处于看守或医生照料之下,to place under guard or doctor 明确包含看守或医生照料关系，原译‘安置’遗漏限定信息。,2,32
1495770,着ける,1683,30,f46e143t30,example,major,警官盯上了那个男人。,警察跟踪了那个男人。,日文つけた和英文followed表示实际跟踪，原译‘盯上了’改成了锁定目标的不同动作。,2,32
1495770,着ける,1683,46,f46e143t46,gloss,critical,演奏附加乐器,靠（在对方棋子紧邻处落子）,围棋语境的 play an attachment 是靠着对方棋子落子，原译‘演奏附加乐器’误当音乐术语。,2,32
1495770,着ける,1683,48,f46e143t48,xref,critical,③ 附加；接触演奏,③ 靠；紧贴对方棋子落子,xref 指围棋 attachment/contact play，原译‘附加；接触演奏’错误引入演奏义。,2,32
1579170,魂,1706,3,f54e696t3,example,major,开始感受到灵魂的叹息。,开始感受到生命的气息。,英文 breath of life 与日文魂の吐息是生命气息，原译‘灵魂的叹息’把 breath 错译为叹息。,2,32
1587030,言い訳,1737,3,f55e1100t3,example,major,简主张自己的借口是正确的。,简坚持自己的解释是正确的。,日文言い訳在此为解释/辩解，英文说明她坚持自己是对的；原译‘自己的借口是正确的’语义生硬且偏离语境。,2,33
1161720,一気,1747,1,f13e1680t1,gloss,major,干杯！,一口喝干！,chug 指快速大口喝下，原译‘干杯’是祝酒语而非饮用动作。,2,33
1222770,祈る,1785,1,f19e1923t1,gloss,major,诵经,祈祷,say a prayer 是祈祷，原译‘诵经’限定为念诵经文，超出英文义。,2,33
2089480,どうかした,1791,5,f104e739t5,gloss,major,些许,丝毫,slightest 在该固定结构中表示丝毫/一点点，原译‘些许’过于笼统。,2,33
2089480,どうかした,1791,6,f104e739t6,gloss,major,些许,仅仅,mere 表示仅仅、不过是，原译‘些许’错义。,2,33
2089480,どうかした,1791,7,f104e739t7,gloss,major,些许,微不足道的,trivial 指琐碎或微不足道，原译‘些许’不是该形容词义。,2,33
2089480,どうかした,1791,8,f104e739t8,gloss,major,些许,某些,some 在此为某些/某种，原译‘些许’表示少量，词义不符。,2,33
2089480,どうかした,1791,9,f104e739t9,gloss,major,些许,偶然,chance 在该词条义项中表示偶然/机会，原译‘些许’错义。,2,33
2089480,どうかした,1791,10,f104e739t10,gloss,major,些许,偶然的,accidental 表示偶然发生的，原译‘些许’错义。,2,33
2089480,どうかした,1791,11,f104e739t11,gloss,major,些许,意外的,unexpected 表示出乎意料的，原译‘些许’错义。,2,33
1062660,ショック,1813,0,f6e446t0,gloss,major,休克（情绪上的）,情绪冲击,shock (emotional) 指情绪上的震惊或冲击，不能译为生理性休克。,2,34
2082160,屋,1817,4,f103e1212t4,example,major,日本各地的印度咖喱店的咖喱，果然都是迎合日本人口味，做得比本场的更温和。,日本各地的印度咖喱店的咖喱，果然都是迎合日本人口味，做得比正宗的更温和。,日语本場より表示比正宗/原产地的咖喱更温和；原译“本场”是明显用词错误。,2,34
2029060,たり,1836,6,f98e702t6,note,minor,作……たり…たり置于句末，接在重复动词的ます形词干之后,作……たり…たり，置于句末，接在重复动词的ます形词干之后,原译缺少分隔，导致“作……たり…たり置于句末”不通顺；补入标点以准确表达语法说明。,2,34
1405890,卒業,1841,4,f37e1212t4,gloss,major,长大,不再适合（某事）,outgrowing (something) 指逐渐超出某事物、变得不再适合，不能笼统译为“长大”。,2,34
1587290,頂く,1860,6,f55e1200t6,xref,minor,①接受；接受；接受,①接受；拿取；接受,xref 的三个英文义项 receive、take、accept 被原译重复写成三个“接受”；应保留 take 的“拿取”区别。,2,34
2857403,ばっか,1876,2,f203e1756t2,gloss,major,除了……之外,只有……,nothing but 表示“只有/不过”，原译“除了……之外”表达成了排除结构，语义方向错误。,2,35
1495740,付く,1893,17,f46e135t17,gloss,major,配备,陪同,付く的 to attend 在此组义项中指陪同、随行，原译“配备”是错误义。,2,35
1218770,喜んで,1917,2,f19e945t2,gloss,major,当然,乐意,willingly 应译为“乐意/自愿地”，原译“当然”对应 certainly，义项错位。,2,35
1218770,喜んで,1917,3,f19e945t3,gloss,major,我很乐意接受您的邀请。,当然,certainly 应译为“当然”，原译整句误放入 gloss 字段。,2,35
1218770,喜んで,1917,4,f19e945t4,example,major,乐意,我很乐意接受您的邀请。,例句英文对应“我很乐意接受您的邀请”，原译“乐意”是 gloss 内容，字段内容错位且不完整。,2,35
1575010,鱚,1939,0,f53e1486t0,gloss,major,沙鱼（沙鱼属鱼类，尤其是日本沙鱼，Sillago japonica）,沙梭鱼（沙梭鱼属鱼类，尤其是日本沙梭鱼，Sillago japonica）,sillago/キス 的中文鱼名为沙梭鱼；原译“沙鱼”易误解为鲨鱼且与属名不符。,2,35
2830551,よっぽど,1940,6,f178e955t6,note,major,“余”为音读汉字,“余”为借字（当て字）,ateji 指借字/当て字，不是“音读汉字”；原注释概念错误。,2,35
1444980,都合,1965,6,f41e571t6,gloss,major,筹措资金,借钱,lending money 指借钱/出借资金，原译“筹措资金”对应 raising money，义项方向错误。,2,36
1005210,さっぱり,1974,17,f1e1243t17,gloss,major,完全不懂,一点也没有,nothing at all 应表达完全没有，原译“完全不懂”加入了英文没有的理解对象。,2,36
1519340,暴れる,1994,0,f48e621t0,gloss,major,暴行,暴力行事,to act violently 是动词短语，原译“暴行”是名词，词性和释义均不对应。,2,36
1340570,出来事,2034,2,f31e206t2,gloss,major,事故,事件,incident 是一般性的事件/插曲；日语出来事也不限定为事故，原译“事故”无依据地缩窄了含义。,2,37
1585650,凾,2036,13,f55e577t13,xref,minor,① 公共建筑；公共建筑,① 公共建筑；社区建筑,xref 的第二个义项 community building 被重复译成“公共建筑”，应译为“社区建筑”。,2,37
1524500,埋める,2052,6,f48e1468t6,gloss,minor,止住（缺口）,堵住（缺口）,stop (a gap) 在中文中应为“堵住缺口”；“止住（缺口）”搭配不当。,2,37
1257110,硬い,2228,4,f23e442t4,example,minor,请煮成硬蛋。,请把鸡蛋煮熟。,boil the eggs hard 指把鸡蛋煮熟/煮老，原译“煮成硬蛋”是生硬且不自然的中文表达。,2,39
1981440,あれだけ,2238,4,f93e1357t4,example,minor,收集那么多硬币花了多少年月？,收集那么多硬币花了多少年时间？,how long 表示耗时多久；“多少年月”不符合自然中文，应明确为“多少年时间”。,2,39
1378450,生,2258,16,f34e1510t16,gloss,major,青的,青涩的,green 表示缺乏经验、青涩，原译“青的”不符合该抽象义项的中文用法。,2,39
1378450,生,2258,29,f34e1510t29,gloss,major,某种程度,不知怎么地,somehow 指不知怎么地/不知何故，原译“某种程度”对应 somewhat，义项错位。,2,39
2232980,この内,2280,3,f119e317t3,example,minor,其中重要的是第二点观点。,其中重要的是第二个观点。,例句中的 second one 指第二个观点，原译“第二点观点”重复且不自然。,2,39
1548520,絡む,2305,7,f51e103t7,gloss,major,牵涉,影响,EN 'to have an influence' 明确是产生影响，旧译‘牵涉’表示涉及，错义。,2,40
1189960,加える,2369,7,f16e1438t7,gloss,major,增加,加快（如速度）,EN 'to gather (e.g. speed)' 在速度语境中指加快、聚集速度，旧译‘增加’不自然且遗漏动作义。,2,40
1189960,加える,2369,8,f16e1438t8,gloss,major,增加,捡起,EN 'to pick up' 是捡起、拿起，旧译‘增加’为明显错义。,2,40
1381210,誓う,2395,1,f35e134t1,gloss,major,许愿,发誓,EN 'to vow' 在此誓约义中是发誓/立誓，旧译‘许愿’易误作 wish。,2,41
1569240,こすい,2433,3,f53e251t3,gloss,minor,机灵的,狡猾的,EN 'crafty' 指狡猾、诡诈，旧译‘机灵的’偏离贬义语气。,2,41
1589580,下ろす,2447,19,f56e39t19,gloss,major,去鳞（鱼）,剖鱼取片,EN 'to fillet (fish)' 是把鱼剖片/去骨取片，旧译‘去鳞’是不同处理动作。,2,41
1351280,笑,2452,9,f32e236t9,example,major,店员带着僵硬的笑容回答了。,带着冷笑的店员回答道。,EN 'smirking' 及日文 ぎこちない笑い 描写带嘲意/不自然的笑，旧译‘僵硬的笑容’遗漏 smirk 的冷笑语气。,2,41
1611600,増し,2454,4,f59e1720t4,note,minor,尤其作“まし”,尤其作“マシ”,EN 明确写作 マシ，旧译注音写成平假名‘まし’，与来源形式不符。,2,41
1187300,仮に,2461,7,f16e817t7,gloss,major,权宜之计,暂且,EN 'for the time being' 是暂时、暂且，旧译‘权宜之计’是名词且改变词义。,2,41
1610270,憑み,2489,1,f59e1413t1,gloss,major,委托,帮忙,EN 'favor' 在请求别人做事的语境中是帮忙/情面，旧译‘委托’偏为正式托付，语义不当。,2,42
1357210,餝る,2492,2,f32e1382t2,gloss,minor,装扮,装点,EN 'to adorn' 是装饰、装点，旧译‘装扮’主要用于人或外表，词义不准。,2,42
1077410,ちぇ,2522,1,f7e566t1,gloss,minor,呸,啧,EN 'tut' 是表示不满的咂嘴声，旧译‘呸’通常表示唾弃/吐痰，语气不符。,2,42
1465410,入り,2579,2,f43e691t2,gloss,major,条目,进入,入り 的 EN 'entry' 指进入/入场，旧译‘条目’是 entry（词条）的另一义，明显错义。,2,43
1010900,ぴったり,2587,3,f2e355t3,example,major,他们呼吸完全一致。,他们配合得非常默契。,日文 息がぴたりと合っている 及 EN perfect match 描写配合默契，旧译‘呼吸完全一致’为生硬直译且误解为生理呼吸。,2,43
1221130,機能,2592,2,f19e1381t2,gloss,major,机能,能力,EN 'faculty' 在功能/能力义中应译能力，旧译‘机能’是日文汉字残留且不成中文释义。,2,43
2158990,いいとこ,2687,8,f111e717t8,example,major,他妈妈真可怜。那家伙简直让妈妈哭都哭得够格了。,他妈妈真可怜。那家伙简直让她伤透了心。,EN 'puts her through the wringer' 是让母亲受尽折磨/伤透心，旧译‘让妈妈哭都哭得够格了’中文不通且错解。,2,44
1436560,閉まる,2690,7,f40e925t7,example,major,因为门关着，所以进不去。,因为门锁着，所以进不去。,EN 明确为 'door was locked'，旧译‘门关着’遗漏 locked 的上锁状态。,2,44
1320280,嫉妬,2705,1,f29e237t1,gloss,minor,羡慕,嫉妒,EN 'envy' 在嫉妒词条的并列义中是嫉妒，旧译‘羡慕’在现代中文常含正面欣赏义，语气不符。,2,44
1310410,施設,2720,5,f28e348t5,gloss,major,（养老院、孤儿院等）设施,（养老院、孤儿院等）之家,"EN 'home (for the elderly, orphans, etc.)' 指养老院、孤儿院等收容之家，旧译‘设施’遗漏 home 的机构/居所义。",2,44
1529520,無い,2775,4,f49e408t4,gloss,major,没有,无主的,EN 'unowned' 指没有所有者/无主，旧译‘没有’过于泛化且未表达所有权。,2,45
1369900,ゴミ,2792,5,f33e1908t5,example,major,她扫掉了玄关的垃圾。,她扫掉了玄关的尘土。,EN 'dirt' 及日文 玄関のごみ 描写扫除的尘土/垃圾尘屑，旧译‘垃圾’不当；按日文场景保留玄关并改为尘土。,2,45
1285890,刻む,2834,19,f25e1550t19,gloss,major,放置,暂时停球,高尔夫 EN 'to lay up' 指为下一杆暂时停球/保守处理，旧译‘放置’过于字面且不成该运动义。,2,45
1640770,待ち,2879,2,f62e1256t2,example,major,那个巡演，现在处于取消候补的状态。,那个巡演已经有候补名单了。,日文为取消候补状态，英文是已有候补名单；原译误写成取消候补的状态，表达不通。,2,46
1600400,呑み込む,2880,10,f58e55t10,gloss,major,吞下,吞没,吞咽义之外的吞没义中 swallow up 应译为吞没，原译吞下错义。,2,46
1244960,備える,2896,4,f21e1980t4,example,minor,这栋楼配备了紧急楼梯。,这栋楼配备了应急楼梯。,emergency stairs 在建筑语境中是应急楼梯，原译紧急楼梯不自然。,2,46
1244960,備える,2896,8,f21e1980t8,example,minor,必须随时做好准备。,你应该为紧急情况做好准备。,日文不時指紧急情况，英文明确为 be prepared for emergencies；原译漏掉对象。,2,46
1363740,真似,2901,2,f33e696t2,gloss,major,拟态,模仿,mimicry 是模仿行为，原译拟态指生物伪装/拟态，错义。,2,46
1420840,地下,2905,2,f39e166t2,example,minor,而且为了排放污水，地下设有下水道。,为了排放污水，地下设有下水道。,日文和英文没有‘而且’，原译凭空添加连接内容。,2,46
2208410,あっという間,2912,2,f116e856t2,gloss,major,毫无时间,转眼间,no time at all 在该惯用表达中指极短时间，原译毫无时间不合中文语义。,2,46
2208410,あっという間,2912,3,f116e856t3,info,minor,“啊！”的时间,“啊！”的一瞬间,time of an ‘ah!’ 是感叹声出现的一瞬间，原译‘啊！’的时间生硬且不准确。,2,46
2208410,あっという間,2912,5,f116e856t5,xref,major,一瞬间；一眨眼；眨眼之间；毫无时间；就这样,一瞬间；一闪之间；眨眼之间；转眼间；就这样,xref 中 no time at all 同样应表达转眼间，原译毫无时间为明显错译。,2,46
1523150,本番,2921,1,f48e1232t1,gloss,major,正式演出,登台或上播,going before an audience or on-air 明确包含登台或播出，原译重复正式演出且遗漏播出义。,2,46
1523150,本番,2921,2,f48e1232t2,gloss,major,正式演出,（演出或拍摄的）一遍,take 在表演/拍摄语境是一次演出或拍摄，原译正式演出不对应该义。,2,46
2829960,いいね,2935,2,f177e1687t2,example,major,他真不错。一打就响，反应很快，让他做什么都会照做。,他真不错。反应很快，吩咐做什么都会马上行动。,日文打てば響くようにすぐ動く表示反应迅速、听从安排，原译一打就响把惯用语直译且语义不清。,2,47
1489240,漂う,2956,3,f45e1119t3,gloss,major,飘浮,飘来（如气味）,waft 指气味等飘来/飘散，原译飘浮不符合该动词义。,2,47
1215240,間,2973,2,f19e246t2,example,major,趁鬼不在的时候洗东西。,趁鬼不在的时候洗衣服。,日文洗濯指洗衣服，原译洗东西过于宽泛且不合该谚语语境。,2,47
1581610,端,2975,8,f54e1447t8,gloss,minor,首先,最初,beginning/start/first 在此组作名词义，first 应译最初，原译首先是副词。,2,47
1165670,１杯,2987,6,f14e418t6,gloss,major,一杯（量词，用于杯、碗等容器）,一勺（量词）,spoonful 是一勺，原译一杯改变了计量单位。,2,47
1277440,いい加減,2990,6,f25e126t6,gloss,minor,心不在焉的,三心二意的,halfhearted 指缺乏热情、三心二意，原译心不在焉偏离投入程度义。,2,47
1584360,毎年,3024,1,f55e207t1,gloss,minor,每年地,每年,yearly 作中文频率副词应译每年，原译每年地不合语法。,2,48
1584360,毎年,3024,2,f55e207t2,gloss,minor,每年地,每年,annually 作中文频率副词应译每年，原译每年地不合语法。,2,48
1537780,やたら,3072,9,f49e1926t9,gloss,minor,不加区别地,不加区别的,sense 2 的 indiscriminate 是形容词，原译不加区别地为副词形式。,2,48
1537780,やたら,3072,10,f49e1926t10,gloss,minor,任意地,随机的,sense 2 的 random 是形容词，原译任意地为副词形式。,2,48
1537780,やたら,3072,11,f49e1926t11,gloss,minor,过分地,过度的,sense 2 的 excessive 是形容词，原译过分地为副词形式。,2,48
2151700,げ,3095,7,f110e1338t7,example,major,“这家店的老奶奶，真是爱管闲事啊——”“大辉，我听见了哦！”“呜……”,“这家店的老太太很不友好，不过……” “大辉，我听见了哦！” “呸……”,日文愛想悪い是待人不友好，げっ表达厌恶；原译爱管闲事和呜均错义。,2,48
1215850,関係者,3099,4,f19e352t4,example,major,听证会禁止媒体相关人员进入。,听证会禁止媒体人员进入。,報道関係者是媒体人员，原译媒体相关人员改变了被禁止进入的对象表达。,2,48
1270010,後輩,3122,3,f24e874t3,example,major,他比我晚三年。,他比我晚三年入学。,junior by three years 表示晚三年入学/资历低三年，原译比我晚三年缺少关系对象但语义不完整。,2,49
1012770,やけに,3127,7,f2e758t7,example,major,别闹了。今天你真是疯得过分了。,别闹了。你今天太荒唐了。,英文 ridiculous、日文ふざけている是荒唐/胡闹，原译疯得过分增加了不对应的疯义。,2,49
1212960,歓迎,3133,2,f18e1833t2,example,minor,你被我们班欢迎。,我们班欢迎你。,被动式中文‘你被我们班欢迎’不通顺，日文表示在本班受到欢迎。,2,49
1598960,捕える,3212,1,f57e1539t1,gloss,major,逮捕,捕获,capture 是捕获，逮捕只是 arrest；原译把一般捕获义误限为逮捕。,2,50
2096190,ひょっとして,3226,0,f104e1946t0,gloss,minor,万一,碰巧,by any chance 在疑问句中是碰巧/或许，原译万一偏向条件假设。,2,50
1470840,臨く,3255,17,f43e1585t17,xref,major,② 面对（处境、危机等）；遭遇（如死亡）；被……所面对,② 面对（处境、危机等）；遭遇（如死亡）；面临,to be confronted by 应译面临，原译被……所面对不合中文语法且改变主客体关系。,2,50
1222550,気まずい,3259,4,f19e1858t4,example,major,我因紧张而浑身发热。,我因尴尬而浑身发热。,embarrassment 对应尴尬/难堪，日文気まずい思い也是尴尬感，原译紧张改变情绪。,2,50
1240530,弾,3269,27,f21e1093t27,example,critical,艰难使你成为宝石。,逆境使人成为聪明人，而不是富人。,"英文明确是 adversity makes a man wise, not rich；原译把 wise 的成才比喻错成成为宝石。",2,50
2004010,わっ,3275,0,f96e56t0,gloss,major,嘘！,吓！,boo 是用来吓人的声音，原译嘘通常表示噤声，功能和语气不符。,2,50
1444840,賭ける,3296,0,f41e540t0,gloss,major,赌注,打赌,to wager 是动词打赌，原译赌注是名词，词性错误。,2,51
1374310,世話になる,3339,7,f34e783t7,gloss,major,欠债,欠下恩情,世話になる的 become indebted 指受人照顾而欠下恩情，并非金钱债务；与 xref 释义一致。,2,51
1383260,赤ちゃん,3412,1,f35e601t1,gloss,minor,新生儿,婴儿,infant 泛指婴儿，不等同于新生儿。,2,52
1164650,一旦,3419,2,f14e242t2,gloss,minor,一旦,短时间,for a short time 应译为短时间，不能译成一旦。,2,52
1164650,一旦,3419,3,f14e242t3,gloss,minor,一旦,短暂地,briefly 表示短暂地。,2,52
1164650,一旦,3419,4,f14e242t4,gloss,minor,一旦,暂时,temporarily 表示暂时。,2,52
1164650,一旦,3419,6,f14e242t6,gloss,major,一旦,一个早晨,one morning 是一个早晨，不是一旦。,2,52
1208640,辷る,3424,6,f18e1001t6,gloss,minor,滑倒,打滑,skid 指打滑或侧滑，不是滑倒。,2,52
2009460,おばあちゃん,3467,3,f96e1160t3,example,major,他们说我是奶奶。,他们说我是个老太太。,old woman 是老太太/老妇人，例句不是称为奶奶。,2,52
1582900,燃やす,3469,3,f54e1800t3,gloss,major,被激怒,斗志昂扬,to be fired up 表示振奋、斗志昂扬，不是被激怒。,2,52
1582900,燃す,3470,3,f54e1802t3,gloss,major,被激怒,斗志昂扬,to be fired up 表示振奋、斗志昂扬，不是被激怒。,2,52
1218880,器,3479,8,f19e965t8,example,major,他将来会成为国家的栋梁。,他有成为国家未来栋梁的才能。,capacity to be a future leader 表示有成为未来领导者的能力，原译误成已经会成为栋梁。,2,52
1324650,弱る,3487,4,f29e1278t4,example,minor,他（かれ）因年岁渐长（寄る年波）而衰弱。,他因年岁渐长而衰弱。,中文例句残留了日语读音括注（かれ），应删除。,2,53
1263490,顕す,3493,4,f23e1671t4,example,minor,&符号表示and（和）的文字。,“&”符号代表“and”这个词。,stands for 表示代表，原译“表示and的文字”不通顺且残留未处理英文。,2,53
1251110,経る,3513,6,f22e1011t6,gloss,minor,通过,经历,go through 在 experience 义下应译为经历，不是通过。,2,53
1364520,神経,3549,1,f33e922t1,example,minor,不应该总是用过于细腻的神经去对待成长中的孩子们。,不应该总是用过于敏感的神经来对待成长中的孩子们。,细腻的神经是直译且不自然，原文指过于敏感地对待孩子。,2,53
1272730,候補,3574,7,f24e1427t7,gloss,major,候选人,候选资格,candidacy 指候选资格，不是候选人。,2,53
1272730,候補,3574,8,f24e1427t8,gloss,major,候选人,候选资格,candidature 指候选资格，不是候选人。,2,53
1272730,候補,3574,9,f24e1427t9,gloss,major,候选人,提名,nomination 指提名，不是候选人。,2,53
1138390,ライン,3578,1,f11e1610t1,example,minor,对方球队试图不让对方越过线。,对方球队试图阻止他们越过界线。,them 指被阻止的一方，原译重复为对方。,2,53
1516280,崩壊,3616,4,f48e63t4,example,minor,都德王朝于1603年灭亡。,都铎王朝于1603年灭亡。,Tudor Dynasty 的通行中文专名为都铎王朝，原译都德用字错误。,2,54
1175300,超す,3647,12,f15e428t12,example,minor,一位老奶奶搬到了隔壁。,一位老妇人搬到了隔壁。,old lady 仅指老妇人，不能擅自译成奶奶。,2,54
1631970,しーん,3685,3,f61e1441t3,example,major,有几处场景与原作不符。,有几处场景从原作中删去了。,have been cut from the original 表示从原作中删去，原译误成与原作不符。,2,55
1007020,それどころか,3687,2,f1e1624t2,gloss,minor,如果说什么,要说的话,if anything 表示如果说有区别/要说的话，原译‘如果说什么’不成句。,2,55
1543750,予約,3691,4,f50e1073t4,example,minor,“酒店的预约做了吗？”“抱歉，还没有。”,“您预订酒店房间了吗？”“抱歉，还没有。”,reserved a hotel room 应明确译为预订酒店房间，原译‘酒店的预约做了吗’不自然。,2,55
1551310,立ち去る,3740,1,f51e606t1,gloss,minor,出发,离去,depart 在立ち去る语境中是离去，不是出发。,2,55
2862450,それなりに,3755,3,f208e1654t3,gloss,major,各有所好,按其方式,after its fashion 表示按其特有方式，原译‘各有所好’改变了含义。,2,55
1283220,高まる,3771,7,f25e1132t7,example,minor,欢呼声高涨成了骚动。,欢呼声越来越高，变成了雷鸣般的吼声。,swelled to a roar 指欢呼声变成轰鸣般的声响，不是变成骚动。,2,55
1369820,刃,3780,1,f33e1900t1,gloss,minor,刀片,刀刃,blade 在刀剑语境中是刀刃/刃，不是特指刀片。,2,56
1448780,中たり,3789,1,f41e1288t1,example,major,虽然咬了几次，但鱼钩上并没有钓到鱼。,虽然有几次咬钩，但没钓到鱼。,I got several bites 指有几次鱼咬钩，原译把鱼误作主语。,2,56
1216250,円,3812,1,f19e493t1,example,major,约翰和凯西的兴趣和性格都不同。想让这两个人在一起，就像方孔里钉方钉一样。,约翰和凯西的兴趣和性格都不同。想让这两个人在一起，就像把方钉插进圆孔一样。,square peg in a round hole 是方钉插入圆孔，原译误写成方孔里钉方钉。,2,56
1603090,振舞う,3923,0,f58e1152t0,gloss,minor,行为,表现,to behave 是动词，应译为表现/举止，原译‘行为’为名词且不自然。,2,57
1577120,何故,3945,1,f54e69t1,gloss,major,为什么,怎么,该 gloss 的英文约束是 how，中文应为怎么；why 的其他 gloss 已译为什么。,2,57
2141560,何よりも,3955,2,f109e1245t2,example,minor,比起什么都，我最喜欢跑步了。,我最喜欢跑步胜过世上一切。,more than anything else 的原译‘比起什么都’不合中文表达。,2,57
1446710,唐突,3961,2,f41e891t2,example,minor,突如其来的质问让他哑口无言。,突如其来的问题让他哑口无言。,日文質問/英文question 是问题，原译‘质问’带入了责问语气。,2,57
1519230,忘れ物,4000,1,f48e597t1,gloss,minor,遗忘物,遗留物,thing left behind 指遗留物，‘遗忘物’不是自然中文名词。,2,57
1519230,忘れ物,4000,4,f48e597t4,gloss,minor,健忘,忘记某事,forgetting something 是忘记某事，‘健忘’表示性格或习惯，语义不符。,2,57
2231160,お互いに,4054,5,f118e1950t5,example,major,约翰和玛丽曾互爱互敬。,约翰和玛丽彼此相爱。,日语 愛し合う 表示彼此相爱，原译增添了日文没有的‘互敬’。,2,58
1480340,反撃,4093,0,f44e1490t0,gloss,critical,尤其指叛军,反击,counterattack 的释义是反击，原译‘尤其指叛军’完全错义。,2,58
1480340,反撃,4093,1,f44e1490t1,gloss,major,反军的,反攻的,counteroffensive 是反攻，原译‘反军的’误把攻势译成了叛军。,2,58
1489880,表面,4097,1,f45e1203t1,gloss,major,面部,表面,表面 的 face 义与 surface 同义，原译‘面部’指人体脸部，错解词义。,2,58
1408220,太る,4124,3,f37e1542t3,gloss,minor,变壮,变胖,get stout 在该词太る的体重语境中是变胖，原译‘变壮’偏离增重含义。,2,58
1612650,あれこれ,4128,2,f59e1975t2,gloss,minor,某事某事,这样那样的事,one thing or another 表示这样那样的事，原译‘某事某事’是机械重复且不自然。,2,59
1366330,震わせる,4131,4,f33e1333t4,example,minor,她因愤怒而声音颤抖。,她的声音因愤怒而颤抖。,日语是声を震わせていた，中文应以声音作主语；原译‘因愤怒而声音颤抖’语序不通。,2,59
1403550,贈る,4176,6,f37e806t6,example,minor,市长授予了他市钥匙。,市长授予了他城市的钥匙。,the key to the city 是城市的钥匙这一授予物，原译‘市钥匙’不合中文表达。,2,59
1365650,身近,4209,0,f33e1218t0,gloss,major,自己,身边,身近的 near oneself 义是身边、身旁，原译‘自己’遗漏了接近位置义。,2,59
1298260,策,4211,7,f26e1952t7,gloss,minor,永字八法中的第五笔法,永字八法中的第五法,the fifth principle of the Eight Principles of Yong 指永字八法中的第五法，原译‘第五笔法’表述不准。,2,59
1221260,帰り道,4216,3,f19e1399t3,example,minor,她不知道回家的路。,她找不到回去的路。,日语帰り道和英文the way back仅指返回途中，未限定回家；原译擅加‘回家’。,2,59
1602060,非道い,4239,5,f58e804t5,example,major,这种药的味道很苦。,这种药的味道糟透了。,日语ひどい味和英文horrible表示味道很糟，原译‘很苦’凭空限定为苦味。,2,60
1465850,入学,4245,2,f43e775t2,gloss,major,注册,入学,入学的 enrolment 义是入学，原译‘注册’在该词学校语境中不准确。,2,60
1465850,入学,4245,3,f43e775t3,gloss,major,注册,入学,入学的 enrollment 义是入学，原译‘注册’误作一般登记。,2,60
1465850,入学,4245,4,f43e775t4,gloss,major,注册,入学,matriculation 指入学注册这一入学行为，词头语义对应‘入学’，原译‘注册’不完整。,2,60
1432980,通り過ぎる,4249,3,f40e329t3,example,minor,我从那条黑暗的街道旁边经过。,我走过那条昏暗的街道。,通り過ぎる表示走过、经过，原译添加‘从旁边’改变了通过街道的画面。,2,60
2453510,お楽しみ,4287,5,f138e1734t5,gloss,minor,趣味,乐趣,fun 的常用中文对应是乐趣，原译‘趣味’在此义下不自然。,2,60
1471210,破れる,4295,2,f43e1659t2,gloss,major,破裂,撕破,破れる的 rip 义是撕破，原译‘破裂’通常用于爆裂或关系破裂，错置语义。,2,60
1747960,飽く迄も,4314,7,f72e1944t7,example,major,天空始终是蓝色的。,天空蓝得不能再蓝。,英文as blue as blue can be强调极蓝，原译‘始终是蓝色’遗漏程度并改变句意。,2,60
1006720,そこら,4354,5,f1e1535t5,gloss,minor,那个点,那一点,that point 在此为指示某一点，原译‘那个点’是生硬直译。,2,61
1539280,優勝,4382,3,f50e241t3,example,major,汤姆应该是冠军吧。,汤姆赢得第一名了吧。,英文first prize和日语优勝した表示赢得第一名，原译‘冠军’把奖项误限为冠军。,2,61
1121380,ペン,4390,0,f10e1151t0,gloss,major,钢笔,笔,pen 是泛指笔，原译‘钢笔’缩窄了词义，且同一例句另列pencil。,2,61
1217780,顔を合わせる,4403,2,f19e746t2,example,major,关于他的事，我到此为止。我们只是见面打个招呼的关系。,关于他的事，我就知道这些。我们只是见面打个招呼的关系。,英文I don't know any more about him表示只了解这些，原译‘到此为止’不自然且语义不清。,2,61
2660420,すぐそこ,4434,0,f157e1595t0,gloss,minor,近在,附近,close by 的中文释义应为附近，原译‘近在’缺少成分。,2,61
1484330,冠る,4441,7,f45e287t7,gloss,major,浇在头上,浇在自己身上,to pour water on oneself 是把水浇到自己身上，原译‘浇在头上’擅加头部限定。,2,62
1200480,懐,4454,6,f17e1317t6,example,major,在父亲怀抱中的独生子神，已被祂所阐明。,在父亲怀里的独生子神，已将他显明出来。,英文和日文是圣经句式，意为父怀中的独生子神将父显明；原译语序混乱且误作‘已被祂阐明’。,2,62
1516580,放棄,4470,2,f48e125t2,gloss,major,弃权,放弃,renunciation 是放弃、弃绝，原译‘弃权’特指放弃权利，缩窄并偏移词义。,2,62
1375070,勢いよく,4514,2,f34e933t2,gloss,major,猛烈地,精力充沛地,energetically 表示精力充沛地，原译‘猛烈地’只适用于力量强烈语境。,2,62
1375070,勢いよく,4514,3,f34e933t3,gloss,major,猛烈地,热情地,enthusiastically 是热情地，原译‘猛烈地’误译语气和方式。,2,62
1375070,勢いよく,4514,4,f34e933t4,gloss,major,猛烈地,精神饱满地,with spirit 表示精神饱满地，原译‘猛烈地’不对应。,2,62
1331670,就職,4521,2,f30e707t2,example,major,为什么就业被拒绝了？,为什么我求职被拒绝了？,英文被拒绝的是求职者，原译‘就业被拒绝’主客体和中文表达均不自然。,2,62
1252490,警備,4533,3,f22e1511t3,gloss,major,警察,治安维护,policing 指治安维护、警务活动，原译‘警察’把活动误译为人员。,2,62
1594180,仕組,4569,4,f56e1764t4,gloss,major,机构,机制,mechanism 的中文是机制，原译‘机构’指组织或单位，词义错误。,2,63
1354720,乗り,4588,6,f32e778t6,gloss,minor,（进入）精神,（进入）兴致,entering into the spirit 表示进入兴致、投入状态，原译‘进入精神’不符合中文。,2,63
1541290,有効,4594,3,f50e574t3,gloss,major,柔道中的“有勾”,柔道中的“有效”（得分）,柔道术语 yuko 是‘有效’得分，原译‘有勾’为明显错字和错义。,2,63
1288500,恍れる,4612,4,f26e316t4,example,major,比尔似乎对玛丽一见钟情。,比尔似乎迷上了玛丽。,stuck on 表示迷上、着迷，并无一见钟情的时间限定；原译凭空增添‘一见’。,2,63
1982210,そう言えば,4633,1,f93e1476t1,gloss,major,在那方面,仔细想想,come to think of it 是‘仔细想想/想起来’，原译‘在那方面’完全不对应。,2,63
1982210,そう言えば,4633,3,f93e1476t3,gloss,major,那样看来,关于那个话题,on that subject 表示关于那个话题，原译‘那样看来’误成推断语气。,2,63
1982210,そう言えば,4633,4,f93e1476t4,gloss,major,不管怎样,说到这里,speaking of which 是说到这里、说起来，原译‘不管怎样’语义完全不同。,2,63
1982210,そう言えば,4633,5,f93e1476t5,example,major,顺便,说起来，我确实见过太郎。,例句 Come to think of it 表示说起来/想起来，原译仅‘顺便’遗漏主句和语义。,2,63
2836134,足を止める,4653,2,f183e1664t2,example,major,那栋房子里有什么东西，让她停下脚步，再次回想起来。,那栋房子里有什么东西，让她停下脚步再次回头看。,振り返らせる是让她回头看，原译‘回想起来’误作心理回忆。,2,63
1157080,為め,4657,10,f13e821t10,example,major,1月30日、31日因葬礼而休息。,1月30日、31日因服丧而请假。,bereavement leave 是丧亲假、服丧请假，原译‘因葬礼而休息’误将服丧限定为葬礼。,2,63
1157080,為め,4657,11,f13e821t11,gloss,major,结果,后果,consequence 通常指后果，原译‘结果’与下一字段result重复且遗漏负面结果色彩。,2,63
1157080,為め,4657,12,f13e821t12,gloss,major,后果,结果,result 的常用对应是结果，原译‘后果’与 consequence 对调。,2,63
2253230,二人きり,4661,1,f121e758t1,example,minor,在那所房子里，她只有和婴儿两人。,在那所房子里，她和婴儿两人独处。,just the two of them 表示两人独处，原译‘只有和婴儿两人’语序不通。,2,63
1333810,醜い,4688,7,f30e1027t7,gloss,minor,耻辱,可耻的,shameful 为形容词，旧译“耻辱”是名词，词性不符。,2,64
1029150,ｈ,4708,19,f3e1408t19,xref,minor,② 洞；杯,② 球洞；洞杯,高尔夫语境中 cup 指球洞内的洞杯，不能泛译为“杯”。,2,64
1029150,ｈ,4711,5,f3e1406t5,gloss,minor,肮脏的,下流的,该词条的 dirty 与日语エッチ的性意味相连，应译为“下流的”，而非物理意义的“肮脏的”。,2,64
1029150,ｈ,4711,19,f3e1406t19,xref,minor,② 洞；杯,② 球洞；洞杯,高尔夫语境中 cup 指球洞内的洞杯，不能泛译为“杯”。,2,64
1374700,制限,4748,3,f34e885t3,gloss,minor,限额,限度,一般名词 limit 是限度/界限；“限额”特指配额，语义过窄。,2,64
1490160,病,4756,2,f45e1243t2,example,minor,约翰的祖母病了很久，去世了。,约翰的祖母卧病在床很久后去世了。,日语病に伏せていた明确表示卧病在床，旧译遗漏了该限定。,2,64
1228330,吸収,4777,1,f20e883t1,gloss,major,吸引,吸力,suction 是吸力/抽吸作用，旧译“吸引”与 attraction 混同。,2,64
1228330,吸収,4777,2,f20e883t2,gloss,minor,牵引,吸引力,attraction 作名词应为吸引力，旧译“牵引”易指牵引/牵引力。,2,64
1231490,牛,4794,0,f20e1505t0,gloss,major,母牛,牛（Bos taurus）,cattle (Bos taurus) 是牛这一物种，旧译“母牛”错将总称译成雌性个体。,2,65
1231490,牛,4794,1,f20e1505t1,gloss,major,公牛,母牛,cow 指母牛，旧译“公牛”性别相反。,2,65
1231490,牛,4794,2,f20e1505t2,gloss,major,牛,公牛,bull 指公牛，旧译“牛”遗漏性别限定。,2,65
1231490,牛,4794,3,f20e1505t3,gloss,major,小牛,阉牛,ox 指阉牛，旧译“小牛”误成 calf。,2,65
1231490,牛,4794,4,f20e1505t4,gloss,major,父亲拥有牧场，饲养着牛和马。,小牛,calf 指小牛，旧译被错置为整句例句。,2,65
1231490,牛,4794,5,f20e1505t5,example,major,牛肉,我父亲拥有一座牧场，饲养着牛和马。,该字段是 cattle 例句，旧译被错置为 beef，且未翻译日语例句。,2,65
1231490,牛,4794,6,f20e1505t6,gloss,major,通常读作ぎゅう,牛肉,beef 应译为牛肉，旧译被错置为读音说明。,2,65
1231490,牛,4794,7,f20e1505t7,note,major,牛肉,通常读作“ぎゅう”,note usu. ぎゅう 应说明通常读作ぎゅう，旧译被错置为牛肉。,2,65
1231490,牛,4794,8,f20e1505t8,example,major,中国北方天空的“牛”星宿（二十八宿之一）,日本的牛肉大理石纹脂肪含量很高。,该字段是 beef 例句，旧译被错置为星宿释义。,2,65
1231490,牛,4794,9,f20e1505t9,xref,major,北方天空的七宿（中国星座）,牛肉,beef xref 应译为牛肉，旧译被错置为北方星宿说明。,2,65
1231490,牛,4794,10,f20e1505t10,gloss,major,牛（Bos taurus）,中国天文学中的“牛”星宿（二十八宿之一）,Chinese Ox constellation 是二十八宿中的牛宿，旧译被错置为 Bos taurus。,2,65
1231490,牛,4794,12,f20e1505t12,xref,major,母牛,② 北方天空的七宿（中国星座）,xref 指北方天空七宿，旧译“母牛”是错位字段。,2,65
1225940,蟻,4831,1,f20e485t1,example,minor,一只蚱蜱和许多蚂蚁住在原野上。,一只蚱蜢和许多蚂蚁生活在原野上。,grasshopper 应为蚱蜢，旧译“蚱蜱”是虫名误写。,2,65
1433070,通過,4904,6,f40e346t6,gloss,major,通过,车厢,交通语境中的 carriage 指列车车厢，旧译“通过”误作动词。,2,66
1480420,反射,4943,2,f44e1500t2,example,major,当房间的光线反射时，她的眼睛闪闪发亮。,她的眼睛反射着房间的光线，闪闪发亮。,日语主语是她的眼睛，旧译误成“房间的光线反射时”，主客体关系错误。,2,66
1323350,蛇,4974,1,f29e1048t1,note,major,「你」喜欢蛇吗？「当然不喜欢。」,“じゃ”更常用于指蛇或大蛇,原 note 误混入例句文本；英文说明是 じゃ 更常与 serpent 和 large snake 联系。,2,66
1580950,切り出す,5002,10,f54e1236t10,gloss,minor,选取并提取（自媒体文件）,选取并提取（从媒体文件中）,media file 应为媒体文件，旧译“自媒体文件”凭空加入了自媒体含义。,2,66
1530040,無事に,5011,1,f49e499t1,gloss,minor,未出事故地,毫无事故地,without incident 表示未发生事故，旧译“未出事故地”不成自然中文。,2,67
1530040,無事に,5011,2,f49e499t2,gloss,minor,未出意外地,毫无意外地,without mishap 表示毫无意外/差错，旧译“未出意外地”不成自然中文。,2,67
1445190,度胸,5022,3,f41e621t3,gloss,minor,神经,胆量,nerve 在 courage 义下指胆量，旧译“神经”是字面误译。,2,67
1497350,浮かび上がる,5039,1,f46e504t1,gloss,minor,浮出水面,显现出来,come to the front 指显现/浮现到前面，旧译“浮出水面”局限于字面水面。,2,67
1396240,全滅,5067,4,f36e1110t4,example,major,那个镇子的居民全部灭绝了。,那个镇子的居民全都被消灭了。,wiped out 用于居民应译为全部被消灭，旧译“全部灭绝”把人群误作物种。,2,67
2213230,お家,5079,4,f116e1803t4,example,major,她看着原野上的草变绿了。,小房子看着原野上的草变绿了。,日语句主语是小さなおうち（小房子），旧译擅自改成“她”，主语和性别均错误。,2,67
1390240,戦士,5229,3,f36e16t3,example,major,那名武士对枪法很敏感。,那名士兵对长矛很敏感。,soldier 是士兵、yり是长矛，旧译“武士”“枪法”同时误译词义。,2,68
1257900,検索,5241,1,f23e586t1,gloss,minor,查阅,搜索（如在互联网上）,search on the Internet 应明确译为搜索，旧译“查阅”与词典查词义混同。,2,68
1257900,検索,5241,2,f23e586t2,gloss,minor,查阅,（信息的）检索,retrieval of information 指信息检索，旧译“查阅”遗漏检索动作。,2,68
1257900,検索,5241,3,f23e586t3,gloss,minor,查阅,参考,reference 作名词义为参考，旧译与其他 search 义重复。,2,68
1100850,パートナー,5282,1,f8e1992t1,example,major,除了两三个缺点之外，他是一个值得信赖的舞伴。,除了两三个缺点之外，他是一个值得信赖的伙伴。,英文和日语均为一般 partner，旧译“舞伴”凭空加入舞蹈语境。,2,69
1223880,起動,5290,4,f20e95t4,gloss,major,发射,启动,起動词条中的 launch 指启动程序/设备，旧译“发射”是物理发射义。,2,69
1551210,率いる,5345,3,f51e587t3,example,major,然而，一到城堡，我就被率领近卫兵的人勾引进了这座监狱。,然而，一到城堡，我就被率领近卫兵的人关进了这座监狱。,日语によって与英文 thrown into prison 都表示被带入并关进监狱，旧译“勾引进”错误加入诱骗含义。,2,69
1715550,見る目,5566,9,f70e123t9,gloss,major,外表,所见,EN sight 表示所见/视觉对象，旧译‘外表’与同组 appearance 混淆。,2,71
1715550,見る目,5566,10,f70e123t10,gloss,major,外表,印象,EN impression 明确指印象，旧译‘外表’错义。,2,71
1207590,掛る,5643,1,f18e779t1,example,major,收集那么多硬币花了多少年月？,收集那么多硬币花了多少时间？,日文询问收集硬币所需时间，旧译‘多少年月’不自然且改变了时间量表达。,2,72
1207590,懸る,5646,1,f18e781t1,example,major,收集那么多硬币花了多少年月？,收集那么多硬币花了多少时间？,日文询问收集硬币所需时间，旧译‘多少年月’不自然且改变了时间量表达。,2,72
1035640,オリジナル,5735,1,f4e356t1,example,major,有几处场景与原作不符。,有几处场景被从原作中删去了。,EN cut from the original 及日文外された表示从原作删去，旧译‘与原作不符’错义。,2,73
1595910,擦る,5780,4,f57e396t4,gloss,major,结霜,磨砂（玻璃）,to frost (glass) 指将玻璃磨砂处理，旧译‘结霜’把工艺动作误作自然结霜。,2,73
1852820,押して,5867,9,f83e1431t9,note,minor,作为……押して,用作“……を押して”的形式,EN as ...を押して 是用作该日语形式的说明，旧译‘作为……押して’中文结构不通。,2,74
1444900,途絶える,5953,3,f41e551t3,gloss,minor,切断,中断,途絶える为自动发生的通信中断，EN cut off 在此应译‘中断’，旧译‘切断’带有不合适的他动施事色彩。,2,74
1854880,売り,6083,7,f83e1820t7,example,major,冰淇淋摊在户外向顾客售卖冰淇淋。,冰淇淋摊主在户外摊位上向顾客售卖冰淇淋。,EN vendor 与日文冰淇淋卖家均指卖方，旧译将 seller 误作冰淇淋摊。,2,75
1606680,沸く,6113,2,f59e537t2,example,major,药罐里的热水正在沸腾。,水壶里的水正在沸腾。,日文薬缶（やかん）指水壶，旧译‘药罐’误解同音词。,2,75
1601550,引き換え,6145,2,f58e592t2,example,major,他收了钱，换成了车票。,他用钱换取了车票。,日文表示以钱为交换条件收到车票，旧译误成先收钱再换成车票。,2,76
1868610,消え去る,6179,2,f84e1707t2,example,major,水夫们在海中消失了。,水夫们葬身大海。,JA 的海のもくずと消え去った表示葬身大海、丧命于海中，旧译仅说消失，遗漏死亡义。,2,76
1480890,反撥,6181,6,f44e1577t6,example,major,年轻人本来就会对父母的想法产生反感。,年轻人本来就会反抗父母的想法。,日文反発するものだ是对父母想法反抗，旧译的产生反感弱化并改变了动作。,2,76
1547440,浴びせる,6199,0,f50e1848t0,gloss,minor,泼洒的,倾泻于,to pour on 为动词短语，旧译“泼洒的”词性和句法错误；例句语境为把恶言倾泻给对方。,2,76
2026600,ものですから,6201,0,f98e263t0,gloss,minor,……是原因,……是因为……,ものですから表示说明理由的“因为……”，旧译“……是原因”不自然且不能直接作表达释义。,2,76
1219650,寄り道,6224,3,f19e1093t3,example,minor,咱们就随意逛逛吧。,让我们绕道闲逛吧。,JA 明确含寄り道していこう（绕道而行），旧译只保留随意逛逛，遗漏绕道语义。,2,76
1698480,手つき,6244,1,f68e578t1,example,critical,哎呀！,她用笨拙的手法摆弄一张纸。,JA 描写以不熟练的手法移动一张纸，旧译“哎呀！”完全不是该例句含义。,2,76
1629170,龍,6247,5,f61e861t5,gloss,minor,升车,升格车,将棋语境中的 promoted rook 应与同组及标准术语一致译为“升格车”，旧译“升车”不完整且易误解。,2,76
1629170,龍,6247,6,f61e861t6,xref,minor,② 升车,② 升格车,交叉引用的 promoted rook 同样应译为完整将棋术语“升格车”。,2,76
1040060,ガス,6264,16,f4e1052t16,gloss,minor,气体,胀气,俚语 gas 在 flatulence 义项中指胀气，旧译泛称“气体”不能表达该义。,2,77
1040060,ガス,6264,17,f4e1052t17,gloss,major,气体,屁,flatulence 义项的 wind 是“屁”，旧译“气体”误义。,2,77
1271660,交える,6277,4,f24e1252t4,gloss,minor,交换（言语、火焰等）,交换（言语、火力等）,exchange fire 指交火、交换火力，旧译“火焰”不合该固定搭配。,2,77
1271660,雑える,6278,4,f24e1254t4,gloss,minor,交换（言语、火等）,交换（言语、火力等）,exchange fire 指交火、交换火力，旧译“火”等待修正为准确搭配。,2,77
2854469,ストーカー,6282,0,f201e421t0,gloss,major,（机械）鼓风器,（机械）加煤机,机械 stoker 是向炉内加煤的装置，旧译“鼓风器”是 blower，改变了设备含义。,2,77
1400170,早まる,6298,3,f36e1980t3,example,major,求职活动的时期有提前趋势，各媒体公司的面试处于其前列。,求职活动的时期有提前趋势，各媒体公司的面试走在前头。,JA 表示媒体各公司的面试处于提前趋势的前列，旧译“处于其前列”语义和中文句法均不完整。,2,77
1365450,診る,6310,0,f33e1181t0,gloss,major,看病,诊察,診る表示医生进行医学检查、诊察，旧译“看病”偏向接受治疗。,2,77
1075040,センタ,6339,3,f7e243t3,gloss,major,中野手,中外野手,棒球 center fielder 的中文术语是中外野手，旧译“中野手”缺少外野概念。,2,77
1234140,競争,6342,4,f20e1977t4,example,major,十次里有八次，他会赢得比赛。,十有八九，他会赢得比赛。,JA 十中八九表示十次中八九次，旧译“十次里有八次”漏译“九”并改变概率。,2,77
2217040,ご覧になる,6373,3,f117e992t3,example,major,然后，他看到在神社里面，卖牛、羊和鸽子的人以及兑换货币的人坐着。,然后，他看到在圣殿里，卖牛、羊和鸽子的人以及兑换货币的人坐着。,JA 宮の中及例句语境指圣殿，旧译“神社”是日本宗教建筑，实体类型错误。,2,77
1260530,険しい,6390,7,f23e1155t7,gloss,minor,严厉的,严重的,severe 表示严重、严峻，旧译“严厉的”主要描述对人的态度，词义不当。,2,77
1362930,申し出る,6437,9,f33e480t9,example,minor,我向她提出借钱给她。,我主动提出借钱给她。,日文表示主动提出愿意借钱，旧译“提出借钱给她”重复使用“她”且中文不自然。,2,78
1524710,毎度,6450,11,f48e1510t11,example,major,每次，请再来。,谢谢惠顾，请再来。,毎度、またいらっしゃい是对常客的“谢谢惠顾，请再来”，旧译“每次，请再来”误把词头直译。,2,78
1584930,余り,6458,31,f55e370t31,example,minor,曾在名古屋住过一个月多。,曾在名古屋住过一个多月。,日文 １か月あまり表示一个多月，旧译“一个月多”中文语序不自然。,2,78
1537150,夜明け,6475,2,f49e1812t2,example,major,我因黎明前的突发状况而醒来。,我突然在黎明前被叫醒。,JA 是突然在黎明前被叫醒，旧译添加不存在的“突发状况”并遗漏被动叫醒结构。,2,78
1107800,ファイル,6519,1,f9e1064t1,example,minor,我有一个存放报纸剪报的文件。,我有一个存放报纸剪报的文件夹。,file (for holding papers) 在例句中是收纳剪报的文件夹，旧译“文件”易误解为 document。,2,79
1546990,陽気,6524,7,f50e1788t7,example,minor,今天天气有点闷热。,今天天气暖和得让人微微出汗。,JA 表示暖和到出些汗，旧译“有点闷热”增加闷热语气并偏离原义。,2,79
1428190,懲りる,6557,5,f39e1445t5,gloss,major,灰心,受够了,to have enough of 表示受够、厌烦，旧译“灰心”是 discouragement，词义错误。,2,79
1428190,懲りる,6557,6,f39e1445t6,gloss,major,灰心,感到厌烦,to be disgusted with 表示对……感到厌烦/反感，旧译“灰心”误义。,2,79
1463930,日記,6560,2,f43e468t2,example,minor,她在那件事的日记中写了。,她在日记中写了那件事。,日文表示把那件事写进日记，旧译“在那件事的日记中写了”中文搭配不通。,2,79
1097810,バイク,6571,2,f8e1518t2,gloss,major,自行车,摩托车,该 sense 明确为 motorcycle 的缩略用法，旧译“自行车”与同组 motorbike 义冲突。,2,79
1204540,蓋,6575,3,f18e143t3,example,minor,这个盖子是那个罐子的盖子。,这个盖子配那个罐子。,英文 belongs with 表示配套关系，旧译重复“盖子”且中文不自然。,2,79
2797990,食いつく,6585,5,f171e282t5,gloss,major,咬住,抢着接受,sense 2 的 snap at 与 offer 搭配表示欣然、抢着接受提议，旧译“咬住”按字面误解。,2,79
2797990,食いつく,6585,6,f171e282t6,gloss,major,咬住,着手处理,get one's teeth into 为比喻义“着手处理/投入处理”，旧译“咬住”未表达比喻义。,2,79
2836137,これまた,6618,3,f183e1672t3,gloss,major,所以,如此,これまた 的强化副词 so 表示“如此/这么”，旧译“所以”是因果连词，词义错误。,2,79
1328340,手分け,6630,4,f29e1988t4,example,major,医学生共同学习是罕见的。,医学生分工学习很少见。,JA 手分けして勉強する表示分工、分头学习，旧译“共同学习”含义相反。,2,79
1115010,ブロック,6648,10,f10e170t10,gloss,major,区块,拦网,sports 义的 block 是拦截、拦网等体育动作，旧译“区块”误作计算机/一般名词。,2,80
1270670,ゴメン,6664,11,f24e1059t11,gloss,minor,免除,解职,dismissal 在 honorific 义项指免职、解职，旧译“免除”未表达职务解除。,2,80
1270670,ゴメン,6664,12,f24e1059t12,gloss,minor,解除,解职,discharge 在该 honorific 义项指解职、辞退，旧译“解除”缺少职务对象。,2,80
1206820,学習,6722,1,f18e570t1,gloss,minor,研究,学习,learning/study 在该词条一般学习义项中应译“学习”，旧译“研究”缩窄并改变普通学习含义。,2,80
1443970,兎,6732,2,f41e356t2,gloss,minor,家兔,兔子,coney 是兔子的旧称，源文没有家养限定，旧译“家兔”凭空增加限定。,2,80
1443970,兎,6732,3,f41e356t3,gloss,minor,家兔,兔子,cony 同样是 rabbit 的旧称，不专指家兔，旧译“家兔”增加了源文没有的限定。,2,80
1563570,俯く,6751,3,f52e1144t3,example,critical,说完之后，小春害羞地低下了头。,说完之后，真由害羞地低下了头。,JA 人名まゆちゃん是 Mayu，旧译“小春”换成了不同人物姓名。,2,80
1631880,此処ら,6795,2,f61e1409t2,example,major,咱们就在这儿把河岸改一下吧。,我们在这里换个河岸吧。,JA 河岸をかえましょう表示在这里换到另一侧河岸，旧译“把河岸改一下”中文不通且误解动作。,2,81
1276300,口出し,6809,0,f24e1925t0,gloss,minor,口出,干涉,口出し 的 meddling in 是干涉，旧译“口出”不是自然中文词义。,2,81
1276300,口出し,6809,1,f24e1925t1,gloss,minor,口出,插嘴,butting in 表示插嘴、插手，旧译“口出”不完整。,2,81
1276300,口出し,6809,2,f24e1925t2,gloss,minor,口出,干涉,interference 应译为干涉，旧译“口出”不是自然中文表达。,2,81
1276300,口出し,6809,3,f24e1925t3,gloss,minor,口出,多管闲事,poking one's nose into 表示多管闲事，旧译“口出”遗漏介入他人事务的含义。,2,81
1606280,了承,6817,5,f59e373t5,example,major,我收到了您关于此事的请求。,我接受您关于此事的请求。,了承します 表示接受、同意对方请求，旧译“我收到了请求”只表示收到，遗漏接受义。,2,81
1424270,中国,6834,3,f39e737t3,gloss,major,中国地区（本州西部，包括冈山县、广岛县、山口县、鸟山县和岛根县）,中国地区（本州西部，包括冈山县、广岛县、山口县、鸟取县和岛根县）,Chūgoku region 所列都道府县中的 Tottori 是鸟取县，旧译“鸟山县”实体名称错误。,2,81
1424270,中国,6834,4,f39e737t4,xref,major,中国地区（本州西部，包括冈山县、广岛县、山口县、鸟山县和岛根县）,中国地区（本州西部，包括冈山县、广岛县、山口县、鸟取县和岛根县）,同组 xref 对 Chūgoku region 的县名也将 Tottori 误译为鸟山县，应改为鸟取县。,2,81
1606090,代々,6856,0,f59e311t0,gloss,minor,世代,世世代代,for generations 表示世世代代，旧译“世代”过于简略且改变持续代际义。,2,81
1606090,代々,6856,3,f59e311t3,gloss,minor,世代,历代,through the ages 表示历代、历经时代，旧译“世代”不准确。,2,81
1576520,永久,6877,4,f53e1910t4,gloss,major,“永庆”年号（1113年7月13日至1118年4月3日）,“永久”年号（1113年7月13日至1118年4月3日）,Eikyū 是日本年号“永久”，旧译“永庆”是错误年号名称。,2,81
1166270,一分,6880,3,f14e531t3,gloss,critical,太阳的十分之一,一寸的十分之一,一分的旧度量义为一寸的十分之一；英文 sun 是日文寸的转写，旧译“太阳的十分之一”把单位误作天体。,2,81
1119210,ベース,6904,4,f10e783t4,example,minor,古巴自由是朗姆酒为基底的鸡尾酒。,古巴自由是一种以朗姆酒为基底的鸡尾酒。,中文例句缺少谓语连接和量词，补足“是一种”后才自然表达 with a rum base。,2,81
1021010,イエス,7043,1,f2e1983t1,example,major,耶稣将此事作为在加利亚迦纳所行的第一个神迹。,这是耶稣在加利利的迦拿所行的第一个神迹。,JA与EN均为Cana in Galilee；旧译“加利亚迦纳”地名错误且句式不通。,2,83
1611810,見とれる,7145,5,f59e1764t5,example,minor,我只是被她美丽的脸庞看得入了迷。,我只是被她美丽的脸庞迷住了。,JA表示说话者被美丽脸庞吸引；旧译“被……看得入了迷”中文主客体不通。,2,83
1302110,参加者,7152,4,f27e725t4,example,minor,那个房间因参加者的热情而变得闷热。,那间屋子里充满了参加者的热情。,JA的ムンムン表示充满热情/热烈气氛；旧译“变得闷热”造成不必要的物理闷热义。,2,83
1228580,急かす,7348,4,f20e928t4,example,minor,我不想催你，但让我们赶上下班巴士吧。,我不想催你，但让我们赶上下一班公交车吧。,EN/JA为next bus；旧译“下班巴士”误解为下班后的公交。,2,85
1077110,ダブル,7365,17,f7e514t17,xref,major,② 混血儿（特别是日欧混血）；父母血统不同,② 混血儿（尤其指半日本人）；父母血统不同,EN明确为biracial person esp. half-Japanese；旧译擅自限定为日欧混血。,2,85
1267730,誇らしい,7497,3,f24e507t3,example,major,她满脸涨红，神情傲慢。,她因自豪而满脸通红。,JA为因自豪而脸红；旧译“神情傲慢”把 proud误作负面傲慢。,2,86
2104000,間もない,7514,0,f105e1625t0,gloss,minor,（几乎）没有经过时间,没过多久,after practically no time表示没过多久；旧译“没有经过时间”不自然且未表达短时间。,2,86
2104000,間もない,7514,3,f105e1625t3,note,major,用于名词或动词连体形之后,用于名词或动词て形之后,EN明确为after a noun or the -te form；旧译把て形误写成连体形。,2,86
1658740,実戦,7583,5,f64e635t5,example,minor,哎呀。即使是体育授课……如果不以真剑决斗的意志去面对，到了真正实战的时候就没有用了。,哎呀。即使只是体育课……如果不抱着认真比赛的干劲去面对，到了真正比赛时也不会派上用场哦。,JA的体育授业与真剣勝負の意気込み表示体育课和认真比赛的干劲；旧译“体育授课、真剑决斗的意志”中文不通顺。,2,87
1282260,講義,7663,1,f25e973t1,example,minor,来听那门讲义的人几乎没有人。,来听讲座的人寥寥无几。,JA/EN表示很少有人来听讲座；旧译“几乎没有人”重复且不自然。,2,87
1601710,引き攣る,7685,3,f58e659t3,example,minor,脸抽搐。,我的脸在抽搐。,EN/JA为说话者的脸抽搐；旧译缺少自然谓语结构。,2,87
1577110,何せ,7696,7,f54e67t7,example,minor,我们大获全胜。毕竟对手选手都很弱。,我们大获全胜。毕竟对手都很弱。,JA表示对手选手很弱；旧译“对手选手”重复。,2,87
1460820,軟派,7747,14,f42e1873t14,gloss,major,看涨交易者,看跌交易者,bearish trader 指看跌交易者，旧译“看涨交易者”方向相反。,2,88
1460820,軟派,7747,15,f42e1873t15,gloss,major,熊市,空头,金融语境的 bear 指看跌者/空头，旧译“熊市”将交易者误译为市场。,2,88
1698810,手っ取り早い,7860,2,f68e637t2,gloss,minor,毫不迟疑,不拖延,without delay 表示不拖延，旧译“毫不迟疑”对应 without hesitation。,2,89
1614170,感情的,7987,0,f60e343t0,gloss,major,感情,情绪化的,emotional 是形容词，旧译“感情”为名词且未表达情绪化含义。,2,89
1614170,感情的,7987,1,f60e343t1,gloss,major,感情,感伤的,sentimental 应译为“感伤的”，旧译“感情”既缺少形容词性也未表达原义。,2,89
1414200,大人っぽい,8022,2,f38e785t2,gloss,minor,成年人,像成年人一样的；成熟的,大人っぽい描述举止或样貌像成年人，不能译成表示实际身份的名词“成年人”。,2,90
1456870,突き落とす,8049,0,f42e880t0,gloss,major,刺向,推下,to thrust down 是向下猛推/推落，旧译“刺向”改变了动作方向和方式。,2,90
1456870,突き落とす,8049,1,f42e880t1,gloss,major,刺向,推开,to push off 在该词义中是推开/推下，旧译“刺向”错误。,2,90
1360190,寝息,8053,0,f32e1948t0,gloss,minor,睡息,睡眠中的呼吸,breathing of a sleeping person 应为睡眠中的呼吸，旧译“睡息”不成词且不通顺。,2,90
2260330,小走り,8069,1,f122e168t1,gloss,minor,慢跑,半跑,half run 直指半跑，旧译“慢跑”与同组 jog 重复并丢失 half 限定。,2,90
1305430,仕方のない,8070,5,f27e1506t5,example,major,他整天游手好闲，是个无可奈何的人。,没用的家伙,例句中的 しかたのない奴 指无可救药/没用的家伙，旧译“无可奈何的人”误解为无奈状态。,2,90
1368820,人通り,8092,0,f33e1735t0,gloss,minor,行人,行人流量,pedestrian traffic 指行人往来或流量，旧译“行人”漏掉 traffic 含义。,2,90
1278290,巧み,8171,7,f25e248t7,example,minor,他口才很巧。,他很有口才。,話術が巧みだ表示口才/说话技巧高超，旧译“口才很巧”中文不通顺。,2,91
1396300,全面的,8214,2,f36e1123t2,gloss,minor,全面的,全力的,all-out 表示全力的/不遗余力的，旧译“全面的”与 total 重复且遗漏力度。,2,91
1522240,本屋,8221,1,f48e1112t1,gloss,major,书商,书店,bookshop 是书店，旧译“书商”指经营者而非店铺。,2,91
1890210,揃って,8241,3,f86e539t3,gloss,minor,全体,全都一样,all alike 表示全都一样，旧译“全体”未表达 alike。,2,91
1239280,暁,8250,6,f21e900t6,note,minor,通常作“〜的拂晓”,通常用于“〜の暁に”,该注释说明惯用形式 〜の暁に，旧译“〜的拂晓”把惯用表达误释为时间名词。,2,91
1453120,同調,8262,5,f42e40t5,example,minor,在那个计划中，他做到了协调。,能够与他协调一致,JA 彼に同調できました 表示能够与他同调/协调一致，旧译“他做到了协调”主客体和语序不自然。,2,91
2742750,いざとなったら,8293,0,f165e1415t0,gloss,major,当机立算,到了关键时刻,when push comes to shove 表示到了关键/紧要关头，旧译“当机立算”不是规范中文且语义不明。,2,92
1578360,元凶,8354,3,f54e455t3,gloss,major,元凶,来源,source 是来源，旧译“元凶”把来源误作罪魁祸首；同组 t2 已承载 main cause。,2,92
1501280,腹立たしい,8444,6,f46e1195t6,gloss,minor,令人挑衅的,令人恼怒的,腹立たしい的 provoking 指令人恼怒/令人气恼，旧译“令人挑衅的”把被激怒误作主动挑衅。,2,93
1872140,口に合う,8492,2,f85e169t2,example,minor,日本各地的印度咖喱店的咖喱，果然都是迎合日本人口味，做得比本场的更温和。,日本各地的印度咖喱店的咖喱，果然都是迎合日本人口味，做得比正宗的更温和。,本場指正宗/原产地风味，旧译“本场”是中文误词。,2,93
1476610,八つ当たり,8494,2,f44e760t2,example,minor,他总是对人迁怒于人。,他总是迁怒于人。,原译“对人迁怒于人”成分重复且不通顺；EN/Japanese 表示把怒气发泄在别人身上。,2,93
1391120,滲みる,8534,11,f36e296t11,note,minor,尤其作“沁”,尤其写作“沁みる”,注释 esp. 沁みる 应完整说明写法，旧译“尤其作‘沁’”截断了日文词形。,2,93
1400240,早口,8563,0,f36e1993t0,gloss,major,口齿伶俐,说话很快,fast-talking 指说话快，旧译‘口齿伶俐’表示口才好而非语速快。,2,94
1251320,経済,8592,2,f22e1122t2,example,major,美国是一个服务业国家。,美国是一个服务型经济国家。,service economy 是服务型经济，旧译‘服务业国家’把经济类型误译成国家类别。,2,94
1315440,慈悲,8604,8,f28e1411t8,gloss,major,赤色鹰鹃,北方鹰鹃,northern hawk-cuckoo 对应北方鹰鹃，旧译误写为赤色鹰鹃。,2,94
2086410,いつまで経っても,8621,3,f104e91t3,example,major,真理的发现无论何时都必须成为科学唯一的目。,无论多久,no matter how much time passes 表示无论多久，旧译‘无论何时’改变了时间关系。,2,94
1410190,対戦,8671,9,f38e41t9,example,major,我与冠军对了一局。,我与冠军对战。,played against the champion 应译为与冠军比赛/对战，旧译‘对了一局’不自然且缩窄含义。,2,95
1430670,直ちに,8680,3,f39e1905t3,gloss,major,毫不迟疑地,毫不拖延地,without delay 是不拖延，旧译‘毫不迟疑地’表示不犹豫，语义不同。,2,95
2078590,軒,8683,1,f103e484t1,example,major,十户人家的房子在那场火灾中被烧毁。,十栋房子在那场火灾中被烧毁。,軒为房屋量词，原句 ten houses 应译十栋房子，旧译‘十户人家的房子’不合量词语义。,2,95
1295740,細胞,8687,1,f26e1539t1,example,major,这个地区社会里的每一个人，都像是健康人体免疫机构中的细胞。,这个地区社会里的每一个人，都像是健康人体免疫系统中的细胞。,immune system 应为免疫系统，旧译‘免疫机构’是明显误词。,2,95
1309660,指し示す,8698,3,f28e241t3,example,major,可以指示。,是的，你可以指出你看到的一切。,indicate everything you see 要求表达‘指出你看到的一切’，旧译仅‘可以指示’遗漏宾语和语气。,2,95
1244080,区,8702,2,f21e1726t2,gloss,major,市（东京的）,（东京的）区,city (in Tokyo) 对应东京的区/特别区，旧译‘市（东京的）’把行政单位译反。,2,95
1437460,適任,8710,3,f40e1086t3,example,major,他适合担任大统领。,他有资格担任总统。,eligible for the presidency 是有资格担任总统，旧译‘大统领’不符合简体中文常用称谓。,2,95
1009810,に対する,8723,5,f2e141t5,example,minor,这是他对我的信子的回复。,这是他对我的信的回复。,letter 是信，旧译‘信子’为明显文字错误。,2,95
1337780,塾,8756,3,f30e1783t3,example,major,让那个孩子无缘无故去上补习学校，我反对。,让那个孩子被迫去上补习学校，我反对。,無理に表示强行/被迫，旧译‘无缘无故’改变了原意。,2,95
2234750,訳じゃない,8779,3,f119e678t3,example,major,我对连裤袜并没有特别的兴趣。我觉得我没有那种拜物教式的嗜好。,我对体操短裤并没有特别的兴趣。我觉得我没有那种恋物癖。,ブルマ是体操短裤，旧译‘连裤袜’错译实体；fetishism 应为恋物癖。,2,95
2830043,強い力,8793,1,f177e1903t1,gloss,minor,强力,强作用力,strong force 的物理术语为强作用力，旧译‘强力’不完整且易误解。,2,95
1535300,目印,8796,5,f49e1483t5,example,minor,请告诉我附近的标志，以便我能找到去那里的路。,请告诉我附近的地标，以便我能找到去那里的路。,landmark 应译地标，旧译‘标志’不准确。,2,96
1477560,発信,8808,3,f44e976t3,gloss,major,发出,提交,submission 是提交，旧译‘发出’与发信义混淆。,2,96
1595750,住まい,8814,0,f57e321t0,gloss,major,住所,居所,dwelling 指居所/住所，旧译‘住所’虽近但与同组 address 重复且此处应保留 dwelling 义。,2,96
1894960,罪を犯す,8850,1,f86e1146t1,gloss,major,犯罪,犯下罪过,sin 是罪过，旧译‘犯罪’对应 crime，未体现 sin 义。,2,96
1205490,各別,8855,4,f18e321t4,example,major,炎热天气里生啤酒的味道格外不同。,炎热天气里生啤酒的味道格外好。,tastes especially good 表示味道格外好，旧译‘格外不同’遗漏了正面评价。,2,96
1450280,踏ん張る,8876,5,f41e1620t5,gloss,minor,持续,坚持,persist 在此与 hold out 同义为坚持，旧译‘持续’不自然。,2,96
1548770,楽書,8883,4,f51e164t4,example,major,那面墙上有一幅涂鸦。,那面墙上到处都是乱涂乱画。,There were scribbles all along the wall 是墙上到处有乱涂乱画，旧译单数‘一幅涂鸦’遗漏范围和数量。,2,96
1447180,投稿,8933,3,f41e988t3,example,major,别忘了把这篇手稿投稿。,别忘了把这封信寄出。,post this letter 是寄出这封信，旧译‘把这篇手稿投稿’把 letter 错译成手稿并改变动作。,2,97
2017850,糧,8936,2,f97e764t2,example,major,在那里的期间，生活费用怎么办？,在那里的期间，靠什么生活呢？,生活の糧指生活来源/生计，旧译‘生活费用怎么办’改变为费用问题。,2,97
2865131,ロッカー,8997,0,f211e821t0,gloss,major,摇板,摇滚歌手,例句中的 rocker 与 rock star 同义，旧译‘摇板’为错误词义。,2,97
2242840,未,9022,2,f120e522t2,example,major,新发现的遗址有几处？,新发现的未发掘遗址有几处？,日文含未発掘，旧译遗漏‘未发掘’限定语。,2,97
2229100,大の,9031,5,f118e1558t5,example,minor,福尔摩斯先生是烟斗的大爱好者，也是一位名侦探。,福尔摩斯先生非常喜爱烟斗，也是一位名侦探。,great pipe man 表示非常喜爱烟斗的人，旧译‘烟斗的大爱好者’不通顺。,2,97
1315800,持ち上がる,9208,6,f28e1505t6,gloss,minor,出现,发生,occur 是发生，旧译‘出现’在提议突然产生的语境下不如发生准确。,2,99
1612800,お代わり,9211,1,f60e38t1,gloss,minor,第二次份,第二份,second helping 应为第二份，旧译‘第二次份’不通顺。,2,99
1612800,お代わり,9211,2,f60e38t2,gloss,major,续杯,再来一份,seconds 指再要一份食物，旧译‘续杯’错误限定为饮料。,2,99
1590420,偏る,9213,1,f56e395t1,gloss,minor,倾向,倾斜,to incline 在此为倾斜，旧译‘倾向’是名词/抽象义。,2,99
1559260,連れ,9261,3,f52e198t3,gloss,major,第三,第三主角,tritagonist 指第三主角，旧译仅‘第三’信息不完整。,2,99
1566790,恍惚,9278,2,f52e1736t2,gloss,major,狂喜,恍惚状态,trance 是恍惚/出神状态，旧译‘狂喜’与 ecstasy 混淆。,2,99
1639450,気が抜ける,9289,5,f62e1007t5,gloss,major,变平,走气,go flat 对碳酸饮料指走气，旧译‘变平’为字面误译。,2,99
1504460,分類,9304,3,f46e1854t3,example,major,他完成了书籍的分类。,他完成了文件的分类。,日文書類为文件/文书，旧译‘书籍’错译对象。,2,99
1426280,昼過ぎ,9331,2,f39e1037t2,example,minor,过了中午以后，稍微有点忙。,下午会很忙。,rather a busy afternoon 表示下午会相当忙，旧译‘稍微有点忙’程度明显减弱。,2,99
2011370,招き入れる,9344,2,f96e1532t2,example,minor,他欢迎同事，请他们到自己家里来。,他欢迎同事到自己家里来。,日文为单数同事，旧译的‘请他们’误增复数且句式不通。,2,100
1383800,限,9374,25,f35e691t25,example,major,他去了那里，两次都没有回来。,他去了那里，再也没有回来。,never to return 表示再也不回来，旧译误成‘两次都没有回来’。,2,100
1383800,切,9377,25,f35e690t25,example,major,他去了那里，两次都没有回来。,他去了那里，再也没有回来。,never to return 表示再也不回来，旧译误成‘两次都没有回来’。,2,100
1594270,鎮まる,9394,4,f56e1785t4,example,minor,俱室变得寂静。只有铅笔在素描本上摩擦的声音。,俱乐部活动室变得寂静。只有铅笔在素描本上摩擦的声音。,部室是社团活动室，旧译‘俱室’为明显错字且不可用。,2,100
2572530,目を凝らす,9421,0,f149e131t0,gloss,minor,使眼睛紧张,使劲看,to strain one's eyes 是使劲看或凝神看，旧译‘使眼睛紧张’中文不通。,2,100
1383920,切り開く,9448,5,f35e731t5,gloss,minor,劈开（如丛林等）,杀出一条路（如穿过丛林）,cut one's way through 指杀出一条路，旧译‘劈开丛林’误解为直接劈砍。,2,100
1437310,笛,9489,7,f40e1065t7,example,minor,比赛开始时吹笛。,比赛开始时会吹哨。,该例句的英文是 whistle，日文笛在比赛语境对应哨子，旧译‘吹笛’不合语境。,2,101
1228340,吸い上げる,9500,5,f20e885t5,example,critical,破坏,取下墨水补充瓶的瓶盖，用滴管吸取墨水，滴适量到马克笔的吸收体上。,日文和英文均描述吸取并滴加墨水，旧译仅为‘破坏’，完全错义且遗漏整句信息。,2,101
1376590,正,9556,3,f34e1213t3,gloss,major,十万亿亿,一正（10^40）,ten duodecillion 对应10^40，中文大数单位为‘正’，旧译‘十万亿亿’数量级错误。,2,101
1380650,製作,9562,3,f35e55t3,gloss,major,制片人,制作（电影、戏剧、电视节目等）,production of a film/play/TV show 是制作，旧译‘制片人’把活动误译成人。,2,101
1585420,虜,9571,2,f55e530t2,gloss,major,（恋爱等的）受害者,（恋爱等的）俘虏,victim of love 在该词义中是被爱情俘获的人，旧译‘受害者’语义偏离。,2,101
2208180,態度を取る,9616,3,f116e798t3,gloss,minor,确立地位,采取立场,assume a position 在态度语境是采取立场，旧译‘确立地位’错把立场译成社会地位。,2,102
1123920,ボックス,9619,8,f10e1543t8,gloss,major,本垒板,矩形场地区域（如击球区、接球区）,baseball 的 rectangular field area 泛指击球区、接球区等，旧译只写‘本垒板’过度缩窄。,2,102
1599440,長長,9683,9,f57e1704t9,example,minor,约翰在长椅上趴了很久。,约翰在长椅上躺了很久。,日文寝そべる是躺着，旧译‘趴’改变姿势含义。,2,102
1535780,勿論,9699,1,f49e1594t1,gloss,minor,自然,当然,certainly 表示当然或确实，旧译‘自然’不符合此副词义。,2,102
1386090,設立,9703,2,f35e1174t2,example,critical,我们学校于1900年创立。,我们学校于1990年创立。,日文明确为１９９０年，旧译把年份写成1900年。,2,102
1565720,媒鳥,9755,4,f52e1542t4,gloss,major,诱饵,告密者,stool pigeon 指告密者或线人，旧译‘诱饵’误解词义。,2,103
1253900,欠く,9787,2,f22e1815t2,gloss,minor,使……出现缺口,折断,to break 与 chip/nick 的出现缺口不同，旧译重复为‘出现缺口’。,2,103
1397190,素顔,9790,5,f36e1310t5,gloss,minor,真实性质,本性,real nature 的自然中文是本性，旧译‘真实性质’生硬且不完整。,2,103
1414110,大小,9836,4,f38e766t4,gloss,minor,大小,大小刀（长短刀的配对）,daishō 是日本长刀与短刀的配对，旧译单写‘大小’无法表达专门义。,2,103
1250390,形態,9927,3,f22e877t3,example,minor,慢跑作为一种运动，成为了受欢迎的形态。,慢跑作为一种运动，成为了最受欢迎的运动形式。,form of exercise 应译为运动形式，旧译‘受欢迎的形态’中文不通。,2,104
1866140,哀し気,9938,0,f84e1349t0,gloss,minor,似悲伤的,显得悲伤的,seeming sad 应表达‘显得悲伤’，旧译‘似悲伤的’语法不成立。,2,104
1232680,虚空,9940,0,f20e1733t0,gloss,minor,空,空间,empty space 的名词译法是空间，旧译单字‘空’遗漏名词义。,2,104
1010770,びっしり,10001,0,f2e319t0,gloss,minor,紧密（排列、排列等）,紧密（排列、排成一列等）,旧译括注重复‘排列、排列’，明显文字错误；补为 packed/ lined up 的自然表达。,2,104
1601970,人並み,10018,6,f58e762t6,example,minor,他连普通人的乐趣都享受不了。,他连普通人享有的生活便利都享受不了。,common comforts of life 指普通生活便利，旧译‘普通人的乐趣’错把comforts译成乐趣。,2,104
1331780,就任,10052,4,f30e720t4,example,major,他当选了总统。,他宣誓就任总统。,inaugurated as President 表示就任总统，旧译‘当选’是elected，语义不同。,2,105
2559930,両肩,10060,0,f147e1892t0,gloss,critical,口角,双肩,両肩是双肩，旧译‘口角’完全错义。,2,105
1125150,ポスト,10069,4,f10e1738t4,example,minor,一旦投入邮筒的物品，即归邮便局管辖。,一旦投入邮筒的物品，即归邮局管辖。,中文应使用邮局；旧译保留日语‘邮便局’，不符合简体中文词典表达。,2,105
2081070,寄り,10152,3,f103e1004t3,example,minor,他是保守派。,他有点保守。,to a degree 表示程度上的‘有点’，旧译‘他是保守派’改变为政治派别身份。,2,105
1444940,途方もない,10197,0,f41e560t0,gloss,major,荒唐的,非凡的,extraordinary 表示非凡、非同寻常；旧译‘荒唐的’与后面的 preposterous/absurd 混淆。,2,106
1437300,的中,10209,4,f40e1063t4,gloss,major,符合标准,切中要点,being on the mark 表示准确、切中要点；‘符合标准’误解了语义。,2,106
1392490,閃光,10240,3,f36e585t3,gloss,major,云母,闪光（矿物光泽）,地质学 schiller 指矿物的闪光或变彩光泽；旧译‘云母’是另一种矿物名称。,2,106
1352870,上気,10268,3,f32e529t3,example,major,她满脸涨红，神情傲慢。,她因自豪而满脸通红。,英文 aflame with pride 和日文誇らしさ表示因自豪而脸红，旧译‘神情傲慢’改变了情感。,2,106
2511010,遠慮がち,10273,0,f143e789t0,gloss,major,谦恭的,害羞的,shy 是害羞、腼腆；‘谦恭的’表示谦逊有礼，词义不符。,2,106
1168680,因果,10319,0,f14e976t0,gloss,major,因,因果,cause and effect 的完整含义是因果，旧译仅剩‘因’。,2,106
1168680,因果,10319,1,f14e976t1,gloss,major,果,因果关系,causality 表示因果关系，旧译‘果’把抽象关系错误拆成了单字。,2,106
1350710,焦がす,10434,4,f32e141t4,example,major,那位亡命者因思念故国而心急如焚。,那位流亡者因思念故乡而心如火焚。,日文胸を焦がした及英文yearned表示因思念而煎熬，旧译‘心急如焚’加入了急躁含义且‘故国’不如故乡贴合。,2,107
1221660,気さく,10440,9,f19e1522t9,gloss,major,乐于助人的,乐意的,ready 在此与 willing 并列，表示乐意、愿意；旧译‘乐于助人的’凭空加入帮助他人的限定。,2,107
1031780,オーダー,10480,4,f3e1779t4,gloss,major,顺序,建筑式样,architecture 标签下的 order 指建筑式样或柱式，旧译‘顺序’采用了一般义。,2,107
2803020,ここだけの話,10491,2,f171e1302t2,example,minor,只在你我之间说的话，但和夫的妻子怀孕了。,这是只在你我之间说的话，不过和夫的妻子怀孕了。,原日文为保密语气后接转折，旧译把 but 直译成‘但’且句子衔接生硬；修正为自然且完整的中文。,2,107
1380040,精進,10493,3,f34e1912t3,example,major,天才是一分的灵感和九十九分的精进。,天才是一百分之一的灵感和百分之九十九的精进。,原文和英文明确为1 percent与99 percent，旧译‘一分、九十九分’丢失百分比单位。,2,108
1362560,浸す,10514,4,f33e423t4,example,minor,鸟把头突然浸入水中。,鸟把头一下子浸入水中。,日文ひょいと表示轻快、一下子，英文仅为dipped；旧译‘突然’改变动作语气。,2,108
1269640,後向き,10528,0,f24e825t0,gloss,major,朝面,背朝着的,back-facing 表示背朝向某方，旧译‘朝面’不成词且语义不明。,2,108
1560650,労力,10536,1,f52e609t1,gloss,major,劳工,劳动,labour 在此与 effort、toil 并列指劳动或劳力，旧译‘劳工’指劳动者，词性和词义均不符。,2,108
1594580,仕向ける,10599,2,f56e1902t2,example,major,她受引诱，成了我的随从。,她受到诱惑，想和我一起去。,英文tempted to come with me表示受到诱惑想同行，旧译‘成了我的随从’凭空改变了结果和关系。,2,108
1632730,もぞもぞ,10610,4,f61e1608t4,gloss,major,不安的,坐立不安地,fidgeting 是坐立不安、不断扭动，旧译‘不安的’词性和动作含义不足。,2,108
1532730,迷宮,10625,2,f49e945t2,example,major,击败了四大天王，也清除了该死的地下迷宫。,击败了四大天王，也通关了那该死的超长地下迷宫。,游戏语境下クリアした与got through指通关、通过迷宫；旧译‘清除了迷宫’不自然且误解动作。,2,108
1009040,ドキッと,10650,2,f1e1998t2,example,major,他因那个通知而大吃一惊。,听到那个消息时，他的心跳加快了。,英文与日文表示因消息而心跳加快，旧译‘大吃一惊’将生理反应误译成受惊。,2,109
1389480,占拠,10659,2,f35e1843t2,example,major,叛军占据了广播局。,叛军占领了广播电台。,broadcasting station 通常译为广播电台，旧译‘广播局’不符合此设施语境。,2,109
1221780,気のきいた,10663,5,f19e1569t5,example,major,我想说些通情达理的话，却不知该说什么才好。,我想说点得体的话，却想不出来。,日文気の利いたこと表示机敏、得体的话，旧译将其误成‘通情达理’且改变了句式。,2,109
1584690,ツラ,10680,3,f55e309t3,example,major,① 脸；容貌；长相；（面部）特征,（对批评等）充耳不闻。,例句Like water off a duck's back是对话语或批评毫不在意的惯用表达，旧译误用了另一字段的脸部释义。,2,109
1584690,ツラ,10680,4,f55e309t4,xref,major,青蛙的脸像水一样。,①脸；面容；相貌；（面部）特征,xref英文明确是face、visage、looks、facial features，旧译‘青蛙的脸像水一样’错把例句当作交叉释义。,2,109
1474990,白衣,10696,2,f44e471t2,gloss,major,白色衣服,白大褂（医生、化学家等穿的）,white gown worn by doctors/chemists 指白大褂，旧译泛化为白色衣服，遗漏职业服装限定。,2,109
1450070,豆腐,10709,1,f41e1576t1,gloss,major,豆乳,豆腐,bean curd 是豆腐的同义词，旧译‘豆乳’是豆浆，属于实体误译。,2,109
1450070,豆腐,10709,2,f41e1576t2,gloss,major,豆乳,豆腐,beancurd 同样指豆腐，旧译‘豆乳’将固体豆制品误译为豆浆。,2,109
2122590,って言うか,10748,5,f107e1243t5,example,major,“也就是说，你是谁啊？！”伊织无视了瘫倒在地板上的我，向那个少女问道。,“不对，话说回来，你到底是谁啊？！”伊织无视了瘫倒在地板上的我，向那个少女问道。,っていうか在该句中是‘不对/话说回来’的转折话头，旧译‘也就是说’不合语境。,2,109
1626690,火がつく,10754,1,f61e381t1,gloss,minor,点燃,被点燃,该词为不及物用法，to be ignited 应体现被点燃状态，旧译‘点燃’与词性冲突。,2,109
1002950,敵わない,10771,3,f1e740t3,gloss,major,比……差,对……无能为力,powerless against 表示面对某人或某事无能为力，旧译‘比……差’误成能力比较。,2,110
2719260,ふんふん,10837,1,f163e986t1,gloss,major,哼嗯,嗅嗅,sniff-sniff 是嗅闻或抽鼻子的拟声表达，旧译‘哼嗯’不是嗅闻动作。,2,110
1240710,桐,10848,1,f21e1136t1,gloss,major,皇树,泡桐,empress tree 是泡桐（Paulownia），旧译‘皇树’不是该树种的中文名。,2,110
1240710,桐,10848,2,f21e1136t2,gloss,major,狐手套树,泡桐,foxglove tree 也是泡桐的英文别名，旧译‘狐手套树’为逐词误译。,2,110
1092790,ネガティブ,10902,1,f8e820t1,gloss,major,负面的,底片（摄影）,摄影术语 negative 指底片或负片，旧译‘负面的’误用一般义。,2,110
2676110,辛さ,10910,1,f159e668t1,gloss,major,苦涩,痛苦,辛さ（つらさ）在该词条中指身心的痛苦，旧译‘苦涩’容易限定为味觉苦味。,2,110
1598000,慎む,10925,3,f57e1199t3,example,major,因为时机特殊，请谨慎言辞。,事态微妙，请注意自己的言辞。,英文delicate situation与日文時が時だから表示情况微妙、需要谨慎说话，旧译‘时机特殊’误解了主语。,2,110
1598000,慎む,10925,8,f57e1199t8,example,minor,请不要过于出风头。,请不要抢着出头。,でしゃばる表示插手、抢着出头，旧译‘过于出风头’遗漏了越界干预含义。,2,110
2830844,どない,10932,3,f178e1530t3,xref,major,不不！,① 哪种；什么样的；什么,xref英文是本词第一义的疑问词释义，旧译‘不不！’完全错义。,2,111
1292410,再確認,10944,3,f26e1017t3,example,major,请确认航班。,请重新确认航班。,reconfirmation 明确要求再次确认，旧译‘请确认航班’遗漏了再确认含义。,2,111
2862534,ロケット,10993,0,f208e1852t0,gloss,major,锁盒,盒式项链坠,locket 是可打开的盒式项链坠或纪念坠，旧译‘锁盒’把 locket 误解为装锁的盒子。,2,111
1123440,ボート,11007,2,f10e1466t2,example,major,我在桥上方看到了船。,我在桥的上游看到了船。,日文橋の上流表示桥的上游，旧译‘桥上方’把水流方向误作垂直位置。,2,111
1198530,会合,11010,4,f17e930t4,gloss,major,结社,缔合,化学术语 association 指分子缔合，旧译‘结社’是社会组织义。,2,111
1437970,鉄板,11014,2,f40e1183t2,gloss,major,必杀技,稳妥的事,俚语 sure thing 表示十拿九稳、稳妥的事，旧译‘必杀技’改成了攻击技巧。,2,111
1437970,鉄板,11014,3,f40e1183t3,gloss,major,必杀技,必胜之事,certain winner 指必胜的对象或事情，旧译‘必杀技’不是该义。,2,111
1267870,顧みる,11065,3,f24e524t3,example,major,无数无家可归的流浪者正在寻找栖身之所。,被遗弃的无数漂泊者正在寻找家园。,日文顧みられぬ含有被忽视、被遗弃之意，旧译仅写无家可归，遗漏限定并改变了状态。,2,111
1084320,デリケート,11080,1,f7e1552t1,gloss,minor,复杂的（问题、议题等）,棘手的（问题、议题等）,delicate issue/problem 指棘手或微妙的问题，不是一般意义的复杂。,2,112
2112320,物を言う,11089,0,f106e1203t0,gloss,minor,（某物）说话,谈到（某事）,to speak of something 的释义是谈到某事，旧译‘（某物）说话’主客体及语义不通。,2,112
2112320,物を言う,11089,2,f106e1203t2,gloss,minor,有效,起作用,to be effective 在此义项中是起作用，而不是形容词‘有效’。,2,112
1420650,知的,11093,0,f39e138t0,gloss,minor,智性的,知识性的,intellectual conversation 应译为知识性/ интеллекту性的对话，‘智性的’在简体中文中不自然。,2,112
1556740,冷ます,11141,1,f51e1621t1,gloss,minor,冷却,使冷却,to let cool 是使某物冷却，需体现使役关系。,2,112
1556740,冷ます,11141,3,f51e1621t3,gloss,minor,使……冷却,使减弱,to dampen 的引申义是使情绪或势头减弱，不是使其冷却。,2,112
1556740,冷ます,11141,4,f51e1621t4,gloss,minor,使……冷却,泼冷水,to throw a damper on 表示给事情泼冷水、扫兴。,2,112
1556740,冷ます,11141,5,f51e1621t5,gloss,minor,使……冷却,使扫兴,to spoil 的该引申义是使人扫兴或败兴，不是使其冷却。,2,112
2078990,元も子もない,11147,2,f103e590t2,gloss,minor,一无所有,化为乌有,coming to nothing 表示落空、化为乌有，不等于一无所有。,2,112
1538040,役職,11155,2,f49e1971t2,example,minor,他因策略而被赶出了职位。,他被人设计排挤出了职位。,maneuvered out of office 表示被设计或排挤出职位，旧译‘因策略而被赶出了职位’不自然且主体含混。,2,112
1306630,司る,11163,3,f27e1735t3,gloss,minor,行政,管理,to administer 表示管理或处理事务，‘行政’是名词/形容词，不能作此动词释义。,2,112
1481910,範疇,11166,1,f44e1773t1,example,major,我认为你完全属于“可爱女孩”这一范畴。在部长的眼光里，你大概会被认为过于轻浮了吧。,我认为你完全属于“可爱女孩”这一范畴。在部长看来，你轻而易举就能符合他的眼光吧。,日文余裕でかなってしまう表示轻易符合部长的眼光，旧译反说成‘过于轻浮’，改变了原句含义。,2,112
1522630,本社,11187,3,f48e1162t3,gloss,minor,总公司,母公司,parent company 是母公司，不是总公司。,2,112
1522630,本社,11187,7,f48e1162t7,gloss,major,本公司,本神社,this shrine 对应神社义，旧译‘本公司’误译了实体。,2,112
1584900,融通,11254,3,f55e358t3,example,major,能借给我两升或三升石油吗？,能借给我两三升汽油吗？,JA 的石油在该生活语境对应汽油，旧译‘石油’不符合借几升燃料的语境。,2,113
2802350,甘い声,11267,0,f171e1172t0,gloss,minor,甜腻的声音,甜美的声音,sweet voice 通常是甜美的声音，‘甜腻’带有过分腻人的贬义，超出原义。,2,113
1101530,パズル,11328,0,f9e92t0,gloss,minor,拼图,谜题,puzzle 的一般义是谜题/智力题，旧译‘拼图’缩窄为一种具体图板游戏，与日文泛指パズル不符。,2,113
1523830,摩擦,11344,7,f48e1341t7,gloss,minor,矛盾,冲突,conflict 应译为冲突，旧译‘矛盾’在该义项中弱化了双方对立。,2,113
1560710,朗らか,11397,3,f52e621t3,gloss,minor,清脆,悦耳的,melodious 描述声音悦耳动听，‘清脆’只表示音色清亮，范围不符。,2,114
1602810,不憫,11442,2,f58e1061t2,gloss,minor,悲悯的,凄惨的,piteous 表示令人怜悯、凄惨可怜，‘悲悯的’是对他人产生悲悯的主观态度，词义错位。,2,114
1584500,万人,11462,2,f55e244t2,example,major,死亡是所有人都会到来的，所有人都会死。,死亡对所有人都是不可避免的，人人都将死去。,原句是格言，旧译‘死亡是所有人都会到来的’中文不通；修正为完整表达对所有人的必然性。,2,114
2025500,這い上がる,11468,2,f98e74t2,example,minor,我感到有什么东西正爬着我的手臂。,我感到有什么东西正沿着我的手臂爬上来。,crawling up my arm 表示沿手臂向上爬，旧译‘爬着我的手臂’搭配不通。,2,114
1651600,舞い降りる,11486,4,f63e1336t4,gloss,minor,栖息（于）,降落（于）,alight on 表示在某处降落，‘栖息’强调长期停留，超出该动作义。,2,114
1157170,する,17,12,f13e851t12,gloss,major,穿着（衣服、面部表情等）,穿（衣服、面部表情等）,英文 wear clothes/a facial expression 中面部表情不能译为穿着；应译为穿（衣服）或做出（表情）。,3,1
2029110,な,21,0,f98e711t0,gloss,minor,不,不要,禁止形 don't 的中文释义应为“不要”，单写“不”不完整且与例句不符。,3,1
2029110,なー,22,0,f98e713t0,gloss,minor,不,不要,禁止形 don't 的中文释义应为“不要”，单写“不”不完整且与例句不符。,3,1
1589350,思う,52,13,f55e1967t13,gloss,major,想象,假设,to suppose 表示假设/认为，不能译为“想象”（后者对应 imagine）。,3,2
1589350,思う,52,14,f55e1967t14,gloss,major,想象,做梦；梦想,to dream 的基本义是做梦/梦想，现译“想象”与同组 imagine 重复且错义。,3,2
1628530,之,57,4,f61e708t4,xref,major,① 哪一个（三者或以上）,① 那个；它,xref 英文为 that; it，现译“哪一个”错接了另一条指示词释义。,3,2
1628530,之,57,6,f61e708t6,xref,major,那个人,① 哪一个（三者或以上）,xref 英文为 which (of three or more)，现译“那个人”错义。,3,2
1578850,行く,77,12,f54e592t12,gloss,minor,结果,结果是,to turn out 作动词表示结果为/结果是，单写“结果”不完整。,3,3
1578850,行く,77,13,f54e592t13,gloss,major,进展,相处融洽,to get along 指相处融洽，现译“进展”错义。,3,3
1578850,行く,77,43,f54e592t43,gloss,major,吸毒,嗨起来；兴奋,slang to get high 指因药物等产生兴奋状态，不是“吸毒”这一行为。,3,3
1578850,往く,80,13,f54e593t13,gloss,major,进展,相处融洽,to get along 指相处融洽，现译“进展”错义。,3,3
1578850,往く,80,43,f54e593t43,gloss,major,产生幻觉,嗨起来；兴奋,slang to get high 指产生兴奋状态，不是“产生幻觉”（那是 trip/hallucination）。,3,3
1288850,今,86,6,f26e396t6,gloss,minor,另,另一个,another 作为独立释义应译为“另一个”，单写“另”不完整。,3,3
1012980,遣る,88,55,f2e790t55,gloss,major,……做得很彻底,……做得很远,to do ... to a great distance 表示做到很远，现译“做得很彻底”错义。,3,3
1012980,遣る,88,59,f2e790t59,note,major,用于动词连体形之后；有时带有否定意味,用于动词て形之后；有时带有否定意味,英文明确为 after the -te form，现译“连体形”是错误的语法形式。,3,3
1000420,あの,96,4,f1e68t4,example,major,哪一个；哪种,为什么不试试那种美味的葡萄酒？,日文例句询问为何不喝那种美味的酒，现译成“哪一个；哪种”完全遗漏整句语义。,3,3
1000420,あの,96,5,f1e68t5,xref,major,① 这个,① 哪个；什么方式,xref which; what (way) 不应译为“这个”。,3,3
1000420,あの,96,6,f1e68t6,xref,major,① 那个；那个,① 这个,xref 英文为 this，现译“那个”与源义相反。,3,3
1010080,はい,105,16,f2e178t16,gloss,major,现在,这里,here 的空间指示义应为“这里”，现译“现在”与 now 重复且错义。,3,3
1010080,はい,105,17,f2e178t17,gloss,major,请,给你,here you go 是递交物品时的“给你”，不是请求用语“请”。,3,3
2643970,だって,130,8,f156e330t8,example,major,今天这期节目将聚焦于黑客问题。,听说今天这期节目将聚焦于黑客问题。,日文句尾“んだって”表示传闻，原译遗漏“听说”这一语气和信息来源。,3,4
1423310,中,134,18,f39e601t18,gloss,major,中等,平均,average 的统计义应为“平均”，现译“中等”错义；“中等”不是平均值。,3,4
1281020,稽える,145,3,f25e754t3,gloss,major,冥想,沉思,to contemplate 是深思/沉思，现译“冥想”对应 meditate，混淆相邻释义。,3,4
1281020,稽える,145,9,f25e754t9,gloss,major,允许（考虑）,考虑到,to allow for 表示把某因素考虑在内，不能译为“允许”。,3,4
1000580,あれ,150,3,f1e95t3,example,major,① 这个；这一个,那是这座城市的主干道。,日文例句「あれがこの町の大通りだ」是完整判断句，原译误填成指示词释义。,3,5
1000580,あれ,150,4,f1e95t4,xref,major,① 那个；它,① 这个；这一个,xref this; this one 被错译为“那个；它”。,3,5
1000580,あれ,150,5,f1e95t5,xref,major,① 哪一个（三者或以上）,① 那个；它,xref that; it 被错译为“哪一个”。,3,5
1000580,あれ,150,6,f1e95t6,xref,major,那个人,① 哪一个（三者或以上）,xref which (of three or more) 被错译为“那个人”。,3,5
1000580,あれ,150,7,f1e95t7,gloss,major,用于指代与自己地位相当或低于自己的人,那个人,that person 的释义被替换成了说明性 note。,3,5
1000580,あれ,150,8,f1e95t8,note,major,那时,用于指代与自己地位相当或低于自己的人,note 英文 used to refer to equals or inferiors，原译误填为时间释义。,3,5
1000580,あれ,150,9,f1e95t9,example,major,那个时间,啊，她肯定没问题！,日文「あれなら絶対大丈夫」是对她/那件事有把握的感叹，原译误填时间释义。,3,5
1000580,あれ,150,10,f1e95t10,gloss,major,那个地方（在那边）,那么；那时,then 不表示地点，原译“那个地方（在那边）”错接了另一条释义。,3,5
1000580,あれ,150,11,f1e95t11,gloss,major,那里（即生殖器）,那时,that time 应为“那时”，原译错成生殖器说明。,3,5
1000580,あれ,150,12,f1e95t12,example,major,常写作“アレ”,说到这个，从那以后已经30多年了。,日文例句表达从那时起已过30多年，原译误填书写说明。,3,5
1000580,あれ,150,13,f1e95t13,gloss,major,月经,那个地方（在那边）,that place (over there) 被误译为月经。,3,5
1000580,あれ,150,14,f1e95t14,gloss,major,月事,下边（即生殖器）,down there 指委婉的生殖器部位，原译“月事”错义。,3,5
1000580,あれ,150,16,f1e95t16,example,major,那个,那里疼，那里。呃，怎么称呼来着？睾丸？总之，男性的重要部位。,日文例句是关于男性生殖器疼痛的完整句子，原译只剩“那个”。,3,5
1000580,あれ,150,17,f1e95t17,gloss,major,那个东西,月经,period 在该委婉词义下是月经，原译错成“那个东西”。,3,5
1000580,あれ,150,18,f1e95t18,gloss,major,指距离说话者和听话者（在空间、时间或心理上）都较远的事物，或指无需直接点名即可理解的事物,月经,menses 是月经，原译误填为长 note。,3,5
1000580,あれ,150,19,f1e95t19,note,major,① 这个；这一个,常写作“アレ”,note 英文明确是 oft. written as アレ，原译错填 xref。,3,5
1348870,少し,173,7,f31e1718t7,example,minor,给孩子倾注一点爱意吧，你会得到无数的爱意回报。,给孩子倾注一点爱意吧，你会得到大量的爱意回报。,a great deal back 表示大量回报，原译“无数”程度过强。,3,5
1004500,此方,191,20,f1e1072t20,example,major,这边,阿姨，这是阿雅。,日文例句“叔母さん、こちらはトム君です”是介绍某人，原译误填为地点释义；保留源文人名译为阿雅。,3,5
1004500,こちら,194,6,f1e1069t6,xref,minor,① 哪个方向；哪边,① 哪个方向；哪边；哪里,xref 英文包含 where，原译遗漏“哪里”。,3,6
1419990,男,210,8,f39e29t8,example,major,规矩点！,我受不了看见他。,日文胸くそが悪い表示看到他就恶心/难受，原译“规矩点”完全错义。,3,6
1597890,創る,222,25,f57e1141t25,gloss,major,杜撰（短语）,创造（短语）,to coin a phrase 是创造/新造短语，原译“杜撰”带贬义且不准确。,3,6
1188490,何も,256,9,f16e1155t9,example,minor,没有车也没有其他东西，靠生活保护活着。,我靠生活保护金生活，既没有车也没有其他东西。,日文是没有车或其他物品、靠生活保护生活，原译中文成分残缺。,3,7
1293810,最後,290,2,f26e1212t2,example,major,没关系，只要诚实，最终会得到回报。,我可以向你保证，长远来看诚实会带来回报。,英文和日文都是保证诚实最终有回报的完整句，原译“没关系”遗漏主句并改变语义。,3,7
1000590,あんな,296,1,f1e99t1,gloss,major,指在空间上距离说话者和听话者都较远的事物，或指说话者和听话者都不熟悉的情况,那种,that kind of 的中文释义被误填成另一条说明性 note。,3,8
1000590,あんな,296,5,f1e99t5,note,major,① 什么样的；哪种的；哪种；什么,指离说话者和听话者都较远的事物，或双方都不熟悉的情况,该字段是距离/陌生情况说明，原译误填为疑问词释义。,3,8
1000590,あんな,296,6,f1e99t6,example,major,规矩点！,我受不了看见他。,日文胸くそが悪い表示看到他就恶心难受，原译“规矩点”错义。,3,8
1000590,あんな,296,7,f1e99t7,xref,major,别这么大岁数还……,① 到那种程度；到那种地步；那么；那样,xref 源文是 to that extent/to that degree 等，原译完全错接。,3,8
1000590,あんな,296,8,f1e99t8,xref,major,别这么大岁数还……,① 这种；这种类型；像这样；这样的,xref this sort of/this kind of 等被误填成无关句子。,3,8
1000590,あんな,296,9,f1e99t9,xref,major,不！,① 这种；那种；那样,xref such/that sort of 等被误译为“不”。,3,8
1000590,あんな,296,10,f1e99t10,xref,major,不不！,① 什么样的；哪种；什么,xref what kind of/what sort of/what 被误译为“不不”。,3,8
1593480,恐い,333,0,f56e1505t0,gloss,major,隆隆,可怕的,scary 的释义不可能是“隆隆”。,3,8
1593480,恐い,333,1,f56e1505t1,gloss,major,轰鸣,令人恐惧的,frightening 被错误翻成声音词“轰鸣”。,3,8
1593480,恐い,333,2,f56e1505t2,gloss,major,轰隆,令人毛骨悚然的,eerie 表示诡异可怕，原译“轰隆”错义。,3,8
1593480,恐い,333,3,f56e1505t3,gloss,major,隆隆,可怕的；可怖的,dreadful 表示可怕，原译“隆隆”错义。,3,8
1593480,恐い,333,4,f56e1505t4,example,major,轰隆,他想知道你是否怕蛇。,日文例句是完整的‘他在想你是否怕蛇’，原译只剩声音拟态词。,3,8
1360480,心,338,3,f33e19t3,example,minor,我会将您这番切中要害的话语铭记于心。,我会将您这番亲切的话语铭记于心。,kind words 应为亲切/善意的话语，原译擅自增添“切中要害”。,3,8
1155120,以上,380,20,f13e490t20,gloss,major,既然……,一旦……,once ... 表示一旦……；原译“既然”与同组 since/now that 混淆。,3,9
1310670,留める,452,12,f28e409t12,note,minor,尤其作“止める”“停mer”,尤其作“止める”“停める”,原译含有残留英文字符“停mer”，应修复为对应日文汉字书写。,3,11
2136890,とする,521,18,f109e252t18,example,major,她穿着让人一见钟情的衣服。,她穿着打扮得格外漂亮。,fit to kill 表示穿得极其漂亮/惹眼，原译“一见钟情”错义。,3,13
1309440,思える,582,2,f28e208t2,example,major,我几乎不敢相信她会那样做。,我几乎不认为她会那样做。,英文 hardly think 表示几乎不认为；原译‘几乎不敢相信’增加了不敢相信的情绪含义。,3,14
1533580,面白い,590,12,f49e1121t12,gloss,major,令人感兴趣的,有娱乐性的,英文 entertaining 指具有娱乐性，原译‘令人感兴趣的’与 intriguing/interesting 混同。,3,14
1542160,遊ぶ,599,5,f50e724t5,gloss,major,闲置,闲着,遊ぶ的 be idle 用于人或状态时是闲着、无所事事；‘闲置’通常用于物品，且本组另有 do nothing。,3,14
1189360,どちら,634,5,f16e1328t5,xref,major,他,① 这边；这个方向,xref 英文 this way/this direction 指这边、这个方向，原译‘他’明显错义。,3,15
1000520,あら,636,2,f1e91t2,gloss,critical,哎呀，请叫我安吉拉。,哎呀！,gloss oh no 应为感叹词‘哎呀！’；原译混入下一条例句内容。,3,15
1000520,あら,636,3,f1e91t3,example,critical,哎呀！,“哦，请叫我安吉拉。”,example EN/JA 是‘哦，请叫我安吉拉’，原译仅‘哎呀！’与例句错位。,3,15
1384830,切る,656,46,f35e951t46,gloss,major,辞退,放走,在 dismiss/sack/expel 语义组中 let go 指放走或解雇，原译‘辞退’通常指主动拒绝或辞谢，方向不符。,3,16
1384830,切る,656,53,f35e951t53,xref,major,① 王牌；王牌牌,① 王牌；王牌,xref trump; trump card 的第二项原译‘王牌牌’为明显重复错字。,3,16
1606710,態々,700,8,f59e545t8,gloss,major,特意,故意,deliberately 表示故意地；‘特意’在本组 expressly/specially 语义中，不能准确对应故意。,3,16
1228650,急ぐ,769,4,f20e941t4,example,major,尼克匆忙赶去赶公交车。,尼克赶忙去赶公交车。,原译‘匆忙赶去赶公交车’重复使用赶且不通顺；日文表示为赶上公交车而赶忙前往。,3,17
1006950,そもそも,772,13,f1e1605t13,example,major,反正，大多数事故发生在附近，而不是热带雨林。,其实，大多数事故发生在附近，而不是热带雨林。,此处日语そもそも表示‘其实/说到底、原本’，不是‘反正’的随意让步语气。,3,17
1595730,全て,801,6,f57e306t6,gloss,major,全然地,完全地,wholly 表示完全地，原译‘全然地’在现代汉语中不自然且易与‘全然不’的否定用法混淆。,3,18
1589260,落す,811,7,f55e1919t7,example,major,他打碎了花瓶。,他失手把花瓶掉了下来。,英文 dropped a vase 只表示使花瓶掉落，原译‘打碎了’凭空增加破碎结果。,3,18
2409190,様だ,842,6,f134e1013t6,note,major,用于句末；接在动词或形容词连体形之后，接在名词之后后用「の～」,用于句末；接在动词或形容词连体形之后，接在名词之后时用「の～」,原注释含‘之后后用’重复笔误；修正为通顺准确的语法说明。,3,19
1483185,あちら,846,6,f45e70t6,xref,major,他,① 这边；这个方向,xref 英文 this way/this direction 对应‘这边；这个方向’，原译‘他’明显错义。,3,19
1252560,軽い,879,23,f22e1519t23,example,major,我脾气急，嘴巴也轻率。,我脾气急，嘴也很碎。,loose-tongued 指口无遮拦、话多；原译‘嘴巴轻率’不符合中文习惯且未表达多嘴含义。,3,19
1160790,弌,883,4,f13e1506t4,example,major,请每打装一个蛋。,请按打装鸡蛋。,Pack eggs in dozens 表示按一打一打包装鸡蛋，原译‘每打装一个蛋’颠倒数量关系。,3,19
1433030,通る,892,17,f40e340t17,gloss,major,被展示,被带入室内,to be shown in/to be ushered in 是被带入室内，不是被展示。,3,20
1169250,曳く,895,70,f14e1141t70,gloss,major,被排斥,感到反感,口语义 to be turned off 指因他人言行而感到反感或扫兴，旧译“被排斥”改变了主客体和语义。,3,20
1590770,代り,908,6,f56e534t6,gloss,major,代,代理人,proxy 在 stand-in/proxy/deputy 这一组中指代理人，旧译单字“代”不完整且不可用。,3,20
1607050,我々,926,1,f59e662t1,example,major,但我们没有他继续进行了。,但我们没有他也继续了下去。,日文表示没有他仍继续，旧译“没有他继续进行了”中文语序不通；修正为忠实自然的例句。,3,20
1437260,的,939,0,f40e1055t0,gloss,major,性的,……的,英语后缀 -ical 在此为构成形容词的「-的」，原译“性的”错误加入性含义。,3,21
1437260,的,939,1,f40e1055t1,gloss,major,性的,……的,英语后缀 -ive 在此为构成形容词的「-的」，原译“性的”错误加入性含义。,3,21
1437260,的,939,2,f40e1055t2,gloss,major,性的,……的,英语后缀 -al 在此为构成形容词的「-的」，原译“性的”错误加入性含义。,3,21
1437260,的,939,3,f40e1055t3,gloss,major,性的,……的,英语后缀 -ic 在此为构成形容词的「-的」，原译“性的”错误加入性含义。,3,21
1437260,的,939,4,f40e1055t4,gloss,major,性的,……的,英语后缀 -y 在此为构成形容词的「-的」，原译“性的”错误加入性含义。,3,21
2724560,のせいで,967,4,f163e1986t4,xref,major,后果；结果；归咎,后果；结果；责任；过错,xref 的 blame/fault 是责任、过错等名词，原译末项“归咎”无法对应 fault 且词性不当。,3,21
1920240,何の,977,3,f88e502t3,xref,major,① 那个；那个,① 这个,英文 xref this 对应“这个”，原译“那个；那个”将指示方向译反并重复。,3,21
1207250,愉しみ,997,5,f18e678t5,gloss,minor,趣味,乐趣,fun 在此为享受、乐趣，中文“趣味”通常指兴趣或品味，不能准确对应该义。,3,22
1612690,ございます,1005,2,f59e1992t2,example,major,请问您有行李需要寄存吗？,请问您有行李需要托运吗？,check baggage 指托运行李，旧译“寄存”表示临时保管，场景和动作不符。,3,22
1591990,気をつける,1008,2,f56e995t2,gloss,major,照顾,当心,to take care 在气をつける的注意、小心义中是当心，旧译“照顾”改变为照料他人。,3,22
2119750,何だ,1018,3,f107e645t3,gloss,major,该死,什么鬼,what the heck 是惊讶或不满的“什么鬼/搞什么”，不是“该死”。,3,22
2119750,何だ,1018,4,f107e645t4,gloss,major,该死的,什么鬼,what the（省略的感叹）对应“什么鬼”等疑问感叹，旧译“该死的”误作 damn。,3,22
1397340,素直,1021,10,f36e1349t10,gloss,minor,无怪异的,不矫揉造作的,without mannerisms 指没有矫揉造作的举止，旧译“无怪异的”中文不通且语义偏离。,3,22
1611020,何で,1033,5,f59e1594t5,example,major,你到这儿来干什么？,你怎么来这儿的？,日文なんで在此对应 how/方式，英文为 How did you come here；旧译“干什么”变成询问目的。,3,22
1009000,どうも,1060,13,f1e1993t13,gloss,major,尽管,不由自主地,in spite of oneself 表示身不由己、不由自主，旧译“尽管”没有表达该义。,3,23
1009000,どうも,1060,14,f1e1993t14,gloss,minor,尽管,尽管努力,try as one might 表示尽管怎样努力，旧译单独“尽管”不完整。,3,23
1589040,後れる,1082,12,f55e1841t12,gloss,major,在死亡上先于某人,（某人）先于自己去世,to be preceded by someone in death 表示某人先于自己死亡，原译“在死亡上先于某人”不通且关系方向不清。,3,23
1532710,迷う,1087,17,f49e942t17,gloss,major,被……带走,被……冲昏头脑,to be carried away by 表示被情绪或魅力冲昏头脑、陶醉其中，原译“被……带走”是逐字误译。,3,23
1320760,質問,1096,2,f29e327t2,gloss,minor,查问,询问,enquiry 在 question/inquiry 义项中是询问，旧译“查问”带有审讯意味。,3,23
1544590,余裕,1105,9,f50e1313t9,example,major,没有买车的余裕。,我没有余力养车。,keep a car 指维持、养车的负担，日文持つ也是拥有；旧译“没有买车的余裕”改成了购买行为。,3,23
1580260,創,1165,8,f54e1011t8,example,major,海水弄伤伤口，很痛。,海水浸到伤口，刺痛难忍。,日文和英文表示海水接触伤口会刺痛，旧译“弄伤伤口”错误地说成海水造成了伤口。,3,24
2179900,何もない,1172,2,f113e950t2,example,major,妨碍我的东西什么都没有。,没有任何东西能妨碍我。,There is nothing to hinder me 的自然忠实译法是“没有任何东西能妨碍我”，旧译中文语序不通。,3,25
1432900,透す,1183,61,f40e312t61,gloss,major,穿过（如汤）,在汤中涮过,食物义 to pass through a broth 指在汤中涮过，旧译“穿过（如汤）”不符合烹饪语境。,3,25
1432900,透す,1183,62,f40e312t62,gloss,major,通过（如沸水）,在沸水中涮过,食物义 to put through boiling water 指在沸水中涮过，旧译“通过（如沸水）”是生硬直译。,3,25
2216900,この前,1226,8,f117e960t8,gloss,major,上周（周日、夏季等）,上一个（星期日、夏季等）,last Sunday/summer 表示上一个相应时段，旧译‘上周（周日、夏季等）’把 Sunday、summer 都误作周。,3,26
1535850,戻す,1229,3,f49e1603t3,gloss,minor,恢复（恢复至先前状态，如解冻、复原、和解）,恢复（至先前状态，如解冻、复原、和解）,旧译括号内重复‘恢复’，中文不通；英文约束是恢复至先前状态。,3,26
1253190,邀える,1231,3,f22e1689t3,gloss,major,致欢迎词,问候,greet 的通常义是问候、打招呼，旧译‘致欢迎词’错误缩窄为发表欢迎致辞。,3,26
1516310,抱える,1298,4,f48e68t4,example,major,慌忙地抱着行李回家看看。,他慌忙抱着行李回到家一看。,日文帰ってみたら表示回到家后发现，旧译‘回家看看’语序及语义均不自然。,3,26
1361510,新た,1331,3,f33e261t3,example,major,她看着照片以刷新记忆。,她看着照片以唤起记忆。,refresh one's memory 在此是唤起/恢复记忆，旧译‘刷新记忆’是生硬且不符合中文习惯的直译。,3,27
1589340,思い出,1348,3,f55e1961t3,example,major,作为珍贵的回忆来说，这很便宜。,作为珍贵回忆的代价，这很便宜。,日文贵重な思い出料としては安い强调作为珍贵回忆的代价很便宜，旧译把‘便宜’错误修饰为回忆。,3,27
2008040,こうして,1371,2,f96e901t2,example,major,就这样，我总是烹饪鱼。,我通常就是这样做鱼的。,英文和日文表达‘我通常以这种方式烹饪鱼’，旧译‘就这样，我总是烹饪鱼’中文语序不通。,3,27
1602120,日日,1385,2,f58e831t2,example,major,他是怎么安排每日生计的？,他是怎么谋生的？,earn one's daily bread 是谋生，旧译‘安排每日生计’误解 earn 并且中文不自然。,3,28
1181390,殴る,1404,4,f15e1756t4,example,minor,乔治打了他肚子。,乔治打了他的肚子。,日文腹を殴った表示打在他的肚子上，旧译‘打了他肚子’缺少自然的结构助词。,3,28
1279170,攻撃,1424,8,f25e446t8,gloss,major,揭发,谴责,denunciation 是公开谴责，旧译‘揭发’表示揭露违法事实，词义不符。,3,28
1375040,勢,1440,13,f34e926t13,gloss,major,动量,势头,一般语境中的 momentum 是势头/势能，旧译‘动量’限于物理量，偏离该义项。,3,28
1510890,変化,1444,1,f47e1003t1,gloss,minor,变异,变化,variation 的一般词义是变化，旧译‘变异’带有生物学或异常突变的限定。,3,28
1252090,計画,1459,6,f22e1440t6,example,major,在那个计划中，他做到了协调。,在那个计划上，我们能够与他保持一致。,日文和英文表达我们在那个计划上同意/跟随他的意见，旧译误换主语为他并增添‘做到了协调’。,3,29
1287420,黒い,1481,7,f25e1999t7,gloss,minor,犯罪,犯罪的,criminal 作形容词义应为犯罪的，旧译‘犯罪’是名词，词性不符。,3,29
1287420,黒い,1481,9,f25e1999t9,example,major,州长挪用了公款。,州长动用了黑钱。,日文黑い金指黑钱/非法资金，旧译‘公款’改变了资金性质。,3,29
1242600,金,1534,9,f21e1510t9,gloss,major,金色的东西（如沉默等）,珍贵的东西（如沉默）,something golden 比喻极其珍贵，例为沉默；旧译‘金色的东西’按颜色直译，误解比喻义。,3,29
1313850,事故,1542,3,f28e1150t3,example,major,我就这件事向他提出了质问。,我向他询问了那起事故。,ask someone about 是询问，旧译‘提出质问’带有责问语气，超出原文。,3,29
1459690,謎,1550,3,f42e1694t3,gloss,major,神秘,谜团,mystery 是谜团/神秘事件的名词，旧译‘神秘’为形容词，词性和义项不符。,3,30
1231650,去る,1561,4,f20e1537t4,gloss,major,逝去,流逝,to elapse 表示时间流逝，旧译‘逝去’主要用于人或生命，语义范围不当。,3,30
1581210,嘗て,1571,6,f54e1324t6,example,major,一般认为，日本人认为自己的日子比过去好过了。,一般来说，日本人认为自己的日子比过去好过了。,日文主语为一般来说的日本人，旧译重复‘一般认为，日本人认为’，中文结构错误。,3,30
1475720,迫る,1604,5,f44e599t5,gloss,major,逼迫,催促,urge 是催促/敦促，旧译‘逼迫’与同组 compel 重复且语气过重。,3,30
1504900,糞,1647,23,f46e1930t23,gloss,major,毫无关系,完全无关紧要,not mattering at all 表示完全无关紧要，旧译‘毫无关系’会理解为没有关联。,3,31
1504900,糞,1647,24,f46e1930t24,gloss,major,毫无关系,算不了什么,counting for nothing 表示算不上什么、没有分量，旧译‘毫无关系’误作关联关系。,3,31
1504900,糞,1647,25,f46e1930t25,gloss,major,毫无关系,几乎不值得考虑,hardly worth consideration 的明确含义是几乎不值得考虑，旧译‘毫无关系’错误。,3,31
1504900,糞,1647,26,f46e1930t26,gloss,major,毫无关系,不可能,out of the question 表示不可能或免谈，旧译‘毫无关系’不对应该习语。,3,31
1495770,付ける,1684,29,f46e142t29,gloss,minor,安置,置于看守或医生照料之下,to place under guard or doctor 明确表示置于看守或医生照料之下，原译安置遗漏限定关系,3,32
1495770,付ける,1684,30,f46e142t30,example,major,警官盯上了那个男人。,警察跟踪了那个男人。,日语つけた及英文followed表示实际跟踪，原译盯上了改变了动作含义,3,32
1349380,床,1745,1,f31e1825t1,example,minor,地板上有什东西？,地板上有什么东西？,中文例句存在明显漏字，什东西应为有什么东西,3,32
1254480,孔,1752,12,f22e1971t12,gloss,major,林间空地,林中兽穴,holt 指林中兽穴，原译林间空地误解为地貌空地,3,33
1290560,混乱,1794,2,f26e675t2,gloss,minor,迷惑,困惑,confusion 在混乱语义组中指困惑，中文迷惑语义偏使人困惑或迷惑他人,3,33
1223620,貴様,1806,3,f20e59t3,example,minor,喂，你干嘛？想替她说话吗？,喂，你这混蛋，想替她说话吗？,英文wretch及日语貴様含贬斥称呼，原译遗漏侮辱语气,3,33
1392290,選択,1866,1,f36e546t1,gloss,minor,选拔,选择,selection 在choice语境中是选择，原译选拔缩窄为挑选人员,3,34
2055540,よいしょ,1870,5,f101e85t5,xref,major,① 横纲（相扑最高等级）；大关,① 横纲（相扑最高等级）；最高级别冠军,yokozuna 的同义释义 grand champion 不是大关，原译将相扑等级误译为大关,3,34
1495740,附く,1892,16,f46e136t16,gloss,major,附带,陪同,to accompany 指陪同，原译附带表示随附物品，语义错误,3,35
1495740,附く,1892,17,f46e136t17,gloss,major,附带,出席,to attend 指出席或参加，原译附带误义,3,35
1432920,通り,1908,3,f40e317t3,gloss,minor,通路,干道,thoroughfare 指公共大道或干道，原译通路不准确,3,35
2851448,お仕事,1945,9,f198e364t9,xref,minor,① 工作；职业；劳动；业务；任务；职业；就业,① 工作；工作；劳动；劳动；业务；任务；任务；职业；就业,xref 逐项对应英文九个释义，原译漏项且顺序不对应,3,35
1594190,刺激,1961,7,f56e1765t7,gloss,minor,刺激物,激励,spur 在动机语境中指激励或促进因素，原译刺激物指物质性刺激物,3,35
1459640,乍ら,1979,2,f42e1683t2,gloss,minor,作为,如……一样,ながら此处的as表示像……一样，原译作为误作身份或功能,3,36
1459640,乍ら,1979,16,f42e1683t16,gloss,minor,作为（例如“一如既往”、“很久以前”）,如……（例如“一如既往”、“一如从前”）,as in as always/as long ago 表示如同，原译作为不合语境,3,36
1600290,伸ばす,2005,6,f58e9t6,example,major,那个孩子态度傲慢，把我的腿伸到了我的膝盖上。,那个厚脸皮的孩子把她的双腿伸到了我的膝盖上。,英文和日语主语均为the child/その子，原译误写成把我的腿伸到了我的膝盖上,3,36
1381390,青い,2024,8,f35e158t8,example,minor,她一听到那个通知，脸色就变了。,她一听到那个消息，脸色就变得苍白。,turned pale 明确是脸色变苍白，原译脸色变了遗漏pale,3,36
1589820,香り,2061,1,f56e122t1,gloss,minor,香味,香气,fragrance 指香气或芳香，原译香味偏味觉,3,37
1589820,香り,2061,3,f56e122t3,gloss,major,嗅觉,气味,smell 在此处是气味，原译嗅觉是感官而非被闻到的气味,3,37
1253570,撃つ,2068,2,f22e1758t2,example,minor,警察发射了空炮弹。,警察发射了空包弹。,blank 作名词指空包弹，原译空炮弹不是规范术语,3,37
1478010,討つ,2069,0,f44e1092t0,gloss,major,讨伐,攻击,attack 应译为攻击，原译将多个不同义项全部误译为讨伐,3,37
1478010,討つ,2069,1,f44e1092t1,gloss,major,讨伐,摧毁,destroy 应译为摧毁，原译讨伐错误,3,37
1478010,討つ,2069,2,f44e1092t2,gloss,major,讨伐,击败,defeat 应译为击败，原译讨伐错误,3,37
1478010,討つ,2069,3,f44e1092t3,gloss,major,讨伐,征服,conquer 应译为征服，原译讨伐错误,3,37
1478010,討つ,2069,4,f44e1092t4,gloss,major,讨伐,报仇,avenge 应译为报仇，原译讨伐错误,3,37
1156610,意思,2115,4,f13e754t4,example,minor,意思传达有多种形式。,沟通有多种形式。,communication 的自然中文是沟通，原译意思传达生硬且不合例句,3,37
1416170,叩く,2127,18,f38e1131t18,example,minor,报纸们一齐开始抨击那位政治家。,各家报纸一齐开始抨击那位政治家。,中文报纸们不合汉语习惯，改为各家报纸保持复数主体,3,37
1416170,敲く,2128,24,f38e1132t24,note,major,如……口を叩く,如……吹牛,口を叩く表示夸口、旧译残留日文。,3,38
1591250,奇跡,2156,1,f56e725t1,gloss,minor,神迹,奇迹,wonder 在此与 miracle 同义，译为神迹不合常用简体中文。,3,38
1378590,生き物,2178,1,f34e1551t1,gloss,minor,活物,生物,living creature 应为生物，活物不是自然词。,3,38
1001990,お姉さん,2191,11,f1e422t11,gloss,minor,夫人,女士,ma'am 通常译为女士；夫人附加婚姻限定。,3,38
1576280,一年,2206,1,f53e1838t1,gloss,major,几年前,一年前,some time ago 的此词义为一年前，旧译几年前改变数量。,3,38
2407970,この手,2245,3,f134e681t3,gloss,minor,这种种类,这种类型,this type 应译为这种类型，旧译这种种类不通顺。,3,39
1379950,精神,2265,5,f34e1836t5,example,minor,我们必须培养精神。,滋养精神,nourish our spirit 应为滋养精神，培养精神搭配不自然。,3,39
1396550,狙い,2279,7,f36e1162t7,gloss,major,狙击,目标,target 是目标，旧译狙击误作动词。,3,39
1385920,折れる,2298,3,f35e1151t3,gloss,major,骨折,断裂,to fracture 是断裂，旧译骨折无源文限定且缩窄含义。,3,39
1228170,及ぶ,2326,6,f20e856t6,example,minor,那次地震造成了广泛范围的损害。,造成了广泛损害。,中文例句应自然表达 widespread damage，旧译广泛范围的损害生硬。,3,40
1315130,字,2330,4,f28e1370t4,gloss,major,书法,笔迹,handwriting 是笔迹，旧译书法改变语义。,3,40
1315130,字,2330,5,f28e1370t5,gloss,minor,笔法,书写技巧,penmanship 指书写技巧，旧译笔法不够准确。,3,40
1436050,底,2376,0,f40e839t0,gloss,critical,底价,底部,bottom 是底部，旧译底价完全错义。,3,40
1436050,底,2376,1,f40e839t1,gloss,critical,底知れぬ,鞋底,sole 在此指鞋底，旧译底知れぬ为无关日语残留义。,3,40
1436050,底,2376,2,f40e839t2,example,critical,底豆,鞋底磨损了。,soles of my shoes are worn 应译为鞋底磨损，旧译底豆完全错译。,3,40
1470380,脳,2406,1,f43e1484t1,example,minor,那名男子击碎了自己的脑。,自己的脑子,brains 在自击头部语境中应自然译为脑子，旧译自己的脑不通顺。,3,40
1238550,鏡,2427,0,f21e787t0,gloss,critical,桶头,镜子,mirror 应为镜子，旧译桶头与 sense 错位。,3,41
1238550,鏡,2427,1,f21e787t1,gloss,critical,扉页,镜子,looking-glass 也是镜子，旧译扉页错位。,3,41
1238550,鏡,2427,2,f21e787t2,example,critical,镜形年糕,海面像镜子一样光滑。,例句 as smooth as glass 应译镜面般光滑，旧译镜形年糕完全错位。,3,41
1238550,鏡,2427,3,f21e787t3,gloss,critical,镜形年糕,桶头,barrel head 是桶头，旧译镜形年糕错位。,3,41
1238550,鏡,2427,4,f21e787t4,gloss,critical,镜中反射,文档开头记载用途、日期、作者等信息的扉页,finance 义 page added at beginning of document 应为扉页，旧译镜中反射错位。,3,41
1238550,鏡,2427,5,f21e787t5,gloss,critical,反射像,镜饼,mirror-shaped mochi 是镜饼，旧译反射像错位。,3,41
1238550,鏡,2427,6,f21e787t6,xref,critical,镜像,镜饼,kagami mochi 的中文为镜饼，旧译镜像错义。,3,41
1569240,ずるい,2432,2,f53e249t2,gloss,minor,鬼祟,鬼鬼祟祟的,sneaky 应表达鬼鬼祟祟，旧译鬼祟缺少形容词形式。,3,41
1589580,下す,2446,19,f56e41t19,gloss,major,去鳞（鱼）,给鱼剔骨,to fillet fish 是给鱼剔骨/片鱼，旧译去鳞错义。,3,41
1322700,社会,2495,5,f29e843t5,gloss,major,社会学,社会科,social studies（学校科目）应为社会科，旧译社会学是不同学科。,3,42
1322700,社会,2495,6,f29e843t6,xref,major,社会学（学校科目）,社会科（学校科目）,xref 明确标注 school subject，应译社会科而非社会学。,3,42
1320300,室,2551,6,f29e239t6,xref,major,牛（Bos taurus）,② 北方天空的七宿（中国星宿）,EN 指 northern heavens 的七宿，旧译牛为错误星宿名称。,3,42
1557450,礼,2571,2,f51e1734t2,example,major,他对她热情的鼓励表达了谢意。,他对她亲切的建议表达了谢意。,日文助言及英文 kind help 都指建议/帮助，旧译热情的鼓励错义。,3,42
1342540,初め,2630,13,f31e558t13,example,major,在这所语言中心，除了英语，还可以学习来自15个国家的语言。,在这所语言中心，包括英语在内，可以学习来自15个国家的外语。,including English 应译包括英语在内，旧译除了英语改变了包含关系。,3,43
1375260,性,2688,12,f34e971t12,example,minor,第三件需要考虑的事情是地毯的年代性。,第三件需要考虑的事情是地毯的年代。,age of the carpet 指地毯的年代；“年代性”不是自然的中文表达。,3,44
1441000,転がる,2694,7,f40e1726t7,gloss,minor,躺着,到处放着,be lying around 指物品散置各处，与“躺着”不符；该词义已有散落义。,3,44
1385450,接触,2710,7,f35e1056t7,gloss,major,切点,相切,数学术语 tangency 是相切/相切关系，不是具体交点“切点”。,3,44
1469350,念のため,2735,6,f43e1326t6,gloss,minor,出于预防,以防万一,by way of precaution 表示采取预防措施，中文“出于预防”不通顺。,3,44
1490070,評判,2747,9,f45e1228t9,gloss,major,知名度,恶名,notoriety 指因坏事而出名、恶名，不能译为中性的“知名度”。,3,44
1429740,長,2777,9,f39e1728t9,gloss,major,主要,大调,音乐术语 major 指大调，不是一般意义的“主要”。,3,45
1429740,長,2777,10,f39e1728t10,xref,major,② 次要,② 小调,与音乐 sense 的 major 对应，minor 指小调，不是“次要”；保留原 xref 的②标记。,3,45
1556630,冷える,2784,1,f51e1606t1,gloss,minor,变冷,感到冷,get chilly 表示感到寒冷，不能泛化为物体温度变冷。,3,45
1487320,膝,2801,2,f45e786t2,gloss,major,膝部,膝上,lap 是坐姿时大腿上供物品或人置放的部位，非“膝部”。,3,45
1419120,鍛える,2845,5,f38e1807t5,gloss,major,纪律,管教,discipline 作动词是管教、使守纪律，不能译成名词“纪律”。,3,45
1477130,発する,2849,3,f44e854t3,gloss,major,发射,发出,emit 指发出（光、气味、声音等）；“发射”仅适用于向外高速发射物体。,3,45
1189980,加わる,2884,9,f16e1440t9,gloss,major,增加,加速,gather speed 指速度逐渐增加、加速，不是泛泛的“增加”。,3,46
1410050,対策,2891,3,f38e3t3,gloss,minor,反计划,反制计划,counterplan 是针对对方计划的反制计划，“反计划”表达不自然且不明确。,3,46
1410050,対策,2891,4,f38e3t4,gloss,major,反着法,反制行动,countermove 指对抗对手的行动/反制着法，“反着法”不是规范中文。,3,46
1405050,速度,2917,1,f37e1094t1,gloss,major,速率,速度,physics 中 velocity 的规范中文为“速度”；“速率”对应 scalar rate/speed，不能作为此处对应译文。,3,46
1405050,速度,2917,5,f37e1094t5,gloss,major,速率,速度,物理学 sense 的 velocity 应译为“速度”，当前“速率”混淆了速度与速率。,3,46
1500220,伏せる,2938,8,f46e1009t8,gloss,major,平躺（俯卧）,俯卧,lie flat on one's stomach 是俯卧；“平躺（俯卧）”前后矛盾。,3,46
1581610,端,2974,12,f54e1449t12,gloss,major,零碎,最少,least 指最少、最低限度；“零碎”对应 odds and ends/scrap，不能用于此词义。,3,47
1352570,昇る,3000,6,f32e490t6,example,minor,那时太阳正在升起。,那时太阳正要升起。,のぼるところだった 表示正要升起、即将发生，不是正在升起的进行时。,3,47
1605320,洩らす,3020,15,f58e1998t15,gloss,minor,尿湿裤子,尿裤子,to wet one's pants 的自然中文是“尿裤子”，当前“尿湿裤子”生硬。,3,47
1605320,洩らす,3020,23,f58e1998t23,note,critical,健棒,接在动词的ます词干之后,英文说明 after the -masu stem of verb，原译“健棒”明显是乱码/错译，需恢复语法说明。,3,47
1006690,そこそこ,3076,8,f1e1528t8,note,major,以もそこことに的形式使用,以“もそこそこに”的形式使用,原译“以もそこことに”漏字且错字，日语固定形式应为“もそこそこに”。,3,48
1477250,発揮,3128,1,f44e888t1,gloss,major,发挥,展示,exhibition 在此与能力展现义相关，不能重复译为抽象的“发挥”。,3,49
1477250,発揮,3128,2,f44e888t2,gloss,major,发挥,示范,demonstration 指展示、示范能力，不是“发挥”。,3,49
1477250,発揮,3128,3,f44e888t3,gloss,major,发挥,展现,display of power/ability 应为展现能力，当前重复“发挥”且未体现 display。,3,49
1477250,発揮,3128,4,f44e888t4,gloss,major,发挥,体现,manifestation 指能力的体现/表现，不是动词“发挥”。,3,49
1429200,調整,3145,3,f39e1631t3,gloss,major,对账,调和,reconciliation 的一般义是调和、和解；“对账”是财务专义，超出此无标签词义。,3,49
1013140,よこす,3153,7,f2e823t7,note,major,用于动词连体形之后；常带有动作单方面或令人不快的意味,用于动词的て形之后；常带有动作单方面或令人不快的意味,英文明确是 after the -te form，原译“动词连体形”术语错误，应为动词て形。,3,49
1310460,上手い,3188,4,f28e354t4,gloss,major,专家,熟练的,此处 expert 为形容词义“熟练的/专业的”，不能译为名词“专家”。,3,49
1310460,美い,3191,4,f28e359t4,gloss,major,专家,熟练的,与同组上手い的形容词义一致，expert 应译为“熟练的”，不是名词“专家”。,3,49
1369530,人類,3199,1,f33e1852t1,gloss,major,人性,人类,humanity 在与 mankind 并列的人类义中应译为“人类”；“人性”是 human nature，义项不同。,3,49
1421490,地味,3205,12,f39e271t12,note,minor,作为“地味に”,用于“地味に”,note as 地味に 是说明用法，中文应明确写“用于”，原“作为”不自然。,3,49
1390800,浅い,3225,4,f36e217t4,gloss,major,短暂的（睡眠）,浅的（睡眠）,light sleep 指睡眠浅，旧译‘短暂’误解了程度而非深浅。,3,50
1489340,表,3261,14,f45e1131t14,gloss,major,（榻榻米等的）封面,（榻榻米等的）覆盖物,cover 在此指覆盖榻榻米的物件，旧译‘封面’指书刊封面，义项错误。,3,50
1240530,球,3270,27,f21e1091t27,example,major,艰难使你成为玉。,逆境使人明智，而非富有。,"英文明确为 makes a man wise, not rich，旧译‘艰难使你成为玉’未表达 wise/not rich 的语义。",3,50
1392910,前後,3350,6,f36e649t6,gloss,major,前后,大约,前后用于数量、时间等时表示 around/about，即大约，旧译‘前后’不合该义项。,3,51
1392910,前後,3350,7,f36e649t7,gloss,major,前后,大约,前后用于数量、时间等时表示 around/about，即大约，旧译‘前后’不合该义项。,3,51
1594520,搾る,3403,8,f56e1880t8,gloss,major,泌乳,挤奶,express milk 指挤出乳汁/挤奶，旧译‘泌乳’表示分泌乳汁，主客体方向不符。,3,51
1207610,掛ける,3465,41,f18e786t41,gloss,major,乘法（算术运算）,乘（算术运算）,to multiply 是动词‘乘’，旧译‘乘法’为名词，词性和释义不符。,3,52
1207610,掛ける,3465,57,f18e786t57,gloss,major,赌注,押注,to stake 作动词指押注，旧译‘赌注’是名词。,3,52
1002190,お尻,3482,3,f1e495t3,gloss,major,便座功能（用于肛门清洁）,臀部清洗功能（用于肛门清洁）,bidet function 指马桶的臀部清洗功能，旧译‘便座功能’过于泛化且遗漏 bidet 语义。,3,52
1432330,追い込む,3490,12,f40e195t12,gloss,major,两击,两好球,棒球 two strikes 的中文术语为‘两好球’，旧译‘两击’不准确。,3,52
1263490,現す,3495,4,f23e1668t4,example,minor,&符号表示and（和）的文字。,&符号代表“and”（“和”）。,例句说明符号代表英文 and，补上引号并使中文句子通顺，保留被指代的英文。,3,53
1571320,嘗める,3571,14,f53e672t14,note,major,也写作“なめる”和“むげる”,也写作“ナメる”和“無礼る”,原注列出的日语写法是 ナメる、無礼る；旧译把后者误写成读音‘むげる’，且丢失了原字形。,3,53
1570420,絆,3653,7,f53e483t7,gloss,major,缰绳,系绳,tether 指拴系用的绳带，旧译‘缰绳’特指驾驭牲口的缰具，范围错误。,3,54
1267740,誇り,3688,1,f24e508t1,gloss,major,自豪,夸耀,boast 作名词指夸耀/吹嘘，旧译‘自豪’对应 pride，混淆相邻义项。,3,54
1132680,メイン,3718,2,f11e813t2,example,major,昨天的赛马主赛事，结果非常出人意料。这种比赛就被称为“银银行比赛”。,昨天的赛马主赛事，结果毫不意外。这种比赛就被称为“银行赛”。,英文 no surprise 与旧译‘出人意料’相反；日语 銀行レース 指结果稳妥、可押注的比赛。,3,55
1044620,クリア,3743,10,f4e1732t10,gloss,major,（足球中）清球,（足球中）解围,soccer 中 clearing the ball 的惯用中文是‘解围’，旧译‘清球’不自然且术语不准。,3,55
1008020,っぱなし,3772,0,f1e1809t0,gloss,minor,（处于）某种状态（开着、开着、未完成等）,（处于）某种状态（开着、打开、未完成等）,原译括号内‘开着、开着’重复，第二项对应 open，应修正为‘打开’。,3,55
1191090,可能性が高い,3911,0,f16e1600t0,gloss,minor,非常可能,很可能,very likely 应译为“很可能”，旧译“非常可能”不合汉语习惯。,3,56
1191090,可能性が高い,3911,1,f16e1600t1,gloss,minor,非常可能,非常有可能,very probable 表示概率很高，译为“非常有可能”更准确通顺。,3,56
1538900,但,3992,6,f50e182t6,example,major,不受影响,我免费得到了那张票。,example for ただで means obtaining for free; old text means unaffected and is unrelated.,3,57
1538900,但,3992,7,f50e182t7,gloss,major,原样,不受影响,unaffected was mistranslated as 原样.,3,57
1538900,但,3992,8,f50e182t8,gloss,major,安全,原样,as is means 原样; old text 安全 belongs to the following sense.,3,57
1538900,但,3992,9,f50e182t9,gloss,major,通常用作“ただでは…”,安全,safe was mistranslated as a usage note.,3,57
1538900,但,3992,10,f50e182t10,note,major,仅仅,通常用于“ただでは……”,"the note specifies the construction ただでは..., but old text was only 仅仅.",3,57
1538900,但,3992,14,f50e182t14,gloss,minor,单纯,只是,just in this sense means 只是; 单纯 is less accurate.,3,57
1538900,但,3992,15,f50e182t15,gloss,major,你只需把碗洗了就行。,只需,"simply in the all-you-have-to-do construction means 只需, while the old text is a whole example sentence.",3,57
1538900,但,3992,16,f50e182t16,example,major,但是,你只需把碗洗了就行。,the example sentence was placed in the gloss field for simply.,3,57
1538900,但,3992,19,f50e182t19,gloss,major,不过，如果要为了写有趣的博文而读别人的博文的话，今天起就可以做到。,然而,nevertheless is a contrastive adverb; the old text is the following example sentence.,3,57
1538900,但,3992,21,f50e182t21,example,major,普通的,不过，如果要为了写有趣的博文而读别人的博文的话，今天起就可以做到。,the however example was shifted and replaced by the unrelated gloss 普通的.,3,57
1538900,常,3995,0,f50e183t0,gloss,major,常见的,普通的,ordinary was shifted to 常见的.,3,57
1538900,常,3995,1,f50e183t1,gloss,major,通常的,常见的,common was shifted to 通常的.,3,57
1538900,常,3995,2,f50e183t2,gloss,major,我只是个无名小卒。,通常的,usual was replaced by the following example sentence.,3,57
1538900,常,3995,3,f50e183t3,example,major,免费,我只是个无名小卒。,the ordinary example was replaced by the next gloss 免费.,3,57
1538900,常,3995,4,f50e183t4,gloss,major,仅“只”,免费,free of charge was replaced by a note.,3,57
1538900,常,3995,5,f50e183t5,note,major,不受影响,仅“只”,the note only 只 was shifted to the example slot.,3,57
1538900,常,3995,6,f50e183t6,example,major,原样,我免费得到了那张票。,the free-of-charge example was replaced by the next sense gloss.,3,57
1538900,常,3995,7,f50e183t7,gloss,major,安全,不受影响,unaffected was replaced by the gloss safe.,3,57
1538900,常,3995,8,f50e183t8,gloss,major,通常用作“ただでは…”,原样,as is was replaced by a construction note.,3,57
1538900,常,3995,9,f50e183t9,gloss,major,仅仅,安全,safe was replaced by the note 仅仅.,3,57
1538900,常,3995,10,f50e183t10,note,major,只是,通常用于“ただでは……”,the construction note was shifted to a gloss slot.,3,57
1538900,常,3995,12,f50e183t12,gloss,major,只不过,只是,only was replaced by the gloss merely.,3,57
1538900,常,3995,13,f50e183t13,gloss,major,单纯,只不过,merely was replaced by the gloss just.,3,57
1538900,常,3995,14,f50e183t14,gloss,major,你只需把碗洗了就行。,只是,just was replaced by the example sentence.,3,57
1538900,常,3995,15,f50e183t15,gloss,major,但是,只需,simply was replaced by the conjunction gloss 但是.,3,57
1538900,常,3995,16,f50e183t16,example,major,然而,你只需把碗洗了就行。,the example sentence was replaced by the next gloss 然而.,3,57
1538900,常,3995,18,f50e183t18,gloss,major,不过，如果要为了写有趣的博文而读别人的博文的话，今天起就可以做到。,然而,however was replaced by the following example sentence.,3,57
1538900,常,3995,19,f50e183t19,gloss,major,尤其“但”,然而,nevertheless was replaced by the note 尤其“但”.,3,57
1538900,常,3995,20,f50e183t20,note,major,同上,尤其“但”,the note was replaced by 同上.,3,57
1538900,常,3995,21,f50e183t21,example,major,同上,不过，如果要为了写有趣的博文而读别人的博文的话，今天起就可以做到。,the example was replaced by 同上 instead of the sentence matching the Japanese.,3,57
1196670,我,4070,6,f17e527t6,example,minor,彼也是人，我也是人。,他也是人，我也是人。,"the example should use the normal Chinese pronoun 他, matching the Japanese sentence.",3,58
1305720,使い,4135,8,f27e1567t8,gloss,major,家畜,使魔,"familiar spirit means a magical familiar/使魔, not 家畜.",3,59
1305720,使い,4135,9,f27e1567t9,xref,major,家畜；驯兽,使魔；魔宠,"the xref repeats familiar spirit; familiar, which should be translated as 使魔/魔宠 rather than livestock and tamer.",3,59
1134620,モード,4151,9,f11e1098t9,gloss,major,众数,调式,"in music, mode means 调式; 众数 is the mathematical/statistical meaning.",3,59
2847461,グラス,4281,0,f194e987t0,gloss,major,草,玻璃,"グラス in this noun entry means glass, not grass; the old translation 草 is a false friend.",3,60
1388110,先端,4401,5,f35e1614t5,example,major,越过欧洲和非洲的西海岸，一直跳到非洲南部的尖端。,越过欧洲和非洲的西海岸，一直延伸到非洲南部的尖端。,tip of southern Africa means reaching/extending to the southern tip; 跳到 is an incorrect literal verb.,3,61
1896380,出,4410,14,f86e1351t14,gloss,minor,出身地,……出身的人,"native of ... denotes a person from a place, not the place itself; 不能译为出身地。",3,61
1896380,出,4410,18,f86e1351t18,gloss,major,船尾,船尾的最高处,"the source specifies the highest point of the stern, while 船尾 omits the defining highest-point restriction.",3,61
1896380,出,4410,20,f86e1351t20,gloss,minor,所需时间,所需的时间或精力,amount of time or effort required includes both time and effort; old text omitted effort.,3,61
1484330,被る,4442,27,f45e284t27,gloss,minor,失败,犯错,blunder是犯错，原译失败与同组的fail义重复且不准确。,3,62
1477780,発動,4455,1,f44e1036t1,example,major,我知道春天到了，性欲旺盛，想搞点事，但……算了，你坐那儿吧。,我知道你正值性欲旺盛、想对“那个”做“那事”的年纪，不过……算了，你坐那儿吧。,日文春機が発動して指性欲启动，原译把春機误译为春天到了。,3,62
1421450,地方,4534,9,f39e267t9,example,minor,那个地方将会被大规模开发。,那个乡村地区将会被大规模开发。,JA与EN均明确为rural area，原译遗漏乡村限定。,3,62
1240200,極めて,4570,2,f21e1048t2,gloss,minor,极其,果断地,decisively表示果断地，原译极其与该义不符。,3,63
1340820,述べる,4615,5,f31e261t5,example,minor,我向客人说了告别的问候。,我向客人致了告别辞。,別れのあいさつを述べた是致告别辞，原译‘说了告别的问候’不自然。,3,63
1591210,基準,4639,7,f56e713t7,example,minor,接受对方的准则，就是服从对方的力量。,接受对方的准则，就是服从对方的权力。,EN power及日文力在此为权力，原译‘力量’语义偏离。,3,63
1029150,ｈ,4709,19,f3e1404t19,xref,minor,② 洞；杯,② 球洞；洞杯,高尔夫语境下hole/cup分别是球洞和洞杯，原译‘杯’过泛。,3,64
1043380,クール,4757,2,f4e1540t2,gloss,minor,冷静的；冷静的,冷静的,原译重复写‘冷静的’，应为单一对应译文。,3,64
1231490,ウシ,4792,0,f20e1506t0,gloss,major,公牛,牛,cattle的通用义是牛，原译公牛过窄。,3,65
1231490,ウシ,4792,2,f20e1506t2,gloss,major,小牛,公牛,bull对应公牛，原译小牛错义。,3,65
1231490,ウシ,4792,3,f20e1506t3,gloss,major,父亲拥有牧场，饲养着牛和马。,牛（役牛）,ox对应牛/役牛，原译被错置为整句中文。,3,65
1231490,ウシ,4792,4,f20e1506t4,gloss,major,牛肉,小牛,calf对应小牛，原译牛肉错义。,3,65
1231490,ウシ,4792,5,f20e1506t5,example,major,通常读作ぎゅう,父亲拥有牧场，饲养着牛和马。,该字段是例句，原译误写成读音注释。,3,65
1231490,ウシ,4792,7,f20e1506t7,note,major,中国北方天空的“牛”星宿（二十八宿之一）,通常读作ぎゅう,该字段是note，原译误写成星宿释义。,3,65
1231490,ウシ,4792,8,f20e1506t8,example,major,北方天空的七宿（中国星座）,日本的牛肉有大面积的大理石纹脂肪。,JA/EN说明日本牛肉的霜降脂肪，原译误写成北方七宿。,3,65
1231490,ウシ,4792,9,f20e1506t9,xref,major,牛脂,牛肉,xref EN beef应译牛肉，原译牛脂错义。,3,65
1231490,ウシ,4792,10,f20e1506t10,gloss,major,养牛人,中国“牛”星宿（二十八宿之一）,Chinese Ox constellation是中国二十八宿中的牛宿，原译养牛人错义。,3,65
1231490,ウシ,4792,12,f20e1506t12,xref,major,养牛,② 北方天空的七宿（中国星座）,xref明确为北方天空七宿，原译养牛错义。,3,65
2670990,力が入る,4800,0,f158e1683t0,gloss,major,力が入る,充满力量,EN filled with strength，原译残留日文。,3,65
2670990,力が入る,4800,1,f158e1683t1,gloss,major,力が入る,充满干劲,EN filled with effort，原译残留日文。,3,65
2670990,力が入る,4800,2,f158e1683t2,gloss,major,力が入る,承受压力,under strain，原译残留日文且未表达语义。,3,65
2670990,力が入る,4800,3,f158e1683t3,gloss,major,力が入る,承受压力,under pressure，原译残留日文且未表达语义。,3,65
1516220,宝石,4806,2,f48e47t2,gloss,minor,珍贵矿石,宝石,precious stone是宝石，原译珍贵矿石范围偏宽。,3,65
1249660,刑事,4941,1,f22e766t1,example,minor,那个泥棒看到刑警后逃跑了。,那个小偷看到刑警后逃跑了。,中文例句残留日文泥棒，应译为小偷。,3,66
2142690,ドン,5028,23,f109e1493t23,note,minor,九州南部相当于-さんの说法,九州南部相当于“-さん”的说法,原注释残留日文，需完整中文化。,3,67
1457560,曇る,5052,11,f42e1094t11,gloss,minor,",(面)微微向下",（面）微微向下,原译有多余逗号，且面部面具语境应保留括注。,3,67
2798240,今になって,5068,3,f171e329t3,example,major,他们长期过着奢靡无度的生活，如今让他们忍受一无所有的朴素生活，简直是荒诞无稽。,他们长期过着奢靡无度的生活，如今要让他们适应没有任何奢侈品的朴素生活，实在不可能。,JA/EN表达如今无法适应朴素生活，原译将其误译为荒诞无稽且遗漏适应语义。,3,67
1562610,枠,5093,2,f52e987t2,example,minor,如果门框与门框不匹配，就必须用刨子仔细地把门刨到匹配为止。,如果门与门框不匹配，就必须用刨子仔细地把门刨到匹配为止。,JA/EN是门不合门框，原译误写为门框与门框。,3,67
1440980,転がす,5118,2,f40e1722t2,gloss,minor,拖拽,滚动,trundle指滚动/推行，原译拖拽语义错误。,3,67
2081170,当,5238,1,f103e1021t1,gloss,major,当,我方的,当作前缀表示 our，原译‘当’不是对应的中文限定词。,3,68
1309390,思い浮かぶ,5268,1,f28e201t1,gloss,minor,想起,使想起,to remind of 是使某人想起，原译缺少使动关系。,3,69
1617560,覚醒,5362,4,f60e883t4,example,major,也许我处于半醒状态的时间，因此觉得一天变短了。,也许我有时处于半醒状态，因此觉得一天变短了。,JA/EN表达有时处于半醒状态，原译‘处于半醒状态的时间’句法不通且遗漏有时。,3,69
1188630,どれどれ,5370,2,f16e1180t2,xref,major,那个人,① 哪一个（三个以上）,xref EN 是 which (of three or more)，原译‘那个人’误义且不对应疑问词。,3,69
1083630,デビュー,5420,1,f7e1463t1,gloss,minor,初次登场,首次做某事,doing something for the first time 是泛指首次做某事，原译重复为‘初次登场’而缩窄成 debut。,3,70
1007090,それ以来,5422,3,f1e1642t3,example,major,从那以后，我没再听到他的消息。,从那以后，再也没有听到他的消息。,JA/EN主语是彼/他，原译误写为‘我’，且中文表达不自然。,3,70
2223720,話にならない,5435,0,f118e476t0,gloss,minor,不值得考虑；不可考虑,不值得考虑,not worth considering 应为不值得考虑，原译‘不可考虑’语义生硬。,3,70
2223720,話にならない,5435,1,f118e476t1,gloss,minor,不可考虑；免谈,没得商量,out of the question 在此表示完全不可能或免谈，‘没得商量’更准确通顺。,3,70
2223720,話にならない,5435,2,f118e476t2,example,minor,他的提议不可考虑。,不值一提,例句 not worth talking about 表示不值一提，原译‘不可考虑’误解 talk about。,3,70
1590040,賭け,5436,5,f56e224t5,xref,minor,赌注；冒险；打赌；下注,下注；冒险；打赌；押注,xref EN 均为动词短语，原译首项‘赌注’为名词且末项重复。,3,70
1477490,発射,5474,4,f44e958t4,gloss,major,发射,弹射,catapult 是弹射/弹射器，原译‘发射’遗漏弹射方式并与其他义项混同。,3,70
1511180,変身,5516,0,f47e1077t0,gloss,major,变态,蜕变,metamorphosis 是（尤指生物的）蜕变/变态，原译单写‘变态’在现代中文中会误解为异常或性变态。,3,70
1232860,許し,5552,2,f20e1786t2,gloss,major,原谅,豁免,exemption 是豁免，原译误套用 pardon/forgiveness 的‘原谅’。,3,71
1232860,許し,5552,3,f20e1786t3,gloss,major,原谅,许可,permission 是许可，原译‘原谅’错义。,3,71
1477390,発行,5595,5,f44e920t5,gloss,major,举办,触发（事件）,computing 中 raising an event 指触发事件，原译‘举办’是一般活动语义。,3,71
1207590,懸かる,5645,1,f18e780t1,example,minor,收集那么多硬币花了多少年月？,收集这么多硬币花了多长时间？,how long did it take 对应花了多长时间，原译‘多少年月’不自然且不准确。,3,72
1499080,舞い上がる,5648,4,f46e834t4,gloss,major,舞い上がる,欢闹,make merry 是欢闹/作乐，原译‘舞い上がる’未译中文含义。,3,72
1499080,舞い上がる,5648,5,f46e834t5,gloss,major,舞い上がる,欣喜若狂,be ecstatic 是欣喜若狂，原译重复日语词头而未翻译。,3,72
1499080,舞い上がる,5648,6,f46e834t6,gloss,major,舞い上がる,兴高采烈,be in high spirits 是兴高采烈，原译重复日语词头而未翻译。,3,72
2185560,後を追う,5670,5,f114e21t5,gloss,major,在亲人死后随即自杀,在亲人去世后随即去世,die right after a loved one 不表示自杀；自杀语义只在下一义项，原译凭空增补‘自杀’。,3,72
1507910,平凡,5723,5,f47e471t5,gloss,minor,无足轻重的,不起眼的,undistinguished 表示不起眼/平庸，原译‘无足轻重’改变为不重要的价值判断。,3,72
2401880,決着をつける,5782,1,f133e1441t1,example,major,他们对那个问题作出了最终的决定。,他们彻底解决了那个问题。,JA/EN 是 once and for all 地解决问题，原译‘作出了最终的决定’遗漏解决争端含义。,3,73
1218360,危うい,5784,5,f19e862t5,example,minor,差点儿，小女孩在湖里差点溺水。,小女孩差点儿在湖里溺水，真是千钧一发。,原译重复‘差点儿’且句法不通，需保留 close call 语气。,3,73
1050390,洋杯,5822,3,f5e622t3,gloss,major,梅花（花色）,圣杯（花色）,card-game cups 是圣杯花色，原译‘梅花’对应 clubs，属于花色错译。,3,73
1532890,鳴り響く,5838,1,f49e974t1,gloss,minor,共鸣,回荡,to resound 是回荡/回响，原译‘共鸣’偏向共鸣现象。,3,73
1532890,鳴り響く,5838,2,f49e974t2,gloss,minor,回声,发出回声,to echo 是发出回声或回荡，原译‘回声’为名词而非动词释义。,3,73
1491330,不穏,5843,1,f45e1446t1,gloss,minor,威胁,具有威胁性的,threatening 作形容词应译为具有威胁性的，原译‘威胁’为名词/动词。,3,73
1491330,不穏,5843,3,f45e1446t3,gloss,minor,不安,坐立不安的,restless 表示坐立不安，原译仅‘不安’遗漏不安定状态。,3,73
1491330,不穏,5843,4,f45e1446t4,gloss,minor,不稳定,不安定的,unsettled 表示不安定/未平息，原译‘不稳定’不够自然且与一般 unstable 混淆。,3,73
1555560,臨む,5877,6,f51e1432t6,example,major,他为了比赛而精神统一。,他为比赛集中精神。,日文精神統一した及英文 psyched himself up 表示为比赛做好心理准备，旧译‘精神统一’不合中文语义。,3,74
1580310,消耗,5898,5,f54e1029t5,example,minor,那个男孩的照料使她非常消耗精力。,照料那个男孩让她消耗了大量精力。,英文 a great drain on her energies 表示照料消耗大量精力，旧译‘非常消耗精力’搭配不通顺。,3,74
1444760,登校,5918,0,f41e529t0,gloss,major,（上学）出勤,（上学）出席,attendance at school 指上学出席，旧译‘出勤’用于工作场景，词义不当。,3,74
1632900,横に,5926,3,f61e1640t3,gloss,minor,横地,横向地,EN across 对应横向地，‘横地’不是自然中文。,3,74
1605840,様,5977,3,f59e205t3,example,major,肯似乎是个对人亲近的人。,肯看起来是个平易近人的人。,日文人懐っこい人及英文 friendly person 表示平易近人，旧译含有明显错字‘肯似乎’且不通顺。,3,74
1469910,濃厚,6056,11,f43e1420t11,example,major,“学校走廊里，浓吻场景……我都听到了！”“才不是浓吻呢！那是夸大其词……”,“学校走廊里，激情热吻的场景……我都听说了！”“才不是什么激情热吻！那是夸大其词……”,日文濃厚なキスシーン表示激情/热烈的吻戏，旧译‘浓吻’是生硬直译，且对话第二句同样不自然。,3,75
1287070,国民,6172,3,f25e1890t3,gloss,major,国民,国家的,EN national 在此为形容词，表示国家的，旧译‘国民’误作名词。,3,76
1480890,反発,6182,6,f44e1576t6,example,major,年轻人本来就会对父母的想法产生反感。,年轻人反抗父母的想法，本来就是很自然的。,英文 rebel against parents 及日文親の考えに対して反発する表示反抗父母的想法，旧译‘产生反感’弱化并改变了动作。,3,76
1410540,待ち受ける,6192,1,f38e137t1,gloss,major,期待,等待,EN to wait for 明确对应等待，旧译‘期待’与 t2 expect 混淆。,3,76
1410540,待ち受ける,6192,2,f38e137t2,gloss,minor,盼望,预期,EN to expect 在该词义组中应译为预期，旧译‘盼望’带入愿望色彩。,3,76
1612570,よくよく,6245,5,f59e1951t5,gloss,major,过分,极其,EN exceedingly 表示极其，旧译‘过分’是另一个含义。,3,76
1256490,兼,6424,0,f23e293t0,gloss,major,兼ね仕える,兼任（如兼任司机和秘书）,兼作并列/兼任义，旧译‘兼ね仕える’是日语直译且不是中文释义。,3,78
1256490,兼,6424,1,f23e293t1,gloss,major,兼ね備える,除了……之外,EN in addition to 表示除了……之外，旧译‘兼ね備える’误为兼备。,3,78
1256490,兼,6424,2,f23e293t2,gloss,major,兼ね役,同时,EN at the same time 对应同时，旧译‘兼ね役’为日语残留。,3,78
1256490,兼,6424,3,f23e293t3,gloss,major,兼営,兼（如卧室兼书房）,EN cum 表示兼作/兼用，旧译‘兼営’不符合例义。,3,78
1256490,兼,6424,4,f23e293t4,example,major,兼官,这本杂志的编辑兼出版商受到一些读者的批评。,例句日文編集者兼出版社指编辑兼出版商，旧译‘兼官’是错误直译。,3,78
1584930,餘り,6460,31,f55e369t31,example,minor,曾在名古屋住过一个月多。,曾在名古屋住过一个多月。,中文数量表达应为‘一个多月’，旧译‘一个月多’不通顺。,3,78
1242140,近い内に,6506,3,f21e1436t3,example,major,我们不久再见面吧。,希望不久能再见到你。,英文 I hope I'll see you again soon 表达希望，旧译‘我们不久再见面吧’变成提议且遗漏 hope。,3,78
1555440,林,6655,4,f51e1414t4,gloss,major,灌木丛,小树林,copse 是小树林；原译灌木丛与词义不符。,3,80
1555440,林,6655,5,f51e1414t5,gloss,major,密林,灌木丛,thicket 是灌木丛；原译密林错义。,3,80
1601750,引止める,6740,1,f58e673t1,gloss,major,检查,阻止,此处 check 表示阻止/拦住，不是检查。,3,80
1252860,軽蔑,6755,5,f22e1599t5,gloss,minor,轻蔑,轻视,slighting 表示轻视或怠慢，译为轻蔑过强且不够贴合。,3,80
1125060,ポジション,6785,1,f10e1724t1,example,major,我去体育事务所申请加入篮球队最后一个位置，但被别人抢先了。,我去体育事务所申请加入篮球队最后一个名额，但被别人抢先了。,体育语境中的 position 是球队名额，原译最后一个位置不自然且误解语境。,3,80
2020300,強,6812,4,f97e1211t4,gloss,major,强震,强者,powerhouse 指实力强劲者，原译强震属于地震义，错义。,3,81
1337200,宿す,6851,0,f30e1655t0,gloss,major,居住,容纳,to house 表示容纳或供给住宿，不是居住。,3,81
1852100,立ち入る,6875,1,f83e1284t1,gloss,major,介入,进入,to go into 是进入；原译介入属于 meddle/interfere 义。,3,81
2845313,ベース,6905,7,f192e1075t7,example,major,如果有空弹着阿口吉（木吉他）玩的话，去练练贝斯吧！,如果有空弹木吉他玩的话，就练练贝斯吧！,アコギ 是木吉他/原声吉他，原译残留错误的阿口吉。,3,81
2855585,ピン,6953,9,f202e486t9,gloss,major,佣金,回扣,kickback 是回扣，原译佣金不对应该词义。,3,82
2589750,曲,6983,4,f150e1474t4,xref,major,① 恶棍；恶棍；恶棍；小偷；可疑的人,① 恶棍；恶棍；无赖；小偷；可疑的人,xref 中 knave 应译无赖，原译将多个不同英文义项重复译为恶棍。,3,82
1011200,ブツブツ,7013,1,f2e431t1,gloss,major,咕咕,发牢骚,grumble 是抱怨/发牢骚，原译咕咕是声音拟态，错义。,3,82
1384300,切上げる,7023,5,f35e840t5,gloss,major,四舍五入,向上取整,round up（数字）是向上取整，四舍五入会包含向下舍入，范围不符。,3,82
2854169,ランチ,7065,0,f200e1881t0,gloss,major,快艇,小艇,launch（boat）是小艇/汽艇，原译快艇将船型误作速度概念。,3,83
1530220,無人,7106,6,f49e525t6,note,major,仅用作名词,仅用作no形容词,原注明确说むにん only adj-no，原译仅用作名词错误。,3,83
1186710,化ける,7113,8,f16e702t8,gloss,major,变态,蜕变,metamorphose 是蜕变/变形，原译变态在中文中表示性变态，错义。,3,83
1456930,突っ込み,7143,15,f42e919t15,gloss,major,一概而论,把一切综合起来,putting everything together 是把一切综合起来，原译一概而论不对应。,3,83
1456930,突っ込み,7143,16,f42e919t16,gloss,major,一概而论,包括一切,including everything 是包括一切，原译一概而论偏离原义。,3,83
1143430,リング,7210,3,f12e310t3,gloss,major,环,擂台,体育语境中的 ring 指比赛擂台，不是几何形状的环。,3,84
1514580,補充,7266,6,f47e1791t6,example,critical,破坏,取下墨水补充瓶的瓶盖，用滴管吸取墨水，向记号笔的吸收芯适量滴入。,该中文字段为明显残留的单词“破坏”，与日文完整操作说明完全不符。,3,84
1577150,何人も,7271,1,f54e81t1,gloss,major,任何人,每个人,everyone 是每个人，任何人对应 anyone，不能混译。,3,84
1554230,寮,7290,1,f51e1233t1,gloss,major,寝室,宿舍,dormitory 是宿舍，寝室仅指房间，范围过窄且不准确。,3,84
2275910,ばればれ,7330,1,f123e1453t1,gloss,major,透明,一眼就能看穿,transparent（如谎言）表示一眼就能看穿，原译透明是字面义且不适合此语境。,3,85
1357610,色っぽい,7472,4,f32e1442t4,example,major,男性非常喜欢色诱的女性。,男性非常喜欢性感的女性。,日文与 EN 表达 amorous women，旧译‘色诱的女性’将形容女性误译为诱惑行为。,3,86
1195660,華奢,7516,5,f17e336t5,gloss,minor,易碎（如家具）,易损坏（如家具）,fragile 用于家具指脆弱、易损坏，‘易碎’过度限定为碎裂。,3,86
1195660,華奢,7516,6,f17e336t6,gloss,minor,易碎,易损坏,delicate 在该家具语境下指容易损坏，旧译与其他义项重复且过度限定。,3,86
1195660,華奢,7516,7,f17e336t7,gloss,minor,易碎,脆弱,frail 指脆弱，不专指易碎。,3,86
1225460,犠牲者,7553,2,f20e417t2,example,minor,战争以众多牺牲者出现而告终。,战争以造成众多牺牲者告终。,EN/Japanese 表示战争造成许多牺牲者后结束，旧译‘以众多牺牲者出现而告终’不通顺。,3,86
1385480,接続,7564,1,f35e1062t1,gloss,major,连接,附件,connection 的同组义项中 attachment 指附件，旧译‘连接’错义。,3,86
1609230,一向に,7609,3,f59e1208t3,example,major,因为健康的原因，工作完全无法顺利进展。,我的健康状况使我工作效率很低。,日文与 EN 表示健康状况导致工作进展缓慢，旧译‘因为健康的原因’表达不自然且遗漏主谓关系。,3,87
1456880,突き立てる,7625,1,f42e891t1,gloss,minor,刺入,猛刺（或猛推）,thrust violently 明确包含猛烈动作，旧译‘刺入’遗漏程度和动作方向。,3,87
2680540,しちゃダメ,7688,0,f159e1554t0,gloss,major,不行,不要,口语表达 しちゃダメ 的 EN 是 don’t，旧译‘不行’不是直接禁止表达。,3,87
1609060,呼びかけ,7692,0,f59e1164t0,gloss,major,号召,呼叫；叫声,该组例句是动物发出的 call，旧译‘号召’误作号召行动，应为呼叫或叫声。,3,87
1151580,悪戯,7814,17,f12e1616t17,gloss,major,性骚扰,性行为不端,sexual misconduct 指性行为不端，旧译‘性骚扰’缩窄了含义。,3,88
1151580,悪戯,7814,18,f12e1616t18,gloss,major,性骚扰,性侵犯,sexual assault 应译为性侵犯，旧译‘性骚扰’程度和法律含义不足。,3,88
1151580,悪戯,7814,19,f12e1616t19,gloss,major,性骚扰,猥亵行为,molestation 指猥亵或性骚扰行为，旧译与前项完全重复且未体现猥亵义。,3,88
1554270,料,7823,4,f51e1237t4,example,major,作为珍贵的回忆来说，这很便宜。,为了留下珍贵的回忆，这点代价不算什么。,日文与 EN 表示为珍贵回忆付出这点代价很便宜，旧译‘作为珍贵的回忆来说’结构不通且漏译代价语气。,3,88
1930020,ご注文,7838,2,f89e115t2,example,minor,我们将按照以下确认您的订单。,我们将按如下方式确认您的订单。,原译‘按照以下确认’缺少方式结构，中文不通顺。,3,88
1105360,ビデオ,7870,3,f9e668t3,gloss,minor,录像盒,录像带（盒式）,videocassette 指盒式录像带，旧译‘录像盒’不是自然中文。,3,89
1105360,ビデオ,7870,6,f9e668t6,xref,minor,录像盒,盒式录像带,videocassette 的交叉引用也应译为盒式录像带，旧译‘录像盒’不准确。,3,89
1240510,極力,7889,0,f21e1088t0,gloss,major,极致,竭尽全力地,to the utmost 是副词短语，旧译‘极致’词性和含义均不合。,3,89
1208920,株,7976,2,f18e1060t2,example,minor,他向股票投了大笔资金。,他在股票上投入了大笔资金。,日文表示把资金投向股票，旧译‘向股票投了’搭配不当。,3,89
1497060,敷地,7996,3,f46e464t3,gloss,major,地基,场地,grounds 指场地或地面范围，旧译‘地基’误为建筑基础。,3,89
1154520,暗殺,8002,1,f13e381t1,example,major,那帮黑帮分子将他也纳入了暗杀对立帮派头目的计划之中。,那帮黑帮分子把他也告知了暗杀敌对帮派头目的计划。,let him in on a plan 表示告知他计划，旧译‘纳入计划’改变了参与关系。,3,89
1171890,迂闊,8013,4,f14e1741t4,gloss,minor,不观察的,不留心的,unobservant 指不留心、观察不周，旧译‘不观察的’不符合中文搭配。,3,90
2844785,ワン,8079,1,f192e184t1,gloss,minor,阿夫,汪（狗叫声）,arf 是狗叫声，旧译音译‘阿夫’对中文读者不可用。,3,90
1415150,大陸,8137,2,f38e939t2,gloss,major,大陆亚洲（特别是中国大陆）,亚洲大陆（尤其是中国大陆）,continental Asia 应为亚洲大陆，旧译‘大陆亚洲’词序错误。,3,90
1216210,屋形,8191,11,f19e486t11,gloss,minor,船舱（船或马车上的小屋）,（船或马车上的）舱室,cabin 可指船或马车上的舱室，旧译只写‘船舱’遗漏马车语境。,3,91
1608725,追っかける,8264,2,f59e1057t2,gloss,major,追击,追求,pursue 的一般义为追求，旧译‘追击’缩窄为追赶敌人。,3,91
1006650,そうだ,8402,4,f1e1518t4,example,major,“她喜欢音乐，不是吗？”“确实如此。”,“她不喜欢音乐，不是吗？”“确实如此。”,日文例句明确为‘她不喜欢音乐’，旧译漏了否定；按日文修正。,3,92
1606110,寄りかかる,8429,3,f59e317t3,example,major,他正扶着扶手。,他正靠在栏杆上。,leaning against the rail 应译为靠在栏杆上，旧译‘扶着扶手’改变了动作和对象。,3,93
1606110,倚り懸かる,8430,3,f59e320t3,example,major,他正扶着扶手。,他正靠在栏杆上。,leaning against the rail 应译为靠在栏杆上，旧译‘扶着扶手’改变了动作和对象。,3,93
1011860,ぼやける,8512,1,f2e567t1,gloss,major,变得昏暗,变得模糊,become blurred 表示变得模糊，旧译‘变得昏暗’对应 dim，错置释义。,3,93
1532090,命中,8552,2,f49e852t2,example,major,要想击沉俾斯麦号战列舰，必须发射多少枚鱼雷才能命中？,要让俾斯麦号战列舰沉入海底，必须让许多枚鱼雷命中。,日文和英文说明许多枚鱼雷命中后击沉战列舰，旧译误成询问发射数量。,3,93
1391140,染み込む,8660,4,f36e301t4,example,major,雨浸透了衣服。,雨水浸透了我的衣服。,日文和英文均为雨水浸透我的衣服，旧译缺少主语和‘我的’，且‘雨浸透’不通顺。,3,94
1088580,ドライブ,8874,3,f8e172t3,example,major,中午我们去散会儿车吧。,今天下午我们去兜个风吧。,take a short drive 应译为去兜风，旧译‘散会儿车’为明显误译。,3,96
1088580,ドライブ,8874,4,f8e172t4,gloss,major,去散车,去兜风怎么样？,go for a drive 的自然中文是去兜风，旧译‘去散车’不通顺。,3,96
1088580,ドライブ,8874,8,f8e172t8,example,major,我驾驶着新的高速公路，感觉十分惬意。,我喜欢在新高速公路上开车。,日文表示在新高速公路上兜风，旧译把高速公路误作驾驶对象。,3,96
1037000,カウント,8918,2,f4e576t2,example,major,击球员的计数是两球两击。,击球员有两个坏球和两个好球。,棒球语境中的 balls and strikes 应译为坏球和好球，旧译‘球和击’不符合中文术语。,3,96
1037000,カウント,8918,3,f4e576t3,gloss,major,球和击的计数,坏球数和好球数,棒球释义应明确对应 balls and strikes，旧译‘球和击的计数’不规范。,3,96
1469530,捻る,8939,4,f43e1351t4,gloss,major,扭伤,弯曲,bend 的释义是弯曲，旧译‘扭伤’与 sprain 重复且错义。,3,97
1545380,容疑,8984,2,f50e1480t2,example,major,该官员被指控从建设公司收受贿赂。,该官员被怀疑从建筑公司收受贿赂。,日文和英文为被怀疑，旧译‘被指控’程度过强。,3,97
1793550,心配性,9015,1,f77e1544t1,gloss,major,多愁善感,爱操心的性格,worrier's disposition 指爱操心、容易担忧的性格，旧译‘多愁善感’偏为 sentimental。,3,97
1177720,艶やか,9041,7,f15e912t7,example,minor,她凭借妩媚的身姿获得了男性的人气。,她凭妩媚的身姿赢得男性青睐。,日文表示因妩媚身姿获得男性人气/欢迎，旧译‘获得男性的人气’搭配错误。,3,97
1491170,不安げ,9049,0,f45e1414t0,gloss,minor,不安的,感到不安的,uneasy 作定语应表达感到不安，旧译‘不安的’不自然。,3,97
1510980,変形,9089,2,f47e1025t2,gloss,major,变态,蜕变,metamorphosis 指蜕变；译为‘变态’在现代汉语中主要表示性变态，造成错义。,3,98
1006440,ずるずる,9210,1,f1e1478t1,gloss,major,（跌倒）一点一点地,（下落）一点一点地,falling little by little 是逐渐下落，旧译‘跌倒’误把动作译成摔倒。,3,98
1006440,ずるずる,9210,2,f1e1478t2,gloss,major,（滑倒）逐渐地,（滑落）逐渐地,slipping gradually 表示逐渐滑落，旧译‘滑倒’改变了渐进含义。,3,98
1985510,この上ない,9279,6,f94e69t6,gloss,minor,匹敌,无与伦比,matchless 是无与伦比；‘匹敌’是动词，不能作此处的形容词释义。,3,99
1321350,実体,9315,7,f29e483t7,example,major,关于热岛现象的实体解析及对策方针。,关于热岛现象的实质分析及对策方针。,例句中的 nature 指现象的实质，旧译‘实体解析’不自然且偏离语义。,3,99
1242570,近隣,9339,3,f21e1503t3,example,major,邻居家被毁了，但我家只是花了一点修缮费。,邻居家被毁了，但我家只花了一点修缮费就保住了。,日文与英文都表示自家幸免于毁坏、仅需少量维修费，旧译遗漏了 survived。,3,99
1633780,怒らせる,9342,6,f61e1812t6,gloss,major,耸肩,挺起（肩膀）,to square one's shoulders 是挺起或挺直肩膀，旧译‘耸肩’是相反动作。,3,99
1633780,怒らせる,9342,9,f61e1812t9,example,major,他耸着肩走着。,他挺着肩膀走着。,例句描述肩膀挺直，旧译‘耸着肩’错译动作。,3,99
1399910,かき集める,9391,1,f36e1906t1,gloss,major,刮起,凑齐,scrape up together 表示费力搜集、凑齐，旧译‘刮起’错义。,3,100
1399910,かき集める,9391,2,f36e1906t2,gloss,major,拨,耙取,to rake 指用耙子耙取，旧译‘拨’遗漏了耙的动作。,3,100
1219110,基地,9393,7,f19e1005t7,note,major,源自“キチガイ”（痴汉）,源自“キチガイ”（疯子）,キチガイ 是疯子、疯癫者，旧译‘痴汉’是性骚扰者，词义错误。,3,100
1857300,歩き続ける,9452,1,f84e231t1,example,major,只要不放弃继续走，就会有所进步。,只要不断努力，就会有所进步。,英文 keep trying 及语境表达持续努力，旧译‘继续走’将惯用的努力义误作字面行走。,3,100
1002530,おでこ,9459,0,f1e630t0,gloss,major,眉毛,前额,おでこ 指额头，旧译‘眉毛’是错误的人体部位。,3,100
1002530,おでこ,9459,3,f1e630t3,xref,major,① 眉毛；额头,① 前额；额头,xref 的 brow/forehead 对应前额、额头，旧译第一项‘眉毛’错义。,3,100
1419170,鍛錬,9514,3,f38e1817t3,example,major,成功在于锻炼。,成功在于自律。,例句中的 discipline 是自律、纪律，旧译‘锻炼’误作身体训练。,3,101
1552100,流し,9618,3,f51e789t3,gloss,major,闲逛（如艺人、音乐家等）,沿街表演（如艺人、音乐家等）,strolling of an entertainer or musician 指沿街流动表演，旧译‘闲逛’没有表演义。,3,102
1565720,囮,9756,4,f52e1541t4,gloss,major,诱饵,告密者,stool pigeon 指被利用的告密者或线人，旧译‘诱饵’错义。,3,103
1485390,飛び跳ねる,9762,2,f45e490t2,example,major,猫扑向鸟跳了起来。,猫扑向了鸟。,例句 sprang at the bird 表示扑向鸟，旧译增添‘跳了起来’且句意不通。,3,103
2849068,ぽんぽん,9807,7,f196e24t7,gloss,major,直率地,没好气地,snappishly 表示没好气地、尖刻地，旧译‘直率地’遗漏恼怒语气。,3,103
2836870,空素,9831,1,f184e1062t1,xref,major,① 在发牌中（即游戏开始时）的计分组合；起手牌中的顺子,① 发牌后的手牌中的计分组合（即游戏开始时）；起手牌中的组合,meld in a starting hand 是起手牌中的组合，旧译具体成‘顺子’造成牌型错义。,3,103
1567330,拉致,9909,5,f52e1823t5,example,major,他深夜被四名警官绑架。,他深夜被四名警官带走。,日语拉致された及英文spirited away表示被带走；警察执行语境不应译成绑架。,3,104
2808940,貰える,9925,3,f172e464t3,xref,major,①接受；接受；接受,①接受；拿到；接收,xref英文分别为receive、take、accept，旧译将三项都译成接受，遗漏拿到和接收。,3,104
1401070,相場,9968,1,f37e205t1,example,major,那里是行情。,行情没有底。,そこ知らずの相場だ表示行情没有底，旧译‘那里是行情’遗漏核心含义。,3,104
1260500,鍵をかける,10019,3,f23e1145t3,xref,major,系紧；扣上,锁上；锁住,xref英文to become locked; to lock是锁上/锁住，旧译系紧、扣上为错义。,3,104
2864817,揚げる,10110,12,f211e190t12,gloss,major,靠岸,把（某物）移到岸上,to move something onto land为将某物移到岸上，旧译靠岸遗漏使役及对象。,3,105
1632110,ちらつく,10171,2,f61e1463t2,gloss,major,闪烁,掠过,flit表示轻快掠过，不是闪烁；同组另有flicker/glimmer对应闪烁。,3,105
2394710,ないと,10212,2,f133e45t2,note,major,用于句末；接在动词或形容词的否定形（-nai）之后,用于句末；接在动词或形容词的ない形词干（去掉ない）之后,ないと接在否定形词干后，如行か＋ないと；旧译成接完整否定形会误导重复ない。,3,106
2394710,ないと,10212,7,f133e45t7,note,major,用于句末；接在动词或形容词的否定形（-nai）之后,用于句末；接在动词或形容词的ない形词干（去掉ない）之后,同一接续规则适用于第二义，必须说明接ない之前的词干。,3,106
1498060,負荷,10413,9,f46e653t9,gloss,major,挑衅性试验,诱发试验,医学provocative testing是诱发/激发试验，旧译挑衅性试验为直译错义。,3,107
1602240,冷ややか,10464,9,f58e874t9,example,major,我怀着敌意，却受到了冷淡的回应。,我受到冷淡、甚至可以说带有敌意的接待。,英文说明接待本身冷淡甚至敌意；旧译成我怀有敌意，改变了主客体关系。,3,107
2701360,おす,10649,1,f161e1500t1,xref,major,① 存在；居住,① 是；存在；居住,xref英文包含to be、to exist、to live，旧译遗漏to be。,3,109
2701360,おす,10649,2,f161e1500t2,xref,major,① 存在（用于有生命物体）；有,① 是（用于有生命物体）；存在,有生命物体的to be应译是，旧译有不对应英文。,3,109
1229230,救世主,10736,5,f20e1020t5,gloss,major,救世主,耶稣基督,Jesus Christ是专名耶稣基督，不能泛化译为救世主。,3,109
2019640,杯,10739,2,f97e1084t2,example,major,在美国，在婚礼上向新娘赠送酒杯或咖啡机等礼物是很常见的事。,在美国，在婚礼上向新娘赠送玻璃杯或咖啡机等礼物是很常见的事。,英文glasses及日语杯在该婚礼礼物语境指玻璃杯，旧译酒杯无依据。,3,109
1254140,決する,10788,7,f22e1903t7,gloss,major,失效,垮塌,结构语境中的give way表示垮塌/失守，旧译失效不合义。,3,109
1432950,通りすがり,10814,1,f40e324t1,example,major,他经过时向我道了别。,他经过时向我鞠了一躬。,日文お辞儀をした表示鞠躬，原译‘道别’错译动作。,3,110
1551650,立候補,10851,0,f51e723t0,gloss,major,候选人,候选资格,candidacy 指候选资格/参选身份，不是候选人本人。,3,110
2011120,取り押さえる,10891,0,f96e1487t0,gloss,major,逮捕,抓住,seize 的基本义为抓住/制服；原译‘逮捕’与后续 arrest 字段混同。,3,110
1310450,旨,10929,9,f28e352t9,example,major,收到她来信，大意是说不能结婚。,收到她来信，大意是说不能接受我的求婚。,英文 marriage proposal 及日文結婚できませんという旨表示拒绝婚事/求婚，原译遗漏‘我的求婚’。,3,110
1533000,滅茶苦茶,10935,6,f49e991t6,gloss,major,肆无忌惮的,毫无意义的,senseless 指无意义/毫无道理，原译‘肆无忌惮的’对应 reckless/wanton 而非该义。,3,110
1618810,算段,10956,3,f60e1059t3,example,major,大卫至今没有稳定的工作。他一直是靠算计过日子的。,大卫至今没有稳定的工作。他一直靠精打细算过日子。,日文やりくり算段及英文live by his wits表示设法维持生计/精打细算，原译‘靠算计’带贬义且不合语境。,3,111
1588720,蝦,10969,3,f55e1726t3,example,major,无论如何，请吃些龙虾吧。,无论如何，请吃些虾吧。,日文原句エビ为泛指虾，例句英文 lobster 不应覆盖日文源文；原译‘龙虾’过度具体。,3,111
2010950,根こそぎ,10984,5,f96e1456t5,note,minor,作为〜にする,用于〜にする形式,note 的 as 〜にする是在说明构式，原译‘作为〜にする’不通顺且误解语法关系。,3,111
1125070,ポジティブ,11025,1,f10e1725t1,gloss,major,阳性,正片,该 sense 标注 photography，positive 指摄影正片/正像，不是医学语境的‘阳性’。,3,111
1534490,儲かる,11055,2,f49e1276t2,example,major,如果不赌注，就不会有收获。,不冒险就没有收获。,"英文谚语 Nothing ventured, nothing gained 的原译‘如果不赌注’为病句且误译。",3,111
2003620,パッ,11058,0,f95e1998t0,gloss,major,砰,噗的一声,poof 是突然消失/出现等的拟声感叹，原译‘砰’对应爆裂撞击声，语义不符。,3,111
2136150,いざという時,11062,1,f109e106t1,gloss,minor,当时刻来临时,时机到来时,when the time comes 表示时机到来，原译‘当时刻来临时’中文不自然。,3,111
2136150,いざという時,11062,6,f109e106t6,example,major,为了关键时刻，请存些钱。,为关键时刻存些钱。,日文为‘为了关键时刻预先存钱’，原译缺少‘存钱’的目的结构且‘为了关键时刻’不完整。,3,111
1983700,官,11067,1,f93e1714t1,gloss,major,公务员,公务,government service 指政府公务/政府服务体系，原译‘公务员’是人员，词义类别错误。,3,111
1496540,夫人,11111,5,f46e361t5,gloss,major,（律令制）三品（位）的皇后,（律令制）三品的妃嫔,consort 指皇帝的配偶/妃嫔，非皇后；原译将第三等级配偶误作皇后。,3,112
1443200,電撃,11149,1,f41e258t1,gloss,major,闪电,闪击,军事语境 blitz 指闪击/闪电战，单译‘闪电’缺失攻击义。,3,112
1335550,渋る,11160,7,f30e1392t7,gloss,major,减弱,踌躇,falter 指踌躇、支吾或步态踉跄，原译‘减弱’与该义不符。,3,112
1046950,グリーン,11180,4,f5e93t4,gloss,major,格陵兰,绿地,此处 greenland 与 green space/lawn 同属普通绿地义，原译专名‘格陵兰’不合词条语境。,3,112
1592110,区劃,11224,8,f56e1033t8,example,major,她住在离这里几区远的地方。,她住在离这里几个街区远的地方。,blocks 指街区，原译‘几区远’不符合中文且误解区画。,3,112
1596090,折角,11228,10,f57e450t10,example,critical,健啖,鉴于这种情况，很抱歉我无法接受您的盛情邀请。,该例句中文误残留为‘健啖’，未翻译日文关于无法接受邀请的完整语义。,3,113
1229880,球,11269,1,f20e1164t1,gloss,major,地球,地球仪,globe 的常用名词义为地球仪，原译‘地球’与 sphere 等相邻义混淆。,3,113
1982190,それならそれで,11308,0,f93e1474t0,gloss,major,尤其,即便如此,even so 表示让步‘即便如此’，原译‘尤其’语义错误。,3,113
1982190,それならそれで,11308,1,f93e1474t1,gloss,major,特别,仍然,still 表示仍旧/依然，原译‘特别’语义错误。,3,113
1533070,免じる,11347,4,f49e1003t4,example,major,就免洗盘子吧。,洗盘子的事就免了吧。,let you off doing the dishes 表示免除对方洗碗，原译‘就免洗盘子吧’缺主语且不通。,3,113
1328310,手品,11367,5,f29e1985t5,example,minor,那个少年会许多魔术。,那个少年会很多魔术戏法。,magic tricks 指魔术戏法，原译‘会许多魔术’遗漏 trick 义且表达不完整。,3,113
2084540,カリカリ,11434,2,f103e1717t2,example,major,突然想吃酥脆的炸鸡皮了。,突然想吃酥脆的烤鸡皮了。,英文 roast chicken skin 及日文鳥皮表示烤鸡皮，原译‘炸鸡皮’改变了烹调方式。,3,114
1872470,首を絞める,11467,1,f85e218t1,gloss,major,扼杀,使窒息,strangle 指勒住/使窒息，原译‘扼杀’主要为抽象义，未表达该身体动作。,3,114
1251030,系統,11475,1,f22e999t1,example,major,这个系统未能预测到的故障是由不适当的配线系统引起的。,这个系统的意外故障是由不当布线造成的。,原译‘未能预测到的故障’及‘配线系统’均不自然；unexpected malfunctioning 应为系统意外故障，improper wiring 为不当布线。,3,114
1258660,研修,11492,2,f23e769t2,example,major,研讨会预定下午4点开始。,培训课程预定下午4点开始。,training session 指培训课程/培训会，日文研修会不等于研讨会；原译改变了培训语义。,3,114
