jmdict_id,term,g,t,field_id,kind,severity,old,new,reason,shard,batch
1482100,挽回,44,3,f44e1812t3,gloss,major,检索,取回,挽回的义项是 recovery/retrieval，即取回、恢复；现译‘检索’指查找信息，偏离日英义。,1,1
1551290,立回る,75,2,f51e601t2,gloss,major,行事,处世,立ち回る此义为 conduct oneself，指处世、行事方式；‘行事’是名词且不表达该动词义。,1,1
1229150,救済,118,4,f20e1004t4,example,minor,那位老人向救济贫民捐了大笔钱。,那位老人向救济贫民捐赠了大笔钱。,日文为貧民救済に多額の金を寄付した，意为捐钱用于救济贫民；现译‘向救济贫民捐’搭配不通。,1,1
1208340,活性化,260,2,f18e953t2,gloss,major,rejuvenation,焕发活力,活性化的该义是 rejuvenation，与相邻的刺激、振兴、增强活力同为中文；原文残留英文，未译。,1,2
1409480,体裁,277,7,f37e1858t7,gloss,major,展示,装门面,体裁此义是 appearances/show，即讲究表面体面或装门面；中文‘展示’译成了展示动作，词义不合。,1,2
1409480,体裁,277,8,f37e1858t8,gloss,major,陈列,门面功夫,体裁此义为维持表面体面的 display，不是物品陈列；‘陈列’误解了 appearances 语境。,1,2
1122990,ホワイト,320,1,f10e1396t1,example,major,怀特先生大家都很喜欢他。,怀特小姐深受大家喜爱。,英文明确是 Miss White，日文ホワイトさん对应姓氏；现译‘先生’误标为男性。,1,3
1144480,レール,324,9,f12e456t9,note,major,尤其用于“レールを敷く”（铺设轨道）,尤其用于“铺路”（字面为铺设轨道）,レールを敷く在该义下是为后续工作打基础、铺路的惯用语；现译只说铺设轨道，漏掉词条所注用法。,1,3
1286160,国王,407,5,f25e1613t5,gloss,major,王冠,王权（作为英国等国权力主体）,法律语境的 the Crown 指代表国家权威的王权/王室权力主体，不是实体王冠；现译按字面误译。,1,3
1181660,王道,439,2,f15e1796t2,gloss,major,君主,王权,王道的 kingship 指君主身份或王权，不能译为人‘君主’；并与相邻的 righteous government 等义项区分。,1,3
2226380,しれっと,450,0,f118e990t0,gloss,major,冷淡地,若无其事地,しれっと的 nonchalantly 是不动声色、若无其事地，不是对人冷淡；现译改变了语义。,1,3
1269450,後遺症,466,0,f24e797t0,gloss,major,预后症状,后遗症,日语后遺症指疾病后的遗留影响/后遗症；‘预后症状’指 prognosis，概念不同。,1,4
1259555,お見合い,472,1,f23e960t1,gloss,major,与未婚配偶的面试,与相亲对象的面谈,prospective spouse 是未来配偶/相亲对象，‘未婚配偶’自相矛盾且误解 prospective。,1,4
1204020,外道,485,14,f18e39t14,gloss,minor,非预期的鱼,意外捕获的鱼,外道的该义由英文明确限定为未打算捕获的鱼；‘非预期的鱼’生硬且没有表达捕获结果。,1,4
1156450,意気込む,573,5,f13e713t5,example,major,一开始就过于意气用劲的话，中途会喘不过气来的。,一开始就干劲过猛的话，中途就会后劲不足。,日文意気込みすぎる与英文 pace yourself/choke halfway 指开头过于卖力、之后力竭；‘意气用劲’误用中文词且语义不清。,1,4
2559830,路地裏,599,0,f147e1877t0,gloss,critical,不在街上,后街,路地裏意为后街/背街，现译‘不在街上’与 back street 完全不符。,1,4
2559830,路地裏,599,1,f147e1877t1,gloss,critical,即使嘴巴裂开也不会说,后巷,路地裏意为后巷，现译‘即使嘴巴裂开也不会说’与 back alley 完全无关。,1,4
2559830,路地裏,599,2,f147e1877t2,gloss,critical,即使受到威胁也不愿透露,非临街的；偏街的,off-street 指不临街或离开主街的，现译‘即使受到威胁也不愿透露’与英文无关。,1,4
1612470,難なく,619,1,f59e1910t1,example,major,他轻松地展示了那个技巧。,他轻松地表演了那个魔术。,日文手品与英文 trick 均指魔术表演；现译‘展示技巧’把魔术误解成一般技能。,1,4
1612470,難無く,620,1,f59e1911t1,example,critical,他轻而易举地展示了那件物品。,他轻而易举地表演了那个魔术。,日文手品与英文 trick 均指魔术表演；‘那件物品’完全误解原文词义。,1,4
1428880,聴覚,655,0,f39e1574t0,gloss,minor,（听觉）,听觉,sense of hearing 的中文对应为听觉；原文留下括号限定，造成译文不完整。,1,5
2148680,掛け,728,0,f110e684t0,gloss,major,覆,穿着……的,后接衣物名称时该后缀表示穿着该衣物的状态；单字‘覆’不是完整可用的中文释义。,1,5
1164680,一団,768,0,f14e245t0,gloss,major,部队,群体,一団指一群人或整体，英文 body 此处为群体；‘部队’无依据地限为军事单位。,1,5
1164680,一団,768,2,f14e245t2,gloss,major,党,一行人,party 此义为一群同行者/一行人；‘党’误导为政治组织。,1,5
1164680,一団,768,3,f14e245t3,gloss,major,帮派,一伙人,gang 此处是成群的一伙人；‘帮派’额外加入犯罪组织含义。,1,5
1074590,セッティング,785,4,f7e194t4,example,minor,设置已经弄好了，所以接下来你必须要拿出干劲才行啊？,准备工作都安排好了，所以接下来你只要拿出胆量就行了。,英文 set the stage 与日文セッティングは整えておいた表示准备已安排妥当；‘设置已经弄好了’不自然且误导为设备设置。,1,5
1973820,応急処置,793,2,f92e1819t2,example,minor,我们用急救措施使心脏骤停的患者恢复了生命。,我们用急救措施使心脏骤停的患者复苏。,日文生かした和英文revive表示使患者复苏；‘恢复了生命’搭配生硬且易理解为起死回生。,1,6
1281150,考察,801,2,f25e776t2,gloss,minor,询问,调查,考察的 inquiry 是考察/探究或调查，不是向人提出询问；当前译法把研究义误成问话。,1,6
1481690,繁華街,870,3,f44e1720t3,gloss,major,购物中心,购物区,繁華街指市内繁忙的商业购物街区；shopping centre 在此是街区，不是封闭的购物中心。,1,6
1481690,繁華街,870,4,f44e1720t4,gloss,major,购物中心,购物区,繁華街指市内繁忙的商业购物街区；shopping center 在此是街区，不是封闭的购物中心。,1,6
1592200,口々に,876,0,f56e1065t0,gloss,minor,每个人（说）,人人都说,口々に的义为每个人都说/纷纷说道；单写‘每个人’漏掉了关键的说话动作。,1,6
2864389,お世話になっております,910,0,f210e1325t0,gloss,major,非常感谢一切,承蒙您一直以来的关照,お世話になっております是商务寒暄语，表达一直承蒙关照；‘感谢一切’按英文直译，中文不成立。,1,6
2864389,お世話になっております,910,1,f210e1325t1,gloss,minor,一直很高兴与您合作,一直以来与您合作愉快,该敬语寒暄表示与对方保持良好合作关系；‘一直很高兴与您合作’中文搭配生硬。,1,6
1230180,糾弾,945,1,f20e1200t1,gloss,major,弹劾,公开谴责,糾弾是严厉指责/谴责；denunciation 不是法律上的弹劾程序，原译把一般谴责限定为弹劾。,1,6
1328960,趣き,950,14,f30e124t14,example,major,无法说明其优雅之处。,个中趣味难以解释。,日文趣きを説明することはできない说的是其中的趣味/意味难以说明；英文 idiom 也涉及品味，‘优雅之处’无源文依据。,1,6
1422130,築き上げる,955,6,f39e415t6,example,major,那个男人建立了巨额财富。,那个男人积累了巨额财富。,築き上げる和 build up a fortune 均指逐步积累财富，旧译‘建立财富’搭配不当。,1,7
1241270,均衡,979,2,f21e1289t2,example,minor,美国有一套精密的宪法上的制约与均衡制度。,美国有一套精密的宪法制衡制度。,checks and balances 是宪法制度中的制衡机制，旧译‘制约与均衡’不符合中文术语表达。,1,7
2195830,ドン引き,986,5,f115e215t5,example,major,喂，差不多该停止内裤笑话了，读者会离开的，变态。,喂，差不多该停止讲内裤笑话了，会让读者反感的，变态！,日文読者が退く与英文 put off 表示读者会反感、被劝退，旧译‘读者会离开’丢失了被冒犯的语义。,1,7
1100880,パーフェクト,1000,2,f8e1997t2,gloss,major,完美比赛,完全比赛,该 sense 标注棒球且英文为 perfect game，中文棒球术语为‘完全比赛’。,1,7
1100880,パーフェクト,1000,3,f8e1997t3,xref,major,完美比赛,完全比赛,xref 指向 perfect game，棒球术语应译为‘完全比赛’。,1,7
1741740,尻目,1004,1,f72e686t1,gloss,minor,斜视,斜睨,sidelong glance 指斜着看的一眼，旧译‘斜视’易被理解为眼位异常。,1,7
1475160,白黒,1013,2,f44e511t2,example,major,在中国和西藏的山区生活的黑白熊被称为熊猫。,生活在中国和西藏山区的黑白相间的熊被称为熊猫。,白黒の熊指黑白相间的熊，现译‘黑白熊’会误解为两种颜色的熊；按日文句义改为黑白相间。,1,7
1246650,掘り起こす,1041,3,f22e267t3,example,major,而且，他们已经把庭院挖掉了。,而且，他们已经把庭院也挖开了。,掘り起こす/torn up the garden 是挖掘或翻动庭院，旧译‘挖掉庭院’误成移除庭院。,1,7
1254190,決め込む,1062,5,f22e1924t5,gloss,major,摆架子,冒充（某种身份）,pose as 表示假扮、冒充身份，‘摆架子’是装腔作势，义项不符。,1,7
1254190,決め込む,1062,12,f22e1924t12,example,major,我下定决心，忍辱负重，等待争论结束。,我决定耐心等待争论结束。,日文辛抱強く只表示耐心地，英文 bide my time 也指耐心等待，旧译‘忍辱负重’凭空加入受辱和承担重任。,1,7
1113160,ブーム,1091,5,f9e1890t5,gloss,major,船尾,（帆船的）帆桁,船舶语境的 boom 指连接桅杆并支撑帆脚的横杆（帆桁），不是船尾。,1,7
2847210,ハンデ,1110,0,f194e515t0,gloss,major,让分,劣势,本组例句中的ハンデ是病弱造成的不利条件，handicap 义为障碍或不利因素，‘让分’仅适用于竞赛计分语境。,1,7
1251780,継承,1115,4,f22e1357t4,gloss,major,共同继承,相同方式共享,法务/计算机语境的 share-alike 是知识共享许可条件，指改编作品须以相同方式共享，非共同继承。,1,7
2426680,ほいほい,1119,14,f136e524t14,gloss,major,回（人）,回族,Hui (people) 指中国回族，‘回（人）’不自然且没有明确族群义；紧邻xref也注明中国伊斯兰教少数民族。,1,7
2545530,やる気満々,1167,1,f146e1421t1,gloss,major,完全愿意,干劲十足,やる気満々表示干劲十足、积极性很高；fully motivated 不等于‘完全愿意’，后者偏向同意做某事。,1,8
2220470,路,1185,3,f117e1807t3,gloss,major,……岁（如40岁、60岁）,……岁数段（如四十多岁、六十多岁）,英语 one's 40s/60s 指年龄段而非恰好40岁或60岁；日语后缀じ亦指该年龄段。,1,8
1431390,直属,1193,2,f40e12t2,example,major,她将成为我的直属上司。,我将成为她的直属上司。,日文主语是私，谓语是成为直属上司；旧译倒置了主客体。英文 She will report directly to me 表达的是同一工作关系。,1,8
1102580,ぱらぱら,1211,2,f9e249t2,example,minor,屋顶上雨沙沙地落着。,雨点淅淅沥沥地落在屋顶上。,ぱらぱら落ちていた/was pattering 表示雨点落在屋顶上，旧译语序生硬且‘沙沙’不如‘淅淅沥沥’适合雨声。,1,8
1680110,抜け駆け,1242,3,f66e1047t3,example,minor,他抢先立下了赫赫功业。,他抢先立下了功劳。,抜け駆けの功名をたてた 是抢先立功；‘赫赫功业’额外夸大了功绩。,1,8
2186550,不幸中の幸い,1250,3,f114e265t3,gloss,major,祸福相依,因祸得福,blessing in disguise 指坏事带来意外的好结果，中文对应‘因祸得福’；‘祸福相依’只表示祸福互相依存。,1,8
1312860,賜わる,1264,4,f28e854t4,example,minor,虽然我是个学识浅薄、能力不足的人，但还是想恳请诸位多多赐力，在此郑重请求各位。,我学识浅薄、能力有限，但仍恳请诸位伸出援手，在此郑重拜托各位。,日文请求的是得到诸位的帮助，旧译‘赐力’生硬；按谦逊语气自然表达求助。,1,8
1284550,合意,1320,5,f25e1347t5,example,major,他们达成了停火条件。,他们就停火条件达成了一致。,合意する/agree on cease-fire terms 指就条件达成协议，旧译‘达成停火条件’误成达成了条件本身。,1,9
1378810,生ぬるい,1367,0,f34e1610t0,gloss,major,温吞的,温热的,生ぬるい/ lukewarm 指温度不够热、微温，‘温吞’形容人的性格或做事迟缓，不符合温度义。,1,9
1378810,生ぬるい,1367,1,f34e1610t1,gloss,major,温吞的,微温的,tepid 指微温，‘温吞’不能表达物体的温度。,1,9
1133140,メージャー,1373,10,f11e896t10,gloss,major,（石油）主要公司,（石油）巨头,oil major 是大型石油公司/石油巨头，不是‘石油主要公司’。,1,9
1133140,メージャー,1373,11,f11e896t11,gloss,minor,主要唱片公司,大型唱片公司,major record label 指大型主流唱片公司，‘主要唱片公司’是生硬直译。,1,9
1634340,断わり,1398,3,f61e1920t3,example,major,她未作任何说明便挪动了我的车。,她连招呼都没打，就开了我的车。,何の断りもなしに/without so much as asking 表示未经允许或事先招呼，旧译‘未作任何说明’误为没有解释。,1,9
1606670,沸き出る,1459,11,f59e534t11,example,minor,人类心中希望永远涌起。,人心中的希望永不枯竭。,希望永远涌起的直译不自然，英语 Hope springs eternal 和日语原句表达希望在人心中源源不断。,1,10
1253120,芸当,1477,4,f22e1673t4,example,minor,我把那只狗训练得能表演各种技巧。,把戏,狗被训练会做 tricks 指表演把戏/花样，‘技巧’是能力或技艺，放在此处搭配不当。,1,10
1224200,鬼ごっこ,1500,0,f20e148t0,gloss,major,捉迷藏（儿童游戏）,捉人游戏（儿童游戏）,鬼ごっこ/ tag 是追逐抓人的儿童游戏，不是躲藏的捉迷藏。,1,10
1224200,鬼ごっこ,1500,2,f20e148t2,example,major,我们以前经常玩捉迷藏之类的游戏。,我们以前经常玩捉人之类的游戏。,JA のような遊び与 EN games like tag 均指捉人游戏，旧译再次误为捉迷藏。,1,10
1328390,手本,1536,5,f29e1997t5,gloss,major,模范书法,书法范本,model handwriting 指供临摹的书写范本，‘模范书法’误作书法艺术的模范。,1,10
1328390,手本,1536,6,f29e1997t6,gloss,major,模范绘画,绘画范本,model drawing 指绘画范本/样稿，‘模范绘画’不表达范本义。,1,10
1474040,売店,1574,5,f44e267t5,example,major,冰淇淋摊在户外向顾客售卖冰淇淋。,冰淇淋摊贩正在户外摊位上招呼顾客。,英文 ice cream vendor 与日文アイスクリーム売り指摊贩，旧译将人误译成摊位作主语。,1,10
1607070,叔父,1636,0,f59e667t0,gloss,critical,uncle,叔叔；伯父；舅舅；姑父；姨父,英文 uncle 被原样留在中文字段，必须译为中文亲属称谓；日语おじ不限定父系，按关系可对应叔叔、伯父、舅舅、姑父或姨父。,1,11
1607070,叔父,1636,1,f59e667t1,note,major,伯父或叔父分别指比父亲年长或年幼,日语“伯父”和“叔父”分别指父母的兄长和弟弟。,原注说比 one's parent 年长或年幼，旧译缩窄为仅比父亲年长或年幼。,1,11
1607070,叔父,1636,4,f59e667t4,xref,major,姑母,姑母、姨母等（女性长辈亲属）,aunt 是泛指女性长辈亲属，旧译‘姑母’仅指父系姑母，未涵盖姨母及姻亲称谓。,1,11
1226020,議員,1653,1,f20e513t1,gloss,major,众议院议员,国会议员,日本 Diet（国会）包括众议院和参议院，member of the Diet 泛指国会议员，不能限定为众议院议员。,1,11
2118430,何はともあれ,1665,3,f107e374t3,gloss,major,除此之外,至少,if nothing else 表示‘至少/即便如此’，不是‘除此之外’。,1,11
2850709,渋谷,1714,0,f197e1030t0,gloss,critical,1936年2月军事叛乱,涩谷区（东京特别区）,Shibuya City 是东京的涩谷区，旧译‘1936年2月军事叛乱’与词头及英文释义完全不符。,1,11
2850709,渋谷,1714,1,f197e1030t1,gloss,critical,2月26日事件（日本军事政变企图；1936年）,涩谷,Shibuya 是东京地名涩谷，旧译‘二二六事件’是与词头无关的历史事件。,1,11
2097920,それきり,1721,5,f105e272t5,example,major,他再也没有回到故国。,他再也没能见到故国。,それきり再び故国を見ることはなかった/never to see his native land again 表示再也没有见到故国，不必然是没有返回故国。,1,11
1823430,聞き捨てならない,1766,2,f80e1157t2,gloss,major,不能不置可否,不能不作出回应,can't be allowed to pass without comment 指必须作出回应或表明态度，‘不能不置可否’语义不通。,1,11
1823430,聞き捨てならない,1766,3,f80e1157t3,example,major,那不能不置可否。,我不能让这种说法不受质疑。,cannot let it go unchallenged 表示不能任由这种说法不受质疑，旧译‘不能不置可否’不通。,1,11
1167960,芋,1769,4,f14e853t4,example,major,吃芋会放屁。,吃土豆会放屁。,英文例句明确是 potatoes；中文‘芋’通常指芋头，不等于马铃薯。,1,11
1419930,ダンボール,1820,1,f39e20t1,example,minor,走出学校一步，便看到无家可归的人们以纸箱为家，过着生活的样子。,走出学校，就看见无家可归的人们住在纸箱里。,段ボール箱を家代わりにして生活している様子是住在纸箱里，旧译‘走出学校一步’和‘过着生活的样子’不自然。,1,12
1491430,不可思議,1837,4,f45e1463t4,xref,major,① 奇妙的；非凡的；奇怪的；难以置信的；惊人的；好奇的；奇迹般的；神秘的,① 奇妙的；非凡的；奇怪的；难以置信的；惊人的；奇特的；奇迹般的；神秘的,curious 在该组形容词释义列表中意为奇特、古怪的，不是表示求知欲的‘好奇的’。,1,12
1599990,抜け道,1883,6,f57e1901t6,example,major,那落的底部没有出路。,地狱深处没有出路。,奈落の底には抜け道はなく指地狱深处没有脱身之路，旧译‘那落的底部’不成中文。,1,12
1569260,狡猾,1907,2,f53e257t2,gloss,major,机灵的,狡诈的,狡猾/ crafty 有负面狡诈义，‘机灵’只有聪明灵活之意，漏掉贬义。,1,12
1256550,兼ね備える,1937,0,f23e299t0,gloss,critical,健忘症,兼具两者,to have both 应译为兼具两者，‘健忘症’与日英释义完全无关。,1,12
1256550,兼ね備える,1937,1,f23e299t1,gloss,critical,健棒,兼有两者,to possess both 应译为兼有两者，‘健棒’无此义。,1,12
1256550,兼ね備える,1937,2,f23e299t2,gloss,critical,健啖,兼具（两者）,to combine with 表示兼备、兼有，‘健啖’与日英释义无关。,1,12
1256550,兼ね備える,1937,3,f23e299t3,example,critical,健啖家,那本书的作者兼具幽默感和机智，对吧？,原例日文和英文均说作者兼具机智与幽默，旧译‘健啖家’完全改变了句义。,1,12
1985520,この上なく,1939,0,f94e72t0,gloss,major,最重要的是,无比地,この上なく/ most of all 在此为程度副词‘无比地’，不是‘最重要的是’。,1,12
1341920,純真,1943,6,f31e434t6,example,major,她那副天真模样不过是装出来的，并非真心。,她看似天真，其实只是装出来的，并非真的天真。,pure-heartedness 的天真只是表象、并非真实；旧译‘并非真心’转成了动机是否诚恳。,1,12
1199830,回路,1987,1,f17e1189t1,example,major,让我们把保护电路短路掉吧。,让我们绕过保护电路。,bypass/飛ばす在电路语境是绕过保护电路，旧译‘短路掉’表示造成短路，改变了操作。,1,13
1307050,四つん這い,2011,2,f27e1798t2,gloss,minor,手脚着地,双手双膝着地,on one's hands and knees 明确指双手和双膝着地，‘手脚着地’没有保留 knees 的限定。,1,13
1534040,猛獣,2029,2,f49e1212t2,gloss,major,猛兽,大型猎物,big game 指供狩猎的大型野生动物/猎物，不等同于‘猛兽’（凶猛的动物）。,1,13
1637460,逸る,2072,2,f62e576t2,gloss,major,不安,坐立不安,restless 指焦躁不安、不能安定，单译‘不安’未体现坐立不宁的状态。,1,13
1351350,笑い話,2147,2,f32e260t2,example,minor,他（他）有取之不尽的有趣笑话。,他有说不完的好笑段子。,英文 an endless store of good jokes 与日文おもしろい笑い話を無限に知る指有很多好笑的故事/段子，旧译出现重复主语‘他（他）’且‘有趣笑话’不自然。,1,14
2015950,秘密裏,2149,3,f97e370t3,example,minor,据说和平谈判已在秘密中开始。,据说秘密和谈已经开始。,secret peace talks have begun/秘密裡に開始された是秘密和谈已经开始，‘在秘密中’是生硬直译。,1,14
1631520,憚る,2192,6,f61e1347t6,example,major,惹人讨厌的孩子，招人嫌。,祸害遗千年。,该例句是固定谚语 Ill weeds grow apace，对应憎まれっ子世にはばかる，意为恶人/讨人嫌者反而长久得势；旧译‘孩子招人嫌’失去谚语含义。,1,14
1387080,蝉,2214,1,f35e1436t1,gloss,major,蚱蜢,蝗虫,locust 指蝗虫，旧译蚱蜢是不同昆虫。,1,14
2177120,ばかりか,2247,1,f113e439t1,example,minor,她不仅美丽，而且心地善良，而且聪明。,她不仅美丽，而且心地善良、聪明。,日文将心地善良与聪明并列递进，旧译重复两次‘而且’，句子不通顺。,1,14
1043100,ギャラリー,2266,7,f4e1490t7,xref,major,楼座（剧院）；楼座；廉价座位区；高价位区；楼座,楼座（剧院）；楼座；廉价座位；高层看台（视线较差的远端座位）；最高层看台,nosebleed section 是剧院/体育场中高处偏远的看台座位，绝非‘高价位区’；the gods 指剧院最高层看台。,1,14
1436110,底無し,2279,0,f40e850t0,gloss,critical,底,深不见底的,bottomless 是‘深不见底的’，旧译‘底’只是名词，不能表达释义。,1,14
1436110,底無し,2279,1,f40e850t1,gloss,critical,底价,深不可测的,endlessly deep 指深不可测，旧译‘底价’是价格低廉之意，完全不符。,1,14
1436110,底無し,2279,2,f40e850t2,gloss,major,底知れぬ,无限的,infinite 应译为无限的，旧译日文‘底知れぬ’不是中文。,1,14
1556190,令嬢,2283,0,f51e1556t0,gloss,major,令（尊）女,令爱（对他人女儿的敬称）,（your）daughter 的汉语敬称为令爱/令千金，‘令（尊）女’不成立。,1,14
1556190,令嬢,2283,1,f51e1556t1,gloss,minor,令（尊）女,小姐（敬称）,young woman 的敬称可称小姐，旧译‘令（尊）女’仍是含混的字面拼凑。,1,14
1556190,令嬢,2283,2,f51e1556t2,xref,major,令（尊）女；令（尊）女,令爱；年轻小姐,xref 的 your daughter; young woman 应分别译作令爱和年轻小姐，旧译重复错误称谓。,1,14
2670970,覚しき,2297,0,f158e1680t0,gloss,critical,覚しき,似乎（是）,seeming (to be) 是‘似乎（是）’，旧译原样残留日文词头。,1,14
2670970,覚しき,2297,1,f158e1680t1,gloss,critical,覚しき,看起来；似乎,appearing 表示看起来、似乎，旧译残留日文词头。,1,14
2670970,覚しき,2297,2,f158e1680t2,gloss,critical,覚しき,显然；看来,apparently 应译为显然/看来，旧译残留日文词头。,1,14
1328990,趣旨,2299,3,f30e127t3,gloss,major,效果,大意,趣旨在‘speak to the effect that…’中表示话语的内容/大意，不是事件产生的效果。,1,15
1110870,フォン,2325,0,f9e1528t0,gloss,critical,电话（响度单位）,方（响度单位）,phon 是响度单位‘方’，不是电话；‘电话’是把音译词 phon 误认成 phone。,1,15
1041620,キャップ,2400,0,f4e1273t0,gloss,minor,帽子（帽）,帽子,cap (hat) 指帽子，旧译‘帽子（帽）’括注重复且不自然。,1,15
1023340,インチキ,2436,6,f3e364t6,gloss,major,非法的,冒牌的,bogus 指假的、冒牌的，不能只译为‘非法的’。,1,15
1846980,魅入る,2444,0,f83e13t0,gloss,major,使着迷,着迷,魅入る标注为不及物且通常用于被动态，中文应表达主体着迷/被迷住，而不是‘使他人着迷’。,1,15
1846980,魅入る,2444,1,f83e13t1,gloss,major,使着迷,着迷,魅入る是不及物用法，‘使着迷’误成使役，改为状态义‘着迷’。,1,15
1846980,魅入る,2444,2,f83e13t2,gloss,major,使着迷,着迷,该词不及物且常用于被动，中文‘使着迷’颠倒了语义施受关系。,1,15
1846980,魅入る,2444,3,f83e13t3,gloss,major,使着迷,着迷,该词不及物且常用于被动，中文‘使着迷’误为主动使役。,1,15
1846980,魅入る,2444,4,f83e13t4,gloss,major,使着迷,着迷,该词不及物且常用于被动，中文‘使着迷’误为主动使役。,1,15
1610470,手際よく,2480,2,f59e1459t2,gloss,minor,擅长地,熟练地,adroitly 是熟练、灵巧地，‘擅长地’不是自然的中文副词搭配。,1,16
1486670,美容,2498,4,f45e690t4,example,major,吃零食对容貌有害。,吃零食对身材有害。,英文 the figure 在此指身材，日文美容也与外形保养相关，不是容貌/脸部。,1,16
1450460,逃避,2522,3,f41e1657t3,example,major,你之前做的不过是逃避现实罢了。,你现在做的不过是在逃避现实。,日文前のやっていること和英文 All you're doing 均指当前所做的事，旧译‘之前做的’误成过去行为。,1,16
1413070,大雨,2551,3,f38e609t3,example,minor,昨天是大雨。,昨天下了场大雨。,had a heavy rain/昨日は大雨だった应自然地表达为昨天下大雨，旧译‘昨天是大雨’搭配不当。,1,16
1376010,政治的,2564,1,f34e1097t1,example,minor,国会的动向成了围绕这一问题执政党与在野党之间的政治拔河。,国会的动向成了围绕这一问题执政党与在野党之间的政治角力。,political tug of war/政治的綱引き在中文自然表达为政治角力，‘政治拔河’是生硬直译。,1,16
1138570,ラウンド,2569,3,f11e1628t3,gloss,major,回合,（高尔夫）一轮,高尔夫 round 指打一轮球，而‘回合’主要用于拳击或对抗比赛的轮次。,1,16
1404240,即席,2609,4,f37e938t4,gloss,major,脱稿的,即兴的,off-the-cuff 表示未经准备、即兴说出的，‘脱稿的’只表示不看稿，不能保证未经准备。,1,16
1441400,点く,2623,0,f40e1823t0,gloss,major,点燃,亮起（灯、炉等）,点く是不及物，灯或炉自行亮起/点着，‘点燃’是及物操作。,1,16
1441400,点く,2623,5,f40e1823t5,xref,major,⑨ 点燃；着火；点燃；开启（灯、电器等）,⑨ 亮起；着火；引燃；开启（灯、电器等）,xref 释义中 to be lit 应译‘亮起’，ignite 对应‘引燃’，旧译两次重复‘点燃’并混淆及物性。,1,16
1850420,解明す,2640,3,f83e828t3,example,critical,在父亲怀抱中的独生子神，已被祂所阐明。,那在父怀里的独生子神，已将神显明出来。,日文说独生子神向人解明/显明神，旧译‘已被祂所阐明’把主动启示颠倒成被动、且未表达‘使神显明’。,1,17
1387850,先手を打つ,2727,3,f35e1572t3,example,minor,他刚要说什么，但我抢先一步先说了。,他刚要说什么，但我抢先说了。,beat him to it 已包含抢先之意，旧译‘抢先一步先说’重复‘先’。,1,17
2081420,満ち溢れる,2754,1,f103e1069t1,gloss,minor,溢出,满溢着,to be overflowing with 是充满、洋溢，孤立译为‘溢出’像液体溢出容器，不能自然搭配希望、青春等抽象对象。,1,17
2728600,肩の力を抜く,2768,0,f164e713t0,gloss,major,卸下肩上的重担,放松肩膀,肩の力を抜く/let the tension out of one's shoulders 指放松肩部紧张，‘卸下重担’改成了卸除责任或压力。,1,17
2154730,忍びない,2803,0,f110e1987t0,gloss,major,无法忍受,不忍心（做）,忍びない指于情不忍做某事，不能忍受某事更像一般耐受能力；例句也应表达不忍心看。,1,17
2154730,忍びない,2803,1,f110e1987t1,gloss,major,无法做到,不忍心去做,cannot bring oneself to do 表示心理上不忍心做，旧译‘无法做到’可能误作能力不足。,1,17
2154730,忍びない,2803,4,f110e1987t4,example,major,我无法忍受看到那样的场面。,我不忍心看那样的场面。,見るに忍びなかった/couldn't bear to see 表示不忍心看，‘无法忍受看到’搭配不当且忽略情感上的不忍。,1,17
1522400,本拠地,2820,1,f48e1132t1,gloss,major,内心堡垒,内堡,inner citadel 指内堡/内城堡，‘内心堡垒’将 citadel 误解为人的内心。,1,18
1281100,考案,2827,7,f25e766t7,example,major,弗洛伊德发明了精神分析。,弗洛伊德创立了精神分析学说。,弗洛伊德提出并创立的是精神分析理论/学说，‘发明精神分析’不符合其学术语境。,1,18
1165570,一年間,2839,1,f14e400t1,example,minor,他一直在东京住了一年。,他在东京住了一年了。,has been in Tokyo for a year/一年来一直在东京表示延续至今，旧译‘一直……住了一年’时态搭配不自然。,1,18
1482910,否む,2868,2,f45e27t2,example,critical,他告白后拒绝了。,他确实坦白了。,did not fail to confess 表示他确实坦白/承认，旧译‘告白后拒绝了’将否定关系和谓语弄反。,1,18
1328410,手立て,2911,2,f30e0t2,example,minor,离开这座岛的办法是没有的。,没有办法离开这座岛。,There's no way off the island 表示没有办法离岛，旧译倒装‘办法是没有的’生硬。,1,18
1107300,ピンポイント,2925,0,f9e988t0,gloss,major,针尖,精确位置,pinpoint 指精确的点/位置，不是物理意义的针尖。,1,18
1478520,判決,2995,3,f44e1245t3,gloss,minor,宣判,刑罚,sentence 在判决语境中指所判处的刑罚；旧译‘宣判’是宣告判决这一动作，词性和含义不合。,1,19
1588600,浮つく,3063,4,f55e1688t4,gloss,minor,头晕,飘飘然,浮つく的 giddy 指因兴奋而轻飘、忘乎所以，不是身体头晕；日文词义亦是浮躁轻率。,1,19
1522050,幾ど,3164,7,f48e1087t7,gloss,major,除……外,几乎,all but 作副词意为几乎、差不多，旧译‘除……外’表达排除关系，语义相反。,1,20
1522050,幾ど,3164,20,f48e1087t20,example,minor,她几乎把一生都用来照顾穷人。,她大半生都在照顾穷人。,most of her life/人生のほとんど指大半生，旧译‘几乎一生’程度偏高。,1,20
1195370,荷台,3169,0,f17e302t0,gloss,major,（卡车）载货托盘,（卡车）载货台,荷台是卡车的载货平台/货台，不是可搬动的托盘；英文 load-carrying tray 指车体上的载货部分。,1,20
1414360,大戦,3211,2,f38e813t2,example,major,那家（家庭）的繁荣是从二战时期开始的。,那家人的兴盛始于大战期间。,原句仅说大戦/Great War 期间，并未指明第二次世界大战；旧译无依据地限定为二战。,1,20
1041850,キャプテン,3245,0,f4e1303t0,gloss,minor,船长,队长；船长,キャプテン和 captain 可指队伍或船只的负责人，‘船长’限定过窄。,1,20
2133220,若しか,3296,4,f108e1509t4,example,major,万一这边有什么事，请过来一趟。,如果你碰巧来这边，请顺道来看看我。,日文和英文都说若碰巧来到这附近就来访，旧译‘这边有什么事’凭空增加发生事情这一条件。,1,20
1222540,気品,3404,4,f19e1856t4,example,minor,如果要把那个城市比作一种颜色，大概是酒红色吧，就是那种带点气品、让人安心的颜色。,如果要把那座城市比作一种颜色，大概是酒红色吧，那种颜色有种沉静的优雅气质，让人安心。,日文気品及英文 quiet sort of dignity 表示优雅、端庄的气质，‘气品’不是自然的现代中文表达。,1,21
1529690,無音,3580,0,f49e443t0,gloss,minor,沉默,无声,無音泛指没有声音，而‘沉默’特指不说话；中文改为‘无声’对应 silence/无声音的语义范围。,1,22
1596840,焚く,3673,8,f57e718t8,gloss,minor,添柴（锅炉）,给锅炉添燃料,stoke a boiler 指给锅炉添燃料，原译‘添柴’把燃料无依据地限为木柴。,1,23
1392060,船長,3768,1,f36e496t1,gloss,major,船夫,船长,skipper 是船长/船只的掌舵者，‘船夫’指普通划船或摆渡者，身份不符。,1,23
1166835,一睡,3822,4,f14e617t4,example,major,昨晚几乎一点睡意都没有。,昨晚我几乎一夜没合眼。,英文 hardly get a wink of sleep 和日文几乎一睡も出来なかった都说几乎没睡着，旧译却说几乎没有睡意，语义方向错误。,1,24
2093030,そうか,3890,2,f104e1294t2,example,minor,“睡着了？”“睡得死死的。”“啊，是吗？”“刚才好像一直在说梦话。是不是做了可怕的梦？”,“睡着了？”“睡得死死的。”“啊，是吗？”“刚才你好像一直在做噩梦，是做了什么可怕的梦吗？”,日文うなされてた及英文restless指睡中受噩梦困扰/不安稳，旧译‘说梦话’指定为说话，原文没有此义。,1,24
1318670,自暴自棄,3966,3,f28e1955t3,example,major,主教怜悯那些被遗弃的移民，给他们提供了帮助。,主教怜悯那些陷入绝望的移民，并向他们伸出援手。,日文自暴自棄になった与英文 desperation 都是陷入绝望/自暴自弃，旧译‘被遗弃的移民’把人误作被抛弃。,1,25
1077780,チャージ,4020,4,f7e622t4,gloss,major,再充电,充值,此义是给非接触式智能卡充值，旧译‘再充电’误作给电池充电，应为充值。,1,25
1139180,ラッシュ,4101,1,f11e1714t1,gloss,major,（人或活动的）蜂拥,（突然）向前猛冲,该义是 sudden forward motion，中文‘蜂拥’只适用于人群或活动的涌现，不表达突然向前冲。,1,25
1233280,享受,4108,3,f20e1863t3,example,minor,人人都有享有自由的权，更何况享有生命的权。,人人都有享有自由的权利，更有享受生命的权利。,日文及英文均说享有自由和生命的权利，旧译遗漏‘利’且‘更何况享有生命的权’不成句。,1,25
2755450,ロン,4124,0,f166e1824t0,gloss,major,吃荣,荣和,日本麻将ロン是和他人打出的牌荣和，中文术语‘荣和’对应此义；‘吃荣’混淆了吃牌与荣和。,1,25
2755450,ロン,4124,1,f166e1824t1,xref,major,吃荣,荣和,交叉引用复述同一麻将术语，原译‘吃荣’混淆了吃牌与荣和。,1,25
2846400,背徳感,4164,0,f193e1002t0,gloss,major,负罪感,背德快感,背徳感及 guilty pleasure 是明知不妥仍享受的快感，不只是负罪感。,1,26
1170280,陰気,4203,0,f14e1399t0,gloss,minor,陰気な,阴郁的,原文‘陰気な’是日语表达而非简体中文，且本义为阴沉、忧郁。,1,26
1170280,陰気,4203,1,f14e1399t1,gloss,minor,暗い,阴暗的,‘暗い’为日语词，需以简体中文翻译 gloomy/dismal。,1,26
1170280,陰気,4203,2,f14e1399t2,gloss,minor,惨めな,凄惨的,原译‘惨めな’是未翻译的日语，miserable 在此应译为凄惨的。,1,26
1170280,陰気,4203,3,f14e1399t3,gloss,minor,憂鬱な,忧郁的,原译‘憂鬱な’残留日语，需转为简体中文。,1,26
1170280,陰気,4203,5,f14e1399t5,gloss,minor,陰の気,阴气,‘陰の気’是日语字面表达，中文阴阳术语应为‘阴气’。,1,26
1170280,陰気,4203,6,f14e1399t6,xref,minor,③ 陽の気,阳气,xref 所指的阳之气译为中文术语‘阳气’，不是日语‘陽の気’。,1,26
2108380,と言うのに,4233,3,f106e405t3,example,major,虽然大家都说不在家，但奇怪的是，整个房子的灯都亮着。,虽然家里没人，但奇怪的是，整栋房子的灯都亮着。,日文皆留守表示大家都不在家，原译‘大家都说不在家’把留守误作口头陈述；英文 likewise says no one was at home。,1,26
2803940,指の腹,4295,0,f171e1487t0,gloss,minor,指尖,指腹,ball of a finger 指手指腹部的肉垫，不是笼统的指尖；日文词头也明确为指腹。,1,26
2169470,ぐっしょり,4355,1,f112e1053t1,gloss,major,拧干的,湿透的,ぐっしょり表示湿透/浑身湿透，wringing 在此作湿淋淋义；‘拧干的’意思相反。,1,27
1368180,人情,4373,5,f33e1625t5,gloss,major,常识,人之常情,日文人情指人之常情、人性，并非知识意义的‘常识’；common sense 在此也应按人情语境处理。,1,27
1447100,投じる,4380,2,f41e978t2,example,minor,压倒性多数票投向了废除这一残酷刑罚。,压倒性多数人投票赞成废除这一残酷刑罚。,日文票を投じた与英文 voted to abolish 表示多数人投票赞成废除，旧译‘多数票投向了废除’搭配生硬且关系不清。,1,27
1425750,仲介,4440,2,f39e951t2,example,major,我在迪尔市及其周边地区代理买卖房屋。,她在迪尔市及其周边地区为房屋买卖牵线。,英文主语 She 和日文省略主语的仲介都是替房屋买卖牵线，旧译改成‘我’并将中介关系写成代理。,1,27
1533740,茂る,4466,3,f49e1160t3,gloss,major,繁盛,随从队伍,retinue 指随从/侍从组成的队伍，不是仪仗队；日文词头亦为随从义。,1,27
1225230,技能,4522,2,f20e379t2,gloss,major,容量,能力,技能词条中的 ability/capacity 指能力，‘容量’只表示容纳的体积或数量，与此义不符。,1,28
2215170,本作,4564,0,f117e570t0,gloss,major,本件,本作品,本作表示当前这部作品，‘本件’是此事/此件事务，不表示作品。,1,28
1375570,成り下がる,4606,5,f34e1017t5,example,major,那个男人甚至沦落到向人借钱的地步。,那个男人甚至沦落到向人乞讨的地步。,英文 begging for money 是乞讨，日文也说从别人那里拿钱；‘借钱’是借款，需归还，语义不同。,1,28
1531630,名乗り,4610,4,f49e778t4,gloss,major,用于人名的汉字音读,用于人名的汉字读法,名乗り读法是汉字用于人名时的特殊读法，英语也只说 kanji reading；原译‘音读’擅自限定为音读。,1,28
1044440,クリーニング,4757,3,f4e1702t3,example,minor,请帮我取一下干洗。,请帮我取一下干洗好的衣服。,dry cleaning 指送洗/洗好的衣物，原译‘取一下干洗’缺少被取回的物品且搭配不自然。,1,29
1594020,雑踏,4806,4,f56e1682t4,gloss,minor,拥挤,交通堵塞,traffic jam 明确是交通堵塞，原译‘拥挤’过于笼统，未表达道路交通阻塞。,1,29
1594020,雑踏,4806,5,f56e1682t5,example,minor,此外，“安乐椅购物”不会伴随拥挤和交通带来的挫折感。,此外，‘安乐椅购物’免去了人群拥挤和交通堵塞带来的烦恼。,英文 gets rid of the frustrations 与日文フラストレーションが伴わない均指免除拥挤人群及交通造成的烦恼，原译‘不会伴随……带来的挫折感’表达生硬。,1,29
1611280,払い,4820,3,f59e1648t3,example,major,这是公司付款。,把这笔账记在我公司名下。,Charge this to my company 表示把费用记在公司账上，旧译‘这是公司付款’改变了句子结构和支付主体。,1,30
1611280,払い,4820,4,f59e1648t4,example,major,这张支票是持票人付款。,这张支票可向持票人付款。,payable to the bearer 是支票可支付给持票人，旧译‘持票人付款’把付款人和收款人倒置。,1,30
2845497,夜の街,4831,4,f192e1412t4,gloss,minor,饮酒区,酒吧街区,drinking district 指夜间饮酒娱乐的街区，‘饮酒区’不符合中文街区表达习惯。,1,30
1764330,城内,4888,1,f74e1364t1,example,major,这位先生是为我们介绍城内情况的人。,这位先生是带我们参观城堡的人。,日文城内を案内した与英文took us around the castle均表示带我们游览城堡，原译只说介绍城内情况。,1,30
1406910,他の物,4912,3,f37e1354t3,example,major,别的东西占了渔夫之利。,别人坐收渔翁之利。,英文 someone else profits 及日文漁夫の利都指别人坐收渔翁之利，旧译‘别的东西占了渔夫之利’误把人译成物。,1,30
1321210,実証,4916,4,f29e441t4,example,minor,接下来我要证明这个理论的依据。,接下来我要证实这一理论。,実証及 substantiate 表示证实/证明理论，原译‘证明这个理论的依据’误将依据写成要证明的对象。,1,30
2260890,足を取られる,5051,1,f122e304t1,example,minor,脚陷进了泥地里。,我在泥泞的路上失去了平衡。,日文足を取られた与英文 lost my balance 都指失去平衡/站不稳；旧译“脚陷进了泥地里”把结果具体化为陷入泥中。,1,31
1492930,不祥事,5163,3,f45e1692t3,example,major,尽管自身丑闻不断，警方却依旧我行我素地抓人。,尽管丑闻接连不断，警方仍若无其事地开罚单。,日文違反切符を切る是开具违章罚单，不是抓人；オメオメ表示羞愧、难堪地仍继续做，译为若无其事地更贴合上下文。,1,31
1219290,奇異,5251,1,f19e1028t1,gloss,minor,陌生的,奇怪的,奇異在此是 odd/strange 的“奇异、奇怪”，不是陌生（unfamiliar）。,1,32
1021880,イヤホン,5271,0,f3e135t0,gloss,minor,耳塞,耳机,イヤホン通常对应耳机；“耳塞”更容易理解为堵耳用的耳塞，旧译容易指错物品。,1,32
1021880,イヤホン,5271,2,f3e135t2,example,minor,我好像点过耳塞。,我还以为我点过耳机了。,JA 的 はずなのですが 表示“我还以为/我记得应该已……”，原译“好像点过”弱化了这种预期语气，且耳机更准确。,1,32
1607100,叔母,5466,0,f59e671t0,gloss,major,aunt,姑母；伯母；姨母；舅母,英释为 aunt，原文整段保留英文未译。泛称亲属称谓须依上下文选姑母/伯母/姨母/舅母。,1,33
1607100,叔母,5466,1,f59e671t1,note,major,伯母指比母亲年长，叔母指比母亲年幼,“伯母”指比父母年长的伯/姑辈，“叔母”指比父母年幼的叔/姑辈,日语伯母/叔母以相对于父母的年龄区分，原译误限为相对于母亲。,1,33
1607100,叔母,5466,4,f59e671t4,xref,major,uncle,叔父,英释是 uncle，交叉引用对象释义不可保留英文。,1,33
1278350,巷,5475,2,f25e257t2,example,major,社会上正流行着一种叫互联网的东西。,互联网这种东西如今在社会上很流行。,日文说互联网这种东西在社会上流行；原译改成“叫互联网的东西”且颠倒为社会上流行着某种新事物，失去原句意思。,1,33
1333970,住処,5722,0,f30e1057t0,gloss,minor,住所,居所,住処意为居住处/住所，中文“住所”通常指地址，不能准确表达 dwelling。,1,35
1457020,突出,5729,4,f42e958t4,gloss,major,突出,（气体等）喷出,rupture 在此指气体突然喷出/破裂，旧译“突出”错误；用括注明确例示而不强行解释成“燃气泄漏”。,1,35
1457020,突出,5729,5,f42e958t5,gloss,major,突出,喷出,jetting out 指喷射而出，不是一般突出。,1,35
1457020,突出,5729,6,f42e958t6,gloss,major,突出,涌出,gushing out 指大量涌出，不是一般突出。,1,35
1733130,治療法,5735,1,f71e1240t1,gloss,minor,治愈,疗法,治療法是治疗方法；名词 cure 在此指疗法/治疗手段，旧译“治愈”表示治疗后的结果。,1,35
2111220,一筋縄ではいかない,5736,0,f106e981t0,gloss,major,不是一帆风顺,并非易事,一筋縄ではいかない指棘手、不容易处理；“不是一帆风顺”偏指过程不顺。,1,35
2111220,一筋縄ではいかない,5736,1,f106e981t1,gloss,major,不是一帆风顺,不能用常规办法解决,日文惯用语含义是普通方法无法应对；原译“不是一帆风顺”没有表达这一限定。,1,35
1921980,飛,5814,1,f88e747t1,xref,major,车；香车,车；飞车,将棋术语 hisha 是飞车/车，香车是另一枚棋子；旧译“香车”误指棋子。,1,35
2835390,置いてけぼり,5865,1,f183e255t1,gloss,minor,弃置,抛弃某人,该义是 abandon someone；“弃置”不自然且遗漏被抛弃的人。,1,35
2835390,置いてけぼり,5865,2,f183e255t2,gloss,minor,弃置,把某人丢下,maroon someone 表示把某人丢在某处，旧译“弃置”不够明确。,1,35
1167810,逸話,5881,3,f14e792t3,example,major,他先讲了一个幽默的趣闻，然后开始了讲义。,他先讲了一个幽默的轶事，然后开始讲课。,逸話是轶事/趣闻；原译“开始了讲义”把 lecture 误作书面讲义，中文不通。,1,35
1250730,敬遠,6137,6,f22e946t6,gloss,major,故意送分,故意保送（打者）,棒球 intentional walk 是故意保送击球员上垒，不是送分。,1,37
1480260,反感,6167,2,f44e1479t2,gloss,minor,对抗,敌意,antagonism 表示敌意/对立情绪，“对抗”通常指行为而不是情绪。,1,37
1480260,反感,6167,3,f44e1479t3,gloss,minor,敌对情绪,厌恶,revulsion 是强烈厌恶/反感，不是敌对情绪。,1,37
1480260,反感,6167,5,f44e1479t5,example,major,不愉快,我对讲话者产生了反感。,日语明确说对讲话者抱有反感；旧译仅为“不愉快”，遗漏核心对象和语义。,1,37
1560180,露天風呂,6213,0,f52e477t0,gloss,minor,露天浴,露天浴池,露天風呂通常译为露天浴池/露天温泉，“露天浴”不自然且容易误解。,1,37
1560180,露天風呂,6213,1,f52e477t1,gloss,minor,露天浴,露天浴池,rot(en)buro 指露天浴池，沿用不自然的“露天浴”会失真。,1,37
1560180,露天風呂,6213,2,f52e477t2,gloss,minor,露天浴,露天浴池,该罗马字异写仍指露天浴池，中文应使用通行译名。,1,37
1560180,露天風呂,6213,3,f52e477t3,example,minor,这家旅馆的露天浴非常棒。,这家旅馆的露天浴池很棒。,日文说旅馆的露天浴池很棒；修正对应术语并消除“露天浴”的生硬说法。,1,37
1041370,キャスト,6217,4,f4e1241t4,gloss,major,（视频、音频等的）投射,（视频、音频等的）投屏,计算机语境中的 cast media 是将视频/音频投屏或串流播放，不是“投射”。,1,38
1041370,キャスト,6217,5,f4e1241t5,gloss,major,（类型）投射,（类型）转换,type casting 是编程中的类型转换，原译“投射”是 cast 的字面误译。,1,38
2850225,ライ,6226,3,f197e106t3,xref,minor,尚可（例如引导司机时）；继续；好的；明白了,好（例如引导司机时）；继续；好的；明白了,all right 在引导司机时是方向/操作确认的“好”，原译“尚可”表示勉强可以，语气不符。,1,38
1242250,近距離,6259,1,f21e1462t1,gloss,minor,近处,近距离,close range 指近距离/近程，“近处”是地点，不能表达距离范围。,1,38
1458470,内緒話,6265,1,f42e1352t1,example,major,大家，你们在说什么秘密？我也想知道。,你们在说什么悄悄话？也让我加入吧。,日文是在问大家说什么悄悄话并要求加入；旧译“大家，你们”重复且“秘密”不如“悄悄话”贴合。,1,38
1568910,炙る,6335,6,f53e158t6,gloss,major,烤焦,烘烤,roast 是烘烤/烤制，不表示烤焦；后一个 sense scorch 已对应“烧焦”。,1,38
1448160,東北,6388,4,f41e1150t4,xref,minor,东北地区（本州最北端的六个县）；Tohoku地区,东北地区（本州最北端的六个县）；东北地区,xref 的两个英释均指东北地区，第二个术语残留英文 Tohoku 应译出。,1,38
1547360,欲求不満,6395,0,f50e1833t0,gloss,minor,挫折,挫败感,frustration 表示受阻后的挫败/郁闷感，“挫折”是造成该感受的 setback。,1,38
2394780,ちょこまか,6413,0,f133e58t0,gloss,minor,不安地,焦躁不安地,ちょこまか表示小动作不停、坐立不安；restlessly 应表达焦躁不安，不是泛泛“不安”。,1,39
2394780,ちょこまか,6413,1,f133e58t1,gloss,minor,持续不断地,不停地动,in continuous motion 指持续移动，原译“持续不断地”缺少动作对象。,1,39
1573410,躾,6429,3,f53e1169t3,example,major,对男孩的教育是可能的。,男孩子是可以管教好的。,JA 的 しつけ 是管教/教养，原译“对男孩的教育是可能的”把对人的管教变成抽象教育，且不通顺。,1,39
1365840,身辺,6445,2,f33e1259t2,example,major,私家侦探自始至终都守在总统身边。,便衣警察始终守在总统身边。,日文私服警官指便衣警察，不是私家侦探；始终守在身边忠实表达身辺を固める。,1,39
1036080,オンライン,6570,1,f4e432t1,example,major,如果在线交谈的人同意，那就这样做。,如果您觉得在线聊更好，我可以在线聊。,日文说若您认为在线交谈更好，我就在线聊；旧译变成征求“在线交谈的人”的同意，主体关系错误。,1,39
1102920,パレード,6593,1,f9e298t1,example,major,那是一场极其精彩的阅兵。,那是一场盛大的游行。,日文パレード指游行/花车巡游，没有阅兵义；中文旧译无据增添军事性质。,1,39
1003120,がちゃがちゃ,6605,13,f1e775t13,gloss,major,日本拟声词（拟声词）,Mecopoda nipponensis（螽斯科的一种）,英文给出了学名和分类，需保留学名并把 katydid 译为螽斯；原译“日本拟声词”完全误译。,1,40
1003120,がちゃがちゃ,6605,14,f1e775t14,xref,major,日本拟声词（拟声词）,Mecopoda nipponensis（螽斯科的一种）,英文给出了学名和分类，需保留学名并把 katydid 译为螽斯；原译“日本拟声词”完全误译。,1,40
1209030,兜,6665,2,f18e1078t2,example,major,胜了也要系紧头盔带。,胜利之后也不可掉以轻心。,JA 是“勝って兜の緒を締めよ”的谚语，意为胜后仍须谨慎；旧译只直译头盔带，遗漏谚语义。,1,40
2210250,見かけによらず,6735,1,f116e1193t1,example,major,她虽然看起来不怎么样，其实很努力。,她看起来不像那么有毅力，其实很努力。,日文頑張りや指努力、坚持不懈；“看起来不怎么样”无据评价外貌，偏离原句。,1,40
1003240,ガツガツ,6739,2,f1e793t2,gloss,minor,贪得无厌地,狼吞虎咽地,ravenously 描写极度饥饿地吃，不是贪得无厌（贪婪）的道德评价。,1,40
1414020,大樹,6774,3,f38e754t3,example,major,榉树的大树也是从小橡果中生长出来的。,参天橡树也从小小的橡果长成。,日文カシ是橡树类，ドングリ是橡果；原译把橡树误作榉树。,1,40
1007590,ちびちび,6782,3,f1e1725t3,example,major,偶尔小酌一点啤酒以外的酒也不错。,偶尔小口品尝啤酒以外的酒也不错。,JA 明确是啤酒以外的酒，原译误成啤酒本身，改变了比较对象。,1,40
1052740,コント,6917,0,f5e949t0,gloss,major,康泰,短篇故事,法语 conte 指短篇故事/故事，原译“康泰”只是无意义的音译，未表达词义。,1,41
1427860,張りあげる,6965,1,f39e1384t1,example,major,鲍勃在派对上扯着嗓子唱的歌。,鲍勃在派对上唱得最响亮。,JA 说 Bob 在派对上唱得声音最大；原译把“声”误作歌曲，导致句子不通。,1,41
1605220,持ち込み,6994,2,f58e1962t2,example,major,除英国外，法国似乎也将禁止从德国进口废弃物。,除英国外，法国也可能禁止从德国进口废弃物。,JA 的 イギリスに加えて 表示“加上英国/除英国之外还有法国”，旧译“似乎”有来源但“除英国外”容易读成排除英国，修正文义为也。,1,42
2837538,アメ,7000,1,f185e523t1,xref,major,① 美国；美利坚合众国；美国；美,① 美国；美利坚合众国；美国；US；USA,xref 的 America/United States/US/USA 应译全；原译末尾“美”在中文中不是 United States 的正常译名。,1,42
1880960,質問攻め,7028,1,f85e1295t1,example,minor,记者团对大臣进行了提问围攻。,记者团向大臣连珠炮似地提问。,JA 的 質問攻め 与 press besieged with questions 表示记者连番发问；原译“提问围攻”搭配生硬。,1,42
1513410,保健,7050,3,f47e1523t3,example,major,世界卫生组织（WHO）是指世界保健机构。,WHO是世界卫生组织的简称。,WHO 展开是 World Health Organization，中文规范名称为“世界卫生组织”；原译语序倒置且保留日式“世界保健机构”。,1,42
1305220,為送り,7057,3,f27e1451t3,example,major,我每月收到五万日元的寄钱。,我每月领取五万日元的生活费。,仕送り是家人汇寄/给付的生活费，旧译“寄钱”不符合中文表达，遗漏 allowance 的生活费含义。,1,42
1445370,土手,7146,3,f41e672t3,gloss,major,味噌味增炖牛筋,用味噌和味醂炖煮的牛筋,英释是用 miso 和 mirin 炖煮牛筋；旧译重复“味噌/味增”，漏译味醂。,1,42
1445370,土手,7146,4,f41e672t4,xref,major,味噌味增炖牛筋,用味噌和味醂炖煮的牛筋,该 xref 同样包含 miso and mirin；旧译重复“味噌/味增”，漏译味醂。,1,42
2837544,いい大人,7150,4,f185e537t4,xref,major,不，完全不,（明明）已经长大到该懂事的年纪,英释是讽刺“明明已经大到该懂事”；原译“不，完全不”与英文完全不符。,1,42
1314490,事無く,7162,1,f28e1244t1,gloss,minor,未发生事故地,平平安安地,该义是 without accident/uneventfully；“未发生事故地”生硬且把表达限制为事故，换为自然且不增加限定的副词。,1,43
1519540,暴風,7165,3,f48e650t3,example,minor,那栋房子因暴风雨被掀掉了屋顶。,那栋房子的屋顶被暴风掀掉了。,日文为暴风，英文为 storm；原译增添原文没有的“雨”，并将被动句搭配写成“因……被掀掉”。,1,43
1519540,暴風,7166,3,f48e651t3,example,minor,那栋房子因暴风雨而被掀掉了屋顶。,那栋房子的屋顶被暴风掀掉了。,日文为暴风，英文为 storm；原译增添原文没有的“雨”，并将被动句搭配写成“因……被掀掉”。,1,43
2835826,平行,7233,2,f183e1044t2,example,minor,这条线（线）与那条线（线）平行。,这条线与那条线平行。,日文明确说两条线平行；原中文重复“线”字，属于明确的编辑错误。,1,43
2068070,形,7280,6,f102e560t6,example,major,以工资为担保，我收到了500美元的前付款。,我预支了500美元的工资。,JA 说工资作担保而预先收到500美元，EN 明确为 advance on my pay；“前付款”误表达且不通顺。,1,43
1206610,学会,7293,5,f18e508t5,example,minor,盛田教授在化学学会担任司会。,森田教授主持了化学学会的一次会议。,JA 的司会を務めた及英文 presided at a meeting 都表示主持会议；“担任司会”是生硬误搭配。,1,43
1984890,ピックアップ,7304,7,f93e1944t7,gloss,major,皮克车,皮卡车,该义英文明确为 pickup truck；“皮克车”是错误音译，应为通行中文“皮卡车”。,1,43
2078050,活,7310,3,f103e362t3,gloss,minor,柔道复活术,柔道中的复苏急救术,该义是柔道中的 resuscitation 技法；“复活术”易被理解为使死者复活，复苏急救更准确。,1,43
2078050,活,7310,4,f103e362t4,xref,minor,① 施展复活术（柔道等）,① 施行复苏急救术（柔道等）,xref 指向复苏术这一交叉引用对象；resuscitation 是复苏，原“复活术”不准确。,1,43
1541350,有罪,7477,2,f50e588t2,example,major,一切都在表明他的罪行。,一切都表明他有罪。,日文为有罪，英文为 his guilt；“罪行”指犯罪行为本身，误把有罪状态译成具体罪行。,1,44
1306720,司令官,7488,0,f27e1753t0,gloss,minor,司令,司令官,commandant 是指挥官职称，中文“司令”容易指岗位或职位，补足官职词尾后更准确。,1,44
1271040,語気,7525,2,f24e1156t2,example,minor,她说着说着，语气变得强硬起来。,她说着说着，语气变得越来越强烈。,日文仅说语气变强，英文指出声音逐渐升高；“强硬”增加了态度强硬的含义。,1,44
2395630,さぞや,7583,0,f133e207t0,gloss,minor,果然,想必,さぞや 表示推想中的“想必、一定”，不是已验证结果的“果然”。,1,45
2395630,さぞや,7583,1,f133e207t1,gloss,minor,果然,想必,さぞや 表示推想中的“想必、一定”，不是已验证结果的“果然”。,1,45
1281980,行進,7587,2,f25e922t2,example,minor,道路不妨碍行进。,道路畅通，便于前进。,日文说道路对行进没有妨碍，英文说道路可用于前进；原译把道路误作“不妨碍”的施事，表达不通顺。,1,45
1459670,なぎ倒す,7592,3,f42e1688t3,example,minor,暴风雨把那个村庄夷为平地。,暴风把那个村庄夷为平地。,JA あらし 和 EN storm 未限定为暴风雨；原译增添“雨”。,1,45
1000600,いい加減にしなさい,7655,0,f1e100t0,gloss,critical,不，完全不,给我振作点！,shape up! 是要求振作、改好表现；原译“不，完全不”与释义完全相反。,1,45
1000600,いい加減にしなさい,7655,1,f1e100t1,gloss,critical,不！,好好表现！,act properly! 是要求行为得体；原译“不！”完全误译。,1,45
1006960,微風,7688,3,f1e1611t3,gloss,major,气息,和风,zephyr 是轻柔微风，原译“气息”错义。,1,45
1006960,微風,7688,4,f1e1611t4,example,major,微风,一阵轻风在池塘水面激起了涟漪。,例句原译仅留下“微风”，遗漏了风在池塘水面激起涟漪这一完整信息。,1,45
1111370,フラット,7691,7,f9e1606t7,xref,major,② 锐音,② 升号,音乐术语 sharp 是升号；“锐音”不是准确的乐理译名。,1,45
1010420,パクリ,7711,0,f2e256t0,gloss,minor,张合（如嘴、伤口）,张大（如嘴、伤口）,gaping 表示张开、张大，原译“张合”还包含开合动作，改变了语义。,1,45
1259550,見合い,7777,1,f23e958t1,gloss,major,与未婚配偶的面试,与相亲对象见面,見合い 是以结婚为目的的相亲；“未婚配偶”把尚未结婚的对象说成配偶，语义矛盾。,1,46
1259550,見合い,7777,2,f23e958t2,example,major,我知道他今天会在叔叔的介绍下见面。,我知道他今天会在叔叔的安排下去相亲。,日文明确说今天参加相亲，原译“见面”漏掉了婚姻介绍的语义；叔叔是介绍人。,1,46
1198950,解禁,7836,3,f17e1035t3,example,major,鲇鱼捕捞解禁了。,香鱼捕捞解禁了。,JA 明示鮎（あゆ），中文对应香鱼；鲇鱼指另一类鱼。,1,46
1375310,性急,7883,7,f34e980t7,example,minor,急躁的判断是危险的。,草率的判断是危险的。,quick judgements 在此是仓促、未深思的判断；“急躁的判断”不够自然且偏向脾气急躁。,1,46
1848340,言い逃れる,7953,0,f83e342t0,gloss,minor,解释开,为……辩解,explain away 表示为某事辩解或搪塞过去；“解释开”不是自然的中文表达。,1,47
1410630,待合室,7961,0,f38e153t0,gloss,major,候诊室,等候室,JA 和 EN 只说 waiting room，没有医疗语境；“候诊室”无根据地限定为看病候诊。,1,47
1291220,差し出がましい,7987,0,f26e793t0,gloss,major,主动,冒昧,forward 在该义是冒失、唐突地越界，不是“主动”；例句 also 用 too forward 表示冒昧。,1,47
1522310,本格,7997,0,f48e1120t0,gloss,major,原本的方法,正宗的做法,本格是正统、真正的方式；“原本的方法”把 genuine/original 理解成时间上的原先方法。,1,47
1522310,本格,7997,1,f48e1120t1,gloss,major,原本的步骤,正统的步骤,本格表示正统、真正的步骤，不是“原本的步骤”。,1,47
1557210,冷凍庫,8000,1,f51e1691t1,example,major,我有好几个理由要买冷冻箱。,我拥有冷冻箱是有几个充分理由的。,原译把“我有冷冻箱的理由”误成“要买冷冻箱的理由”，改变了时态和意图。,1,47
1046590,グラビア,8036,1,f5e34t1,gloss,major,影调,照相凹版,photogravure 是照相凹版印刷/照相凹版，不是影调。,1,47
1858410,板につく,8050,2,f84e351t2,example,major,你的英语已经完全习惯了。,你的英语已经运用自如了。,JA 的板についた及 EN at home in English 表示英语运用得熟练自如，原译把人和英语的关系说反了。,1,47
1254300,決死,8115,1,f22e1944t1,gloss,major,置之死地而后生的精神,不惜一死的精神,決死／do-or-die spirit 表示抱定必死決心，原译套用“置之死地而后生”这一不同的策略成语。,1,48
2231070,ぷっと,8305,1,f118e1938t1,example,major,那个男人向她脸上噗地吹了一口气。,那个男人朝她脸上喷了一口烟。,日文明确是把烟吹到她脸上；原译漏掉了“烟”，误成吹气。,1,49
1722640,物物しい,8307,10,f70e1470t10,gloss,major,华贵的,自命不凡的,pompous 描写夸大自负、装腔作势，不是“华贵”。,1,49
1722640,物物しい,8307,13,f70e1470t13,example,major,他总是用那种盛气凌人的口吻说话。,他总是用那种夸张的措辞说话。,JA 说话方式物々しい，EN 指 high-sounding terms；原译“盛气凌人”描述说话态度强势，偏离了用词浮夸庄重的意思。,1,49
1046610,グラフ,8317,3,f5e39t3,example,minor,碳的排放量变化如下面的图所示。,碳排放量的变化如下面的图所示。,碳排放量是中文自然搭配；“碳的排放量变化”结构生硬。,1,49
1593820,錆,8326,1,f56e1627t1,example,minor,这辆车很耐锈。,这辆车不容易生锈。,be resistant to rust 表示不容易生锈，“耐锈”不是自然的中文说法。,1,49
2064500,そない,8375,4,f101e1796t4,xref,critical,不！,① 这样；那种；那样的；像那样,xref 的英文释义是 such/that sort of/like that；当前“不！”与释义毫无关系，属于明显错译。,1,49
1267860,雇用,8461,2,f24e522t2,example,major,虽说说是促进少数族裔就业的政策，其实不过是口头上的说法，实际上少数族裔几乎没有任何获得工作的机会。,尽管有促进少数族裔就业的政策，但那不过是表面文章；实际上，少数族裔几乎没有就业机会。,JA 表示促进少数族裔就业的政策只是建前、实际少数族裔几乎没有就业机会；原译有重复病句，且“获得工作的机会”不自然。,1,50
1852350,食ってかかる,8494,0,f83e1332t0,gloss,major,扑向,怒斥,该词表示因怒而冲着对方发作；“扑向”误成身体上的扑击。,1,50
1852350,食ってかかる,8494,4,f83e1332t4,example,major,我只问了那件暗淡的衣服花了多少钱，她就勃然大怒地冲我发火了。,我只是问她那件土气的衣服花了多少钱，她就勃然大怒，冲我发火了。,日文野暮ったい表示土气、老派，不是颜色暗淡；くってかかる表示怒气冲冲地顶撞。,1,50
1172750,運行,8625,3,f14e1954t3,example,minor,公交车每20分钟一班运营。,公交车每20分钟一班。,原译“每20分钟一班运营”有明显赘词；日文和英文都说班次间隔为20分钟。,1,51
1458920,内定,8759,3,f42e1491t3,example,major,我被那家公司录用了。,我已拿到那家公司的录用内定。,JA 内定及 EN unofficially decided 都是尚未正式确定的录用意向；原译“被录用了”说成正式录用。,1,51
1129100,マネキン,8780,0,f11e303t0,gloss,major,人偶,人体模特,mannequin 是展示服装用的人体模型/模特；“人偶”通常指玩偶，概念不符。,1,51
2103220,実行犯,8785,0,f105e1476t0,gloss,major,实行犯,作案者,実行犯 是实际实施犯罪的人，“实行犯”是生硬照搬日语构词的表达，中文应说作案者。,1,51
2060630,奢り,8814,2,f101e1004t2,example,minor,……喂喂喂，你们俩，知道是我请客就解除限制了吗？,……喂喂喂，你们俩，知道是我请客就不客气了是吧？,JA 的 リミッター解除 是解除限制、放开手脚；中文惯常说“知道我请客就不客气了”，原译生硬直译。,1,52
1750440,状況証拠,8855,0,f73e477t0,gloss,major,情况证据,间接证据,circumstantial evidence 的规范中文法律表达是“间接证据”，不是“情况证据”。,1,52
1750440,状況証拠,8855,1,f73e477t1,example,major,作为情况证据，已经足够了。,就间接证据而言，已经很充分了。,英文 For circumstantial evidence 明确指间接证据；原译沿用了不规范的“情况证据”。,1,52
1032910,ＯＢ,8875,0,f3e1939t0,gloss,major,老男孩,校友,old boy 在该义指校友（尤其英式学校的旧生），不是中文里的“老男孩”。,1,52
1574480,饅頭,8935,0,f53e1366t0,gloss,major,馒头,日式馒头,manjū 是日本带馅蒸点心；单译“馒头”容易被理解为中国不带馅的主食，需标明日本点心。,1,52
1574480,饅頭,8935,1,f53e1366t1,gloss,minor,带馅的蒸馒头,带馅的日式蒸点心,该释义说的是日式 manjū；补明日本点心类别，避免与中国馒头混淆。,1,52
1350670,焼酎,8947,2,f32e120t2,example,major,借助最新的生物技术，将红薯的异味降至最低，是一款极易入口的“红薯烧酎”。,通过最新生物技术把红薯的异味降到最低，因此这款红薯烧酎非常容易入口。,JA 说明这款芋烧酎通过生物技术减少红薯异味而容易入口；原译句子缺少逻辑连接，读成“把异味降到最低，是一款……”。,1,52
1116720,プレス,9009,7,f10e440t7,gloss,major,军压（举重）,军事推举（举重）,military press 是举重动作名称；“军压”是错误直译，中文可称军事推举。,1,53
2152120,軌道に乗る,9037,2,f110e1414t2,example,major,等你的工作步入正轨后，我们再谈加薪的事。,等你的生意步入正轨后，我们再谈提价的事。,JA 値上げ 明确指提价；原译“加薪”误把价格上涨译成工资上涨。,1,53
1226500,詰め,9073,7,f20e589t7,example,major,因为最后没有进行细致处理，结果成了画龙点睛的遗憾。,你一直拖着不处理这个项目的细节，结果成品缺了画龙点睛的一笔。,JA 说因为怠慢最后收尾而缺少画龙点睛之笔；原译句子不通顺，并把画龙点睛本身写成遗憾。,1,53
1396560,狙い撃ち,9119,0,f36e1163t0,gloss,major,神射手,精准射击,sharpshooting 是射击行为/技能，不是“神射手”这一人物称谓。,1,53
1156290,威信,9171,2,f13e685t2,example,major,这样的行为关乎你的威望。,这样的行为有损你的尊严。,beneath your dignity 表示有失尊严；原译“关乎你的威望”只说行为与威望有关，削弱了贬损含义。,1,54
1090840,ナンセンス,9329,1,f8e507t1,example,minor,那是一种带有些许荒诞趣味的乐趣。,那有一种略带荒诞的趣味。,JA 说这带有几分荒诞的趣味；原译“荒诞趣味的乐趣”重复且不通顺。,1,54
1877960,御仁,9335,0,f85e946t0,gloss,major,仁人,大人物,personage 指重要人物或大人物；“仁人”是有德之人，含义不同。,1,54
2035340,行き当たりばったり,9359,5,f98e1977t5,example,major,别做那种随心所欲的工作。,别干那种毫无计划的工作。,JA 行き当たりばったりの仕事指毫无计划、走一步算一步的工作；“随心所欲”说成随个人意愿行事，偏离原义。,1,54
1535040,黙秘,9367,2,f49e1406t2,example,minor,庭审律师们无法避开黑手党头目使用的沉默战术。,律师们无法突破黑手党头目的沉默战术。,EN stonewalling tactics 与 JA 黙秘戦術指拒绝配合、守口如瓶的策略；原译“避开……战术”搭配不自然。,1,54
1404890,足早に,9410,1,f37e1055t1,gloss,minor,步伐轻快,快步地,EN为at a quick pace，日语足早に表示以快步行走；步伐轻快增添了轻盈愉悦的语义。,1,55
1689890,飛び抜ける,9416,2,f67e861t2,example,major,他是一个非常通情达理的人。,他是最通情达理的人，远胜于其他人。,日语とびぬけて与EN by far表达明显超过他人的程度，旧译只说非常通情达理，漏掉比较级含义。,1,55
2835845,やあやあ,9472,5,f183e1078t5,note,minor,表示轻微惊讶的语,表示轻微惊讶的语气,原译‘语’明显截断；EN说明其为轻微惊讶的感叹语，补全为通顺中文。,1,55
1199380,回れ右,9500,0,f17e1103t0,gloss,major,向右转,向后转,回れ右是军队口令right about-face，指向后转（转身180度），不是向右转。,1,55
1199380,回れ右,9500,1,f17e1103t1,example,major,命令向右转。,命令向后转。,日文例句中的回れ右を命じる是命令向后转；英文中的turn right造成误导，原中文沿用了误解。,1,55
1792540,男心,9532,2,f77e1338t2,example,major,男心与秋天的天空。,男人的心思像秋天的天空一样善变。,日语成句男心と秋の空及英文均说明男性心思多变，原译只作字面并列，未传达成语含义。,1,55
1265530,古臭い,9633,6,f24e82t6,gloss,minor,发霉的,① 做；执行；实施,xref 英文列并列近义词 carry out/perform，原译连续重复‘执行’，修去重复并保留义项。,1,56
1363200,真っ向,9710,2,f33e545t2,example,major,我们不仅要准备好正面较量，偶尔也想尝试一下虚虚实实的攻防策略。,我们不仅要准备正面较量，也得应对虚虚实实的策略较量。,日文说有时也想试试虚实策略较量，英文说明要准备面对策略斗争；旧译无依据地增添‘偶尔也想尝试’，且把对抗改成尝试。,1,56
1257800,捲る,9749,4,f23e556t4,gloss,major,反复做,不顾一切地做,EN为with reckless abandon，表示不顾一切地做；‘反复做’只表达重复，遗漏语气。,1,56
1257800,捲る,9749,5,f23e556t5,gloss,minor,反复做,不停地做,EN为continuously，表示持续不停地做；‘反复做’暗示多次重复，含义不完全对应。,1,56
1956170,経,9782,2,f91e1023t2,example,major,门前的小僧在读不懂的经书。,门前的小和尚没学过也会念经。,日语谚语是住在寺门前的小和尚虽没学过也会念经，表达耳濡目染而学会；原译用‘读不懂的经书’反转了习得含义。,1,57
2760790,一生分,9787,0,f167e877t0,gloss,critical,终身份,终身份额,EN lifetime supply和词形一生分表示一辈子的供应/份额；原译‘终身份’有明显错字且未表达量。,1,57
1037560,カタログ,9840,2,f4e668t2,example,minor,我想入手你最新的目录。,我想拿到贵方最新的目录。,日文カタログを入手したい是希望得到最新目录，‘入手’在此中文生硬，改为自然表达。,1,57
2138030,と言うところ,9911,15,f109e471t15,example,major,那处于既非可也非不可的状态。,算不上可，也谈不上不可。,日文可でもなく不可でもなし表示既非可也非不可，旧译‘那处于既非可也非不可的状态’语法不通。,1,57
1534450,網羅,9977,5,f49e1273t5,example,major,从微生物学的基础到最新情报，一网罗殆尽。,从微生物学基础到最新信息，内容无所不包。,日文和英文均说书的内容涵盖从基础到最新信息；旧译‘一网罗殆尽’是生硬的重复性拼接，不成自然中文。,1,58
1185940,下町,10033,2,f16e599t2,gloss,major,下町（东京湾附近东京东部低洼地区，包括浅草、下屋、神田、福冈、本乡、日本桥、京桥及周边地区）,下町（东京湾附近东京东部的低洼地区，包括浅草、下谷、神田、深川、本所、日本桥、京桥及周边地区）,该字段是下町地名范围释义；Shitaya、Fukagawa、Honjo分别是下谷、深川、本所，旧译有‘下屋’‘福冈’‘本乡’等错译。,1,58
1185940,下町,10033,3,f16e599t3,xref,major,② 山手（东京西部丘陵住宅区，包括四谷、青山、小田原、本乡、市谷、赤坂、麻布及周边地区）,② 山手（东京西部的丘陵住宅区，包括四谷、青山、小石川、本乡、市谷、赤坂、麻布及周边地区）,xref所指山手地区的地名 Koishikawa 应为小石川；原译误作小田原。该字段保留引用对象的释义。,1,58
1026940,エージェント,10035,0,f3e1050t0,gloss,major,agent,代理人,普通义 agent 是代理人；原译残留英文。,1,58
1026940,エージェント,10035,1,f3e1050t1,gloss,major,agent,代理程序,计算机领域 agent 指代理程序/软件代理；原译残留英文。,1,58
1114760,ブレザー,10147,0,f10e141t0,gloss,major,运动夹克,西装外套,ブレザー是blazer，通常指西装式外套；‘运动夹克’是不同服装类型。,1,58
1114760,ブレザー,10147,1,f10e141t1,example,major,我想买一件能搭配这件运动夹克的衬衫。,我想买一件能搭配这件西装外套的女式衬衫。,句中 blazer 译为西装外套；ブラウス是女式衬衫，原译笼统成衬衫并受旧词误译影响。,1,58
1331540,就ける,10216,0,f30e683t0,gloss,major,即位,拥立（国王、天皇等）,EN的install a king与日语他动词就ける表示使国王/天皇即位或拥立；旧译‘即位’误成主体自己即位。,1,59
1331540,就ける,10216,3,f30e683t3,example,minor,你能就职就好了。,希望你能找到这份工作。,日文君が職に就けるといい是希望对方能得到一份工作，旧译‘就职’不自然，且省略了职位含义。,1,59
1152420,悪評,10225,5,f12e1898t5,example,major,他恶名不绝。,关于他的恶评从未间断。,EN为a constant subject of scandal，日文悪評が絶えない说负面评价不断；‘他恶名不绝’搭配生硬且句义不清。,1,59
1268610,五分五分,10386,0,f24e649t0,gloss,major,势均力敌,可能性各半,例句说鲸在世纪末灭绝的可能性五五开；EN as likely as not指概率各半，‘势均力敌’只适用于竞争双方。,1,60
1480360,反故にする,10392,0,f44e1494t0,gloss,major,反故,废弃,反故にする表示把某物当作废物丢弃/作废，‘反故’是日文汉字照搬，并非自然中文释义。,1,60
1480360,反故にする,10392,1,f44e1494t1,gloss,major,反故,废弃,EN scrap与日文反故にする表示废弃，旧译照搬日语汉字。,1,60
1480360,反故にする,10392,3,f44e1494t3,gloss,major,反故,使……无效,make null and void意为使某物无效；旧译‘反故’不是中文表达。,1,60
1480360,反故にする,10392,4,f44e1494t4,gloss,major,反故,背弃,renege指违背承诺/协议，‘反故’是照搬日语汉字，未译义。,1,60
1480360,反故にする,10392,5,f44e1494t5,gloss,major,反故,废除,annul指废除、取消，旧译‘反故’不能表达此义。,1,60
1480360,反故にする,10392,6,f44e1494t6,gloss,major,反故,撤销,revoke指撤销，旧译‘反故’是日语汉字照搬。,1,60
2831398,語弊がある,10452,0,f179e556t0,gloss,major,有语病,容易引起误解,語弊がある指措辞可能造成误解/歧义，‘有语病’通常指语法或用词错误，范围不同。,1,60
1597080,立てこもる,10468,2,f57e823t2,gloss,major,把自己 barricade 在（建筑物）里,把自己困守在（建筑物）里,原译夹入英文barricade；该义是把自己封锁在建筑物内，改为完整中文。,1,60
1597080,立てこもる,10468,3,f57e823t3,gloss,major,把自己 entrench 在……,据守,原译残留英文entrench；词义为盘踞/据守某处。,1,60
1597080,立てこもる,10468,4,f57e823t4,gloss,major,把自己 hole up,躲藏起来,原译残留英文hole up；日语立てこもる表示躲在某处不出，改为中文。,1,60
1183050,卸す,10531,1,f16e113t1,example,major,批发商不会那么轻易地卖给你。,事情不会那么称心如意。,JA是惯用语そうは問屋がおろさない，意为事情不会那么顺遂/如意；原译误按字面说批发商卖货。,1,60
2110080,体操服,10586,3,f106e787t3,example,major,我们的体操服原本只是普通的短裤，但从今天起突然变成了带护腿的短裤。,我们的体育课服装原本只是普通短裤，但从今天起突然改成紧身裤了。,日语スパッツ在此指紧身裤/打底裤；原译误说成带护腿的短裤，偏离服装词义。,1,61
1517020,方策,10626,5,f48e184t5,example,minor,政府采取了振兴国内产业的对策。,政府采取了促进国内产业发展的政策。,日文方策を講じる、英文measures指政府为振兴产业采取政策措施；‘对策’通常偏向针对问题的应对。,1,61
1005330,さり気ない,10750,1,f1e1260t1,gloss,major,冷淡,不露声色的,さり気ない是若无其事、不露痕迹或自然随意的样子，不表示冷淡疏远；原译把unconcerned误解为冷漠。,1,61
1321510,実用的,10767,2,f29e519t2,gloss,major,功利主义的,实用的,日文実用的是实用、讲求用途；英文utilitarian在此指注重实用性，不是政治哲学意义的‘功利主义’。,1,62
1632080,松明,10823,2,f61e1458t2,gloss,minor,火炬之光,火把的光,torchlight指火把发出的光，原译‘火炬之光’易读作专名，未准确表示光源关系。,1,62
1576560,益,10921,5,f53e1915t5,example,critical,劳而无功。,不劳无获。,"日英谚语No pain, no gain意思是不付出就没有收获，原译‘劳而无功’成了付出却无收获，语义相反。",1,62
1437400,適材適所,10958,1,f40e1078t1,example,major,人尽其才。让他摆弄电脑，他肯定能发挥得淋漓尽致。,他绝对适合这份工作。让他摆弄电脑，他马上就精神起来。,日文和EN说他摆弄电脑时会变得兴致勃勃/精神起来；旧译凭空说能发挥得淋漓尽致，擅增能力表现。,1,62
1436090,底抜け,11101,0,f40e843t0,gloss,critical,帝土,无底的（如无底的桶）,EN/Japanese sense is bottomless; original Chinese ‘帝土’ unrelated and corrupt. Restored accurate gloss with example context. ,1,63
1436090,底抜け,11101,1,f40e843t1,gloss,critical,帝道,无边无际的（如善良、乐观等）,EN is unbounded; existing ‘帝道’ is unrelated corrupted text. Added examples from English to distinguish sense. ,1,63
1436090,底抜け,11101,2,f40e843t2,gloss,critical,帝德,无穷无尽的,EN is boundless; existing ‘帝德’ is unrelated corruption. ,1,63
1436090,底抜け,11101,3,f40e843t3,gloss,critical,帝日,极端的,EN is extreme; existing ‘帝日’ is unrelated corruption. ,1,63
1436090,底抜け,11101,4,f40e843t4,gloss,critical,帝庙,毫无拘束的,EN is uninhibited; existing ‘帝庙’ is unrelated corruption. ,1,63
1436090,底抜け,11101,5,f40e843t5,gloss,critical,帝命,轻率的,EN is imprudent; existing ‘帝命’ is unrelated corruption. ,1,63
1436090,底抜け,11101,6,f40e843t6,gloss,critical,帝陵,不谨慎的,EN is indiscreet; existing ‘帝陵’ is unrelated corruption. ,1,63
1436090,底抜け,11101,7,f40e843t7,gloss,critical,底,不守规矩的,EN is undisciplined; existing ‘底’ is incomplete corruption. ,1,63
1436090,底抜け,11101,8,f40e843t8,gloss,critical,底价,粗心的,EN is careless; existing ‘底价’ is unrelated corruption. ,1,63
1436090,底抜け,11101,9,f40e843t9,example,critical,底知れぬ,他是个十足的笨蛋。,EN/JA say absolute fool; existing ‘底知れぬ’ means unfathomable and does not translate the example. ,1,63
1436090,底抜け,11101,10,f40e843t10,gloss,critical,底豆,酒鬼,EN says extremely heavy drinker; existing ‘底豆’ is unrelated corruption. ,1,63
1436090,底抜け,11101,11,f40e843t11,xref,major,底抜け,酒鬼；嗜酒如命的人,xref is the target's gloss for a heavy drinker; current ‘底抜け’ repeats the Japanese headword rather than translating the cited sense. ,1,63
1436090,底抜け,11101,12,f40e843t12,gloss,critical,底本,（市场）暴跌,Finance sense freefall of a market means a rapid collapse; existing ‘底本’ is unrelated corruption. ,1,63
1418150,担架,11131,1,f38e1618t1,gloss,major,轿子,担架,English litter in medical transport sense means a stretcher; ‘轿子’ is a passenger conveyance and does not fit this medical noun. ,1,63
1418150,担架,11131,2,f38e1618t2,gloss,major,手推车,医用推床,"A gurney is a wheeled hospital stretcher/bed, not a handcart. ",1,63
1436070,底知れぬ,11146,0,f40e841t0,gloss,critical,底本,深不可测的,EN bottomless; existing ‘底本’ is unrelated corruption. ,1,63
1436070,底知れぬ,11146,1,f40e841t1,gloss,critical,底本,无限的,EN unlimited; existing ‘底本’ is unrelated corruption. ,1,63
1436070,底知れぬ,11146,2,f40e841t2,gloss,critical,底本,不可估量的,EN immeasurable; existing ‘底本’ is unrelated corruption. ,1,63
1436070,底知れぬ,11146,3,f40e841t3,gloss,major,底なし,无穷无尽的,EN inexhaustible; existing ‘底なし’ is an incomplete literal fragment. ,1,63
1219580,寄せ集め,11209,6,f19e1077t6,example,major,两人是伴侣，三人是杂凑的群体。,两人正好，三人嫌多。,"EN proverb Two's company, three's a crowd means a third person can disrupt an intimate pair; ‘三人是杂凑的群体’ misses the idiomatic point. ",1,64
2418800,其の時は其の時,11249,0,f135e889t0,gloss,critical,総ての道はローマに通ず,等到了那时候再说,日文その時はその時与英文we'll cross that bridge when we get there同义；原译‘条条大路通罗马’是完全无关的谚语。,1,64
2418800,其の時は其の時,11249,1,f135e889t1,gloss,critical,凡ての道はローマに通ず,到时候再想办法,日英均指问题到时再处理，原译‘凡是道路通罗马’是错误的谚语。,1,64
2418800,その時はその時,11250,0,f135e888t0,gloss,critical,すべての道はローマに通ず,等到了那时候再说,日文その時はその時与英文we'll cross that bridge when we get there同义；原译‘条条大路通罗马’无关。,1,64
2418800,その時はその時,11250,1,f135e888t1,gloss,critical,全ての道はローマに通ず,到时候再想办法,日英均指问题到时再处理，原译‘条条大路通罗马’是错误的谚语。,1,64
1302860,山菜,11330,0,f27e934t0,gloss,major,野菜,可食用的野生植物,山菜指可食用的野生植物/野菜，‘野菜’容易被理解为栽培蔬菜，漏掉野生限定。,1,64
2670940,あんまし,11509,8,f158e1674t8,gloss,major,少し,不太,该义标注与否定句连用，EN not very；旧译‘少し’表示一点点，漏掉否定。,1,65
2670940,あんまし,11509,9,f158e1674t9,gloss,major,少し,不多,该义在否定句中使用，EN not much；旧译‘少し’未表达否定。,1,65
2832775,ブラフ,11535,0,f180e1192t0,gloss,minor,虚张,虚张声势,bluff指虚张声势，原译‘虚张’是不完整搭配。,1,65
1690540,薄笑い,11623,0,f67e975t0,gloss,minor,苦笑,淡淡的微笑,薄笑い表示浅浅一笑/淡淡的微笑，不必然含有‘苦’的情绪；原译缩窄成苦笑。,1,66
1473890,売り渡す,11662,1,f44e197t1,example,major,以财产为结婚对象的人，是在出卖自己的自由。,为财富而结婚的人，是在出卖自己的自由。,英日谚语说为了财富而结婚的人出卖自由；原译‘以财产为结婚对象’容易误解为嫁给财产，未表达动机。,1,66
1064980,ジャーナリスト,11664,1,f6e789t1,example,minor,那位记者是所谓的国际人。,那位记者是所谓的国际化人士。,日文国際人和英文cosmopolitan指具有国际视野、熟悉国际事务的人；‘国际人’在中文不自然。,1,66
1356520,条件付き,11734,1,f32e1216t1,gloss,major,有资格的,有保留的,条件付き表示附有条件或限制；qualified 在此是有保留、受限制的意思，不是具备资格。,1,67
1356920,蒸れる,11753,4,f32e1307t4,gloss,minor,变得潮湿,出汗,sense 2 的 become sweaty 指出汗；原译“变得潮湿”没有表达出汗。,1,67
1573740,酩酊,11783,1,f53e1228t1,gloss,major,中毒,醉态,酩酊及英文 intoxication 在此指醉酒状态；“中毒”通常指毒物造成的中毒，义项错误。,1,67
1576690,奥地,11864,0,f53e1953t0,gloss,minor,内地,内陆地区,奥地指偏远的内陆地区；“内地”在现代中文容易理解为大陆，与词义不够吻合。,1,67
1576690,奥地,11864,3,f53e1953t3,gloss,major,后方,偏远地区,back regions 在奥地的义项中指偏远地区；“后方”会误解为军事或方位上的后方。,1,67
2732210,悪目立ち,11871,0,f164e1312t0,gloss,major,引人注目,惹眼（令人反感地）,悪目立ち和 obtrusive 都含不合时宜、惹人反感地显眼；原译“引人注目”遗漏了贬义。,1,67
1581110,前金,11873,2,f54e1287t2,example,minor,请预付可以吗？,可以请您预付吗？,日文及英文都是请求对方提前付款；原译“请预付可以吗”语序不通顺。,1,67
2075720,お手柔らか,11879,5,f102e1883t5,xref,minor,① 温和地；温和地；宽容地,① 温柔地；温和地；宽容地,交叉引用是お手柔らか的副词义，英文列出 gently、mildly、leniently；原译重复“温和地”而遗漏 gently 的温柔地。,1,67
1727900,一言一句,11907,0,f71e404t0,gloss,minor,每一个字和短语,一字一句,一言一句指每个字、每句话；“每一个字和短语”是生硬直译，且短语并非此处语义重点。,1,67
2274640,モブ,11931,3,f123e1223t3,gloss,major,游戏人群,游戏中的小怪,电子游戏语境的 mob 指敌方杂兵或小怪；“游戏人群”按普通人群理解，未表达游戏术语义。,1,68
2725150,出ておいで,11935,0,f164e112t0,gloss,minor,出来！,出来吧！,出ておいで是催促对方出来的口语命令；“出来！”在中文中易读作陈述或生硬命令，补出语气更合适。,1,68
1090960,ニーズ,11996,3,f8e529t3,example,major,本公司对贵公司的系统没有需求。,本公司不需要贵公司的系统。,日文明确说本公司对贵公司的系统没有需求；原译“本公司对贵公司的系统没有需求”有歧义且搭配不自然，容易读成系统对公司没有需求。,1,68
1382830,石油,12021,4,f35e523t4,gloss,major,石蜡,煤油,此为口语义 kerosene/paraffin（英式英语指煤油）；中文“石蜡”是蜡状烃，不是燃料煤油。,1,68
1382830,石油,12021,5,f35e523t5,xref,major,煤油；石蜡；灯油,煤油；煤油；灯油,交叉引用的英文列出 kerosene、paraffin、lamp oil；paraffin 在该英式用法中是煤油，不是石蜡。,1,68
1320090,失墜,12029,4,f29e206t4,example,major,无论理由如何，好不容易使贸易步入正轨，却让其陷入失坠，这是极大的失态。,无论理由如何，好不容易使贸易步入正轨，却又让贸易遭受挫折，实在是个大失误。,日文说使好不容易步入正轨的贸易失坠是重大失态；原译“陷入失坠”不成中文且误用了“失态”所指对象。,1,68
2192870,大富豪,12117,0,f114e1614t0,gloss,minor,极富人,巨富,extremely rich person 指巨富；“极富人”不是自然的中文词组。,1,69
2192870,大富豪,12117,4,f114e1614t4,gloss,major,大富豪,大贫民,大富豪纸牌游戏的反义角色名 daihinmin 是大贫民；原译误写成大富豪。,1,69
2192870,大富豪,12117,6,f114e1614t6,xref,major,大富豪；大富豪,大贫民；大富豪,交叉引用分别列出 daihinmin（大贫民）和 daifugō（大富豪）；原译将两者都译成大富豪。,1,69
1154700,暗黙,12130,0,f13e417t0,gloss,major,默然,心照不宣的,暗黙及 tacit 指未明说、默认或心照不宣；“默然”指沉默的状态。,1,69
1204750,骸骨,12160,1,f18e175t1,example,major,每家每户的衣柜里都有骸骨。,每个家庭都有不可告人的秘密。,英文和日文都是“家家都有秘密”的习语；原译把 skeleton in the closet 按字面译成衣柜里的骸骨。,1,69
2797300,出しっぱなし,12184,1,f171e145t1,example,major,别把水放着不管。,别让水一直流着。,日文是不要让水一直流出；原译“放着不管”漏掉了水龙头持续开着的关键含义。,1,69
2402680,気を利かせる,12218,0,f133e1620t0,gloss,major,使用 tact,运用机智,英语 tact 残留未译；气を利かせる指机灵体贴地行事。,1,69
2402680,気を利かせる,12218,1,f133e1620t1,gloss,major,行使 discretion,行事审慎,discretion 残留未译；按英语和日文义项应译为审慎斟酌。,1,69
2402680,気を利かせる,12218,2,f133e1620t2,gloss,major,变得 tactful,善解人意,tactful 残留未译；该义表示体贴、善于察言观色。,1,69
2402680,気を利かせる,12218,3,f133e1620t3,gloss,major,变得 thoughtful,体贴周到,thoughtful 残留未译；该义表示体贴周到，而非“变得 thoughtful”。,1,69
2402680,気を利かせる,12218,4,f133e1620t4,gloss,major,有 sense（去做）,有判断力，懂得（去做）,sense 残留未译；日文及英语指有判断力地采取恰当行动。,1,69
2402680,気を利かせる,12218,5,f133e1620t5,gloss,major,领会 hint,会意；领会言外之意,hint 残留未译；take a hint 是领会暗示，而非只把 hint 原样保留。,1,69
1055660,サイコ,12270,0,f5e1385t0,gloss,major,精神,心理,日文词头在 psycho horror 中表示心理相关；“精神恐怖片”容易被理解成精神病题材。,1,69
1055660,サイコ,12270,1,f5e1385t1,example,major,近年来，处理人类心理之谜的精神恐怖片也很受欢迎。,近年来，探讨人类心理之谜的心理恐怖片也很受欢迎。,日文和英文均指心理恐怖片；原译“精神恐怖片”容易误解为精神疾病题材。,1,69
1436120,底力,12274,0,f40e852t0,gloss,critical,底豆,深藏的力量,底力是隐藏的力量或潜力；“底豆”与词义无关。,1,69
1436120,底力,12274,1,f40e852t1,gloss,critical,底抜け,潜在力量,latent energy 指潜在力量；“底抜け”不是该义项的中文译文。,1,69
1436120,底力,12274,2,f40e852t2,gloss,critical,底本,潜力,potentiality 指潜力；“底本”是底稿或版本学用语，与词义无关。,1,69
1436120,底力,12274,3,f40e852t3,gloss,critical,底本,真正的实力,real strength 指真正实力；“底本”与词义无关。,1,69
1436120,底力,12274,4,f40e852t4,example,critical,底本,他的声音很有力量。,日文说声音中蕴含深厚力量；英文例句明显不符日文，按日语源句修正，原译“底本”完全错误。,1,69
1950840,泣く泣く,12279,4,f91e66t4,example,major,上周左右也邀请过我，但时间太晚了，我含泪拒绝了。,上周左右也有人邀请我，不过时间太晚，所以我只好很不情愿地拒绝了。,泣く泣く在此是勉强、不情愿地拒绝；日文没有哭泣，原译“含泪拒绝”凭空增加情绪和动作。,1,69
1571050,にべもない,12286,0,f53e611t0,gloss,major,干脆的,冷淡的,にべもない指冷淡无情、毫不客气；“干脆的”会被理解为爽快果断。,1,69
1145740,レパートリー,12306,2,f12e636t2,example,major,我的烹饪 repertoire 有限。,我会做的菜不多。,日文说擅长烹饪的菜式有限；原译保留英文 repertoire，属于未译字段。,1,70
1670150,血みどろ,12321,4,f65e1131t4,gloss,major,绝望的,拼命的,第二义的 desperate 指不顾一切、拼命的状态，不是绝望的情绪。,1,70
1670150,血みどろ,12321,5,f65e1131t5,gloss,minor,疯狂的,慌乱的,frantic 指慌乱、狂乱；“疯狂的”将其误解为疯癫。,1,70
1151960,悪ノリ,12330,0,f12e1753t0,gloss,minor,过度,得意忘形,悪ノリ表示玩笑或行动过头、得意忘形；“过度”只是抽象程度，不能表达该义。,1,70
2026590,なんと言っても,12345,5,f98e262t5,example,major,《爱与哀愁》虽然很受欢迎，但怎么说呢，那是一部画面非常精美的电影。,《走出非洲》虽然很受欢迎，但归根结底，它是一部以画面优美见长的电影。,日文电影名愛と哀しみの果て对应《走出非洲》；何といっても是“说到底/毕竟”，原译“爱与哀愁”和“怎么说呢”均未准确表达。,1,70
1502620,物真似,12352,3,f46e1542t3,example,minor,经过尝试，发现亚历克斯并非只是在模仿。,经过测试，发现亚历克斯并非只是在模仿。,英文 tests showed 指测试结果表明；原译“经过尝试”把测试误作尝试。,1,70
2036080,鬱,12381,4,f99e137t4,gloss,critical,抑郁,繁茂的,植被的鬱表示繁茂、茂盛；“抑郁”是同形汉字的假朋友，义项完全错误。,1,70
1458900,内通者,12449,0,f42e1485t0,gloss,major,间谍,内鬼,mole 指潜伏在组织内部的内鬼；“间谍”泛指从事间谍活动的人，漏掉内部身份。,1,70
1014270,アイデンティティ,12491,1,f2e1020t1,example,major,一旦脱离了国家文化与身份这一核心问题，比较文学便会失去其方向性。,一旦脱离了国家文化与身份认同这一核心问题，比较文学便会失去方向。,此处 identity 与国家文化并列，指身份认同；原译“身份”未表达认同这一核心概念。,1,70
2077810,各方面,12534,0,f103e295t0,gloss,minor,四面八方,各个方面,各方面指各个领域或方面；“四面八方”通常指地理方向，容易误导。,1,71
2077810,各方面,12534,1,f103e295t1,gloss,minor,各方,各个方面,all sides 在此与日文各方面对应，指各个方面；“各方”不够完整自然。,1,71
1342110,巡査,12558,0,f31e479t0,gloss,major,警察,警察官,巡査指警察人员；“警察”通常指警察机关或警务系统，不是具体人员。,1,71
1342110,巡査,12558,1,f31e479t1,gloss,major,警察,警察官,policeman 指警察人员；原译“警察”只指警察机关或系统。,1,71
1238460,蕎麦,12562,0,f21e759t0,gloss,major,荞麦面,荞麦,英文 sense 1 指 buckwheat 谷物；“荞麦面”指加工后的面条。,1,71
1238460,蕎麦,12562,2,f21e759t2,info,critical,在长野的朋友来访时，我品尝了美味的荞麦面。,日本荞麦制成的面条,这是日本荞麦面的定义信息；原译误放入了例句译文，字段内容错位。,1,71
1238460,蕎麦,12562,3,f21e759t3,example,critical,荞麦面,我去长野拜访朋友时，受邀吃了美味的荞麦面。,英文和日文例句都说访友时受邀吃荞麦面；原译仅有菜名，实际把例句放进了 info 字段。,1,71
1238460,蕎麦,12562,4,f21e759t4,xref,major,荞麦（Fagopyrum esculentum）,日本荞麦面,交叉引用对象是 soba（日本荞麦面）；原译错成荞麦植物及其学名。,1,71
1238460,蕎麦,12562,5,f21e759t5,gloss,major,荞麦面,中式小麦面条,该义英文明确是 Chinese-style wheat noodles；原译“荞麦面”把小麦面错成荞麦面。,1,71
1256100,強か,12571,5,f23e227t5,gloss,minor,严厉地,严重地,此处 severely 是程度副词“严重地”；“严厉地”用于态度或惩罚方式，词义不合。,1,71
1256100,強か,12571,7,f23e227t7,gloss,minor,强硬地,用力地,副词 hard 表示用力、猛烈；“强硬地”修饰态度，不适合作副词释义。,1,71
1400400,巣食う,12592,8,f37e23t8,gloss,major,心中盘算,盘踞在心中,此义的英文原意为在心中潜伏，日文巣食う指盘踞；“心中盘算”变成了谋划。,1,71
1928690,からっきし,12642,0,f88e1854t0,gloss,minor,相当,（不）全然,からっきし主要用于否定句，表示完全不；单写肯定的“相当”会误导其否定搭配。,1,71
1848860,盛り付ける,12695,2,f83e492t2,example,minor,那道菜总是这样艺术地盛装。,那道菜的摆盘总是如此精美。,日文说菜肴总是被艺术地摆盘；原译“艺术地盛装”不自然。,1,72
1599670,並外れる,12733,1,f57e1788t1,example,major,他虽算不上卓越，但确实出类拔萃。,他虽说不上出类拔萃，却也很优秀。,日文和英文都说即便不称作超群，他仍然优秀；原译前半说不卓越、后半却又说出类拔萃，自相矛盾。,1,72
2249470,極めつけ,12740,2,f120e1926t2,example,minor,那是残酷命运的极致例证。,那是残酷命运的典型例证。,极めつけの例指最典型、最能说明问题的例子；“极致例证”是生硬直译。,1,72
1390840,浅黒い,12768,0,f36e231t0,gloss,minor,黑的（皮肤、肤色等）,肤色较深的,浅黒い指肤色较深、黝黑；单译“黑的”程度过强，也缺少肤色语境限定。,1,72
2673710,ガチで,12814,0,f159e178t0,gloss,minor,认真地,真的,口语ガチで作副词时表示真的、确实；“认真地”只覆盖严肃认真做事的语境。,1,72
1393020,前座,12834,2,f36e661t2,gloss,major,开场白,开场表演,curtain raiser 指主节目之前的短表演；“开场白”指开场讲话，类别错误。,1,72
1606690,枠組み,12861,5,f59e540t5,example,minor,这里的问题在于，要创造出能够概观社会趋势的框架。,问题在于建立一种能够概述社会趋势的框架。,日文与英文都指建立一个用来概述社会趋势的分析框架；原译“创造出能够概观”搭配生硬。,1,72
1146500,ローター,12910,1,f12e766t1,gloss,minor,爱蛋,跳蛋,该义是蛋形振动器的俗称；中文常用名称为“跳蛋”，直译“爱蛋”不能指明这种用品。,1,73
1517760,芳香,12927,0,f48e289t0,gloss,major,香水,香气,芳香指气味或香气；英语 perfume 在此作香气义，不是供使用的香水。,1,73
1278470,広域,12975,1,f25e286t1,gloss,major,（数字显示地图的）广角视图,（数字地图的）大范围视图,电子地图语境中的 wide view 指缩小比例后显示的大范围区域；“广角视图”指镜头视角。,1,73
1937260,実際問題,12977,3,f89e1555t3,example,minor,嘛，实际上，在那种流言蜚语纷纷扬扬之中，我觉得能继续维持部活动就已经很了不起了。,嗯，说到实际情况，在流言四起的情况下，我很惊讶那个社团竟然还维持得下去。,日文部活指社团活动/社团；“维持部活动”不是自然中文，改为社团维持运作。,1,73
2268150,守,13046,0,f122e1844t0,gloss,major,令（律令制下地方长官）,国守（律令制下的地方长官）,历史职官守（かみ）是国司中的长官；日文权威辞典说明其为国的长官，原译“令”误作另一职名。,1,73
2268150,守,13046,1,f122e1844t1,xref,major,地方官员（律令制下；特别是令）,地方官员（律令制下，尤指国守）,该交叉引用指日本律令制地方官，尤其是国守；原译将 governor 错写为“令”。,1,73
2268150,守,13046,2,f122e1844t2,xref,major,令（律令制下四个行政职位的最高职位）；长官,守（律令制四等官中的最高职位）；长官,守是律令制四等官中地方国司的最高职；原译“令”与源文官职不符。,1,73
1203420,外回り,13050,1,f17e1934t1,gloss,major,外围,周长,perimeter 与外回り的几何义指周长；“外围”指外围区域，不是边界长度。,1,73
2073120,拓く,13056,1,f102e1462t1,gloss,minor,清除（道路）,打通（道路）,clear the way 指清出或打通道路；“清除（道路）”会误解成清除道路本身。,1,73
2073120,拓く,13056,4,f102e1462t4,xref,minor,⑨开辟（新土地、道路等）；清除；开发,⑨ 开辟（新土地、道路等）；打通；开发,交叉引用中的 clear 指打通道路、清出通路；“清除”缺少道路上的障碍物这一语义。,1,73
2559860,口が裂けても,13063,0,f147e1879t0,gloss,critical,非常深,无论如何也不（说）,口が裂けても与否定搭配，表示无论如何也不肯说；原译“非常深”完全不符。,1,73
2559860,口が裂けても,13063,2,f147e1879t2,example,critical,瓦屋顶,他无论如何也不肯说“是”。,日文例句说他即使嘴裂开也不会说“是”；原译“瓦屋顶”与例句毫无关系。,1,73
2559860,口が裂けても,13063,3,f147e1879t3,xref,critical,悲伤,无论如何也不肯说；即使受到威胁也不愿透露,交叉引用是无论如何也不说、受威胁也不肯透露的意思；原译“悲伤”完全不符。,1,73
1067330,スイング,13100,2,f6e1117t2,gloss,major,摇摆,摆拳,拳击术语 swing 指摆拳；“摇摆”只是普通的晃动。,1,74
2777600,グルル,13176,0,f169e77t0,gloss,minor,咕噜,低吼声,グルル是低沉的咆哮声；“咕噜”通常表示液体声或肚子声。,1,74
1649750,毒気,13194,3,f63e901t3,gloss,major,毒质,有毒成分,poisonous ingredient 指有毒的成分；“毒质”不是清楚自然的中文术语。,1,74
1581990,摘みとる,13217,3,f54e1543t3,example,minor,这种水果还远没有成熟到可以采摘的程度。,这种水果还没熟到可以采摘的程度。,日文与英文都说水果还不够成熟，原译额外加入“远没有”而改变程度。,1,74
2842453,ただの一度も,13231,0,f189e1835t0,gloss,major,（不）一次,（连）一次也不,ただの一度も与否定动词搭配表示一次也没有；原译“（不）一次”语序错误。,1,74
2842453,ただの一度も,13231,1,f189e1835t1,gloss,major,（不）一次,从未,with neg. verb 的 ever 应表达从未；原译“（不）一次”不对应 not ever。,1,74
1183390,温室,13265,1,f16e181t1,gloss,major,暖房,温室,hothouse 指温室；“暖房”指供暖房间，未表达温室设施。,1,74
1183390,温室,13265,2,f16e181t2,gloss,minor,暖棚,温室,conservatory 的此义是玻璃温室或温室；“暖棚”不是准确的中文常用译名。,1,74
1183390,温室,13265,3,f16e181t3,gloss,major,玻璃暖房,玻璃温室,glasshouse 指玻璃温室；“玻璃暖房”将 greenhouse 误作暖房。,1,74
1475760,迫真,13271,1,f44e606t1,gloss,major,生动,逼真,true to life 指逼真、如实；“生动”只表示鲜活有感染力。,1,74
1787050,大儀,13277,1,f77e222t1,example,critical,他们为自由这一重大典礼而战。,他们为自由事业而战。,日文大儀在此指重要事业、正义事业；现译“重大典礼”混淆了仪式义，与为自由而战不合。,1,74
1010980,吹かす,13309,5,f2e375t5,gloss,major,赛车,使发动机高速运转,体育/发动机语境下 race 是使发动机高速运转；“赛车”变成车辆或竞赛名词。,1,75
1010980,吹かす,13309,7,f2e375t7,xref,major,轰油门；赛车,轰油门；使发动机高速运转,交叉引用的 race an engine 指让发动机高速运转；“赛车”误解为汽车竞赛。,1,75
2526230,下に見る,13334,1,f144e1873t1,gloss,major,俯视,居高临下地对待,condescend 指以高人一等的态度对待；“俯视”只指从上向下看。,1,75
1227480,休ませる,13361,0,f20e762t0,gloss,major,使（某人）休息,准许（某人）休息或离开,excuse someone 指准许其免于当前工作/活动；仅译“使休息”遗漏了许可、免除义务的意思。,1,75
1255340,血潮,13372,0,f23e108t0,gloss,minor,血涌,一股鲜血,spurt of blood 指喷涌出来的一股血；“血涌”不是自然的中文名词表达。,1,75
1579580,次,13379,6,f54e811t6,gloss,major,时间,次；次数,作计数后缀时次表示次数；“时间”会误导为time的时间义。,1,75
1579580,次,13379,7,f54e811t7,gloss,major,时间,次；次数,作计数后缀时times表示次数；“时间”不符合“第二次世界大战”的用法。,1,75
1309620,思慮深い,13413,3,f28e232t3,example,minor,他是一个非常深思的人。,他是一个考虑周全的人。,思慮深い表示思虑周到；原译“深思的人”搭配生硬，误把thoughtful名词化成深思。,1,75
2839184,輪になる,13421,2,f186e1729t2,example,minor,我们围着老师围成了一个圈。,我们围着老师站成一圈。,日文和英文都说围着老师形成一圈；原译“围着……围成”重复用词。,1,75
1802400,まとめ役,13454,2,f78e1250t2,gloss,major,故障排除者,问题协调者,まとめ役和 troubleshooter 在此指协调、处理问题的人；“故障排除者”局限于维修故障。,1,75
1013880,アイアン,13466,0,f2e960t0,gloss,major,铁,铁杆（高尔夫球杆）,高尔夫语境的 iron 是铁杆球杆；“铁”只译金属元素，与词头的运动义不符。,1,75
2835713,恥を知れ,13489,0,f183e839t0,gloss,major,羞耻心！,真可耻！,for shame! 是责斥对方的感叹“真可耻”；“羞耻心”是名词。,1,75
2835713,恥を知れ,13489,1,f183e839t1,gloss,major,羞耻心！,你真该感到羞耻！,shame on you! 是责备对方；原译“羞耻心”没有表达责斥语气。,1,75
2835713,恥を知れ,13489,2,f183e839t2,gloss,major,羞耻心！,真不知羞耻！,作为感叹词，shame! 表达斥责或羞耻；原译是孤立名词，不能充当感叹。,1,75
1096220,ハモる,13581,0,f8e1290t0,gloss,major,和谐,唱和声,ハモる是唱出和声；“和谐”只说抽象的协调，不是音乐动作。,1,76
1096220,ハモる,13581,1,f8e1290t1,gloss,major,和谐,唱和声,此义是歌唱或演奏时形成和声；原译“和谐”过于抽象。,1,76
1096220,ハモる,13581,2,f8e1290t2,gloss,minor,处于和谐状态,和声相合,in harmony 在此是音乐上的和声相合；“处于和谐状态”不符合口语音乐义。,1,76
1250890,桂,13591,0,f22e969t0,gloss,critical,日本水青冈（Cercidiphyllum japonicum）,连香树（Cercidiphyllum japonicum）,Cercidiphyllum japonicum 的中文名是连香树；“日本水青冈”是不同属种的山毛榉科树木。,1,76
1250890,桂,13591,1,f22e969t1,gloss,critical,日本水青冈,日本连香树,Japanese Judas tree 指连香树；原译“日本水青冈”误指另一树种。,1,76
2842068,せやな,13601,3,f189e1147t3,xref,minor,那是正确的；确实如此；啊，原来如此,没错；确实如此；啊，对了,せやな是表示赞同或想起某事的关西口语；“那是正确的”是对英语逐字硬译。,1,76
2011090,射し込む,13608,4,f96e1482t4,example,major,光线从画框外的大窗射入。,光线从画中未描绘的大窗户射进来。,日文说光从画中没有画出来的大窗户射入；原译“画框外的大窗”误说窗户的位置在画框外。,1,76
1071590,ストロベリー,13611,1,f6e1759t1,example,minor,我所有的莓类都喜欢，但特别喜欢草莓。,我喜欢所有莓果，尤其是草莓。,日文和英文说喜欢所有浆果，尤其是草莓；原译“我所有的莓类都喜欢”语序生硬。,1,76
1634730,致し方,13620,3,f62e3t3,gloss,major,资源,办法,致し方列出的是way/resource的办法、途径义；“资源”会被理解为物资或资源，不是行事方法。,1,76
1634730,致し方,13620,5,f62e3t5,xref,major,方式；方法；手段；资源；途径,方式；方法；手段；办法；途径,交叉引用中的 resource 在这里指可用的办法或手段，不是物质资源。,1,76
1643450,大助かり,13633,0,f62e1787t0,gloss,minor,大帮助,很大的帮助,大助かり表示帮了大忙；“大帮助”不是自然中文搭配。,1,76
1606460,朗々,13701,3,f59e434t3,gloss,minor,共鸣,有共鸣的,resonant 是形容声音清晰洪亮且有回响；原译“共鸣”只给出名词，未提供相应中文释义。,1,77
1301230,三男,13716,0,f27e590t0,gloss,critical,三个儿子,第三个儿子,三男指第三个儿子，不是三个儿子；原译把序数误成数量。,1,77
2851589,唐梨,13725,0,f198e643t0,gloss,major,中国梨（Pseudocydonia sinensis）,木瓜（Pseudocydonia sinensis）,英文和拉丁学名指中国木瓜；中国植物志将其相关分类名列为木瓜，“中国梨”不是对应植物名。,1,77
1074830,セルフ,13791,2,f7e217t2,gloss,major,自助,自我-,英语前缀 self- 对应自我-或自-；“自助”是 self-service 的译法，不是前缀义。,1,77
2158920,疎かにする,13816,4,f111e692t4,example,minor,我对自己忽视了健康感到后悔。,我后悔忽视了自己的健康。,日文和英文都说后悔忽视健康；原译“对自己忽视了健康感到后悔”句式不自然。,1,77
1419410,弾圧,13820,2,f38e1891t2,gloss,major,压力,施压,弾圧在此指对人民施加压迫；“压力”是一般心理或物理压力，没有表达施压行为。,1,77
1313290,歯茎,13826,2,f28e998t2,example,major,牙龈有没有疼的地方？,有什么东西碰到牙龈吗？,日文和英文都在询问有无东西碰到牙龈；原译改成牙龈疼痛，改变了问句内容。,1,77
1155130,以心伝心,13855,4,f13e492t4,example,major,我和他关系好到说一知二，可以说是心传。,我和他之间几乎心有灵犀。一个人刚说出口，另一个人就已经接上话了。,英文和日文例句说两人默契到一个刚开口，另一个就回应；原译“说一知二”“心传”不自然且表达有偏差。,1,77
1206120,ツノ,13866,4,f18e437t4,gloss,major,触手（如蜗牛的）,触角（如蜗牛的）,蜗牛的角是触角或触须；中文“触手”通常指腕足，动物结构名称错误。,1,77
2055610,嗜み,13877,9,f101e97t9,example,minor,即使不是大多数，许多人也将文学趣味视为一种高雅的修养。,许多人，即使不是大多数，也把文学品味视为一种高雅的修养。,日文与英文都指文学鉴赏品味；原译“文学趣味”易误解为文学兴趣或爱好。,1,77
1339240,出場者,13917,0,f31e0t0,gloss,major,参赛者,参加者,出場者意为参加活动或出场的人；英文 participants 并未限定竞赛，原译“参赛者”把范围缩窄。,1,78
2871140,中性的,13920,0,f217e579t0,gloss,critical,雌雄同体的,雌雄莫辨的,androgynous 指外表或性别气质兼具男女特征；“雌雄同体”是生物学上的双性个体。,1,78
2650640,ティータイム,13945,2,f156e1680t2,gloss,minor,茶点时间,咖啡休息时间,coffee break 指喝咖啡的休息时间；“茶点时间”只对应 teatime。,1,78
1077170,ダメ押し,13965,2,f7e522t2,gloss,major,保险跑垒（棒球）,保险分（棒球）,棒球中的 insurance run 是额外保险分；“跑垒”指跑垒动作，不是得分。,1,78
1114850,ブロー,13974,2,f10e155t2,gloss,major,拳击,一拳,拳击语境中的 punch 指一记拳头击打；“拳击”通常指这项运动本身。,1,78
2839166,ちょっとしか,14064,0,f186e1691t0,gloss,minor,（除了）一点点,只有一点点,ちょっとしか与否定动词搭配表示只有一点；原译“除了……一点点”误解了しか的限制含义。,1,78
1046540,グラタン,14116,0,f5e23t0,gloss,minor,烤菜,焗烤菜肴,gratin 指带焗烤表层的菜肴；“烤菜”过于宽泛，普通烤菜不一定是gratin。,1,78
1264490,言質,14134,3,f23e1907t3,example,major,他被人抓住了把柄。,他被人套出了口头承诺。,言質をとられた／got himself committed 是被人取得承诺，旧译“抓住把柄”改变成被抓到弱点。,1,79
1865180,飾り気の無い,14150,1,f84e1238t1,gloss,major,不受影响,不做作,飾り気の無い的 unaffected 指自然、不矫饰；“不受影响”误解了 unaffected 的语义。,1,79
1029970,エメラルド,14228,0,f3e1511t0,gloss,major,翡翠,祖母绿,エメラルド是 emerald 宝石，中文“翡翠”通常指 jadeite，属于宝石种类错译。,1,79
1290240,根絶,14281,5,f26e626t5,example,major,人类的野蛮性绝不能被根除。,人类的野蛮性绝不可能彻底根除。,日文根絶できない与英文 never quite eradicated 表示无法彻底消除，旧译“绝不能被根除”变成禁止根除。,1,79
1295300,祭典,14306,1,f26e1462t1,example,major,那场王室婚礼是一场盛大的祭典。,那场王室婚礼是一场盛大的庆典。,日文祭典及英文 magnificent occasion 描述盛大庆典；中文“祭典”专指祭祀仪式，不适用于王室婚礼。,1,79
2197800,尻をたたく,14327,3,f115e637t3,example,major,佐藤夫人拍儿子的屁股，让他努力学习。,佐藤夫人督促儿子努力学习。,尻をたたいて勉強させた在句中是敦促、鞭策其学习，英文 pushed 也支持此义；旧译将惯用义误作拍打屁股。,1,79
2233350,ヘロヘロ,14373,3,f119e381t3,gloss,major,极度沮丧,极度疲惫,ヘロヘロの义项为 dreadfully weary，表示极度疲惫；旧译“极度沮丧”误换成情绪低落。,1,80
2858251,ブローチ,14386,0,f204e1442t0,gloss,minor,开槽刀,拉刀,broach 作为切削工具的通用中文名称是拉刀；开槽刀把用途缩窄为开槽。,1,80
1232780,虚像,14425,2,f20e1762t2,gloss,major,虚像,假象,此处虚像是 false image 的一般义，需译为假象；“虚像”只对应前一物理学义项。,1,80
1232780,虚像,14425,3,f20e1762t3,gloss,major,虚像,伪装,pretense 是伪装、假装出来的表象；旧译“虚像”是物理学专义，不能用于此义。,1,80
1583280,美男子,14510,1,f54e1938t1,example,minor,当时，我有一种自认为自己是美男子的倾向。,当时，我常觉得自己是个美男子。,旧译“有一种自认为自己是美男子的倾向”生硬且重复；对应日英文义是当时常自以为长得英俊。,1,80
1519500,暴徒,14554,2,f48e645t2,gloss,major,暴徒,叛乱者,暴徒的此项英文明示 insurgents，指参与叛乱的人；“暴徒”无法表达其反叛身份。,1,80
2854251,撃ち捲る,14572,1,f201e39t1,gloss,minor,扫射,不断开火,fire away 表示持续开火，扫射额外加入横向扫射动作，原义没有这一限定。,1,80
1455080,特色,14599,3,f42e350t3,gloss,minor,区别性品质,区别性特征,distinguishing quality 指有区分作用的特征；“区别性品质”搭配不自然且易误解为品质好坏。,1,81
1844600,早死に,14679,1,f82e1490t1,gloss,major,非正常死亡,过早死亡,untimely death 是过早、非适时的死亡；“非正常死亡”会误指非自然死因。,1,81
2849440,憎まれ口を叩く,14707,0,f196e715t0,gloss,major,说刻薄话（关于）,说……的坏话,憎まれ口を叩く的释义是说招人厌的刻薄话，English about 是宾语关系；旧译“关于”未给出中文搭配。,1,81
1128940,マネー,14716,1,f11e265t1,example,major,“我说让你把钱付了。”“快点把钱给我，小野！”,“我说让你把钱付了。”“快把钱交出来！”,日文末尾的“ネ”是语气成分，句中没有名为小野的人；旧译把语气误作人名并凭空添加称呼。,1,81
1603900,巻物,14718,11,f58e1428t11,xref,major,卷寿司；回转寿司；寿司卷,卷寿司；寿司卷；寿司卷,EN sushi roll 是寿司卷，不是回转寿司；旧译混淆了卷寿司与传送带寿司。,1,81
1384180,切り殺す,14723,2,f35e802t2,gloss,minor,处斩,用刀剑斩杀,put to the sword 表示以刀剑杀死；“处斩”额外限定为司法处决。,1,81
1560850,泄れ,14733,5,f52e661t5,gloss,major,自己,我,网络俗语中的一人称 me 是“我”；“自己”是反身代词，语义不同。,1,81
1349000,少佐,14761,0,f31e1744t0,gloss,major,大尉,少校,日文军衔少佐对应英文 major；大尉是上一级语境中被比较的上尉，旧译把军衔译成上尉。,1,82
1674080,馬上,14782,0,f65e1817t0,gloss,major,（在）马上,（在）马背上,馬上在此是 on horseback，中文“马上”容易且通常会被读作“立刻”，应明确为马背上。,1,82
1674080,馬上,14782,2,f65e1817t2,example,major,请看那匹马上那位骑士。,看看那位骑在马背上的骑士。,日文及英文都指马背上的骑士；旧译“那匹马上那位骑士”误把马上当作时间副词，句子也不通。,1,82
1358290,食べ過ぎ,14786,0,f32e1595t0,gloss,minor,暴饮暴食,过量进食,食べ過ぎ／overeating 只指吃得过多；“暴饮暴食”额外加入饮酒含义。,1,82
1358290,食べ過ぎ,14786,1,f32e1595t1,example,minor,他注意不要暴饮暴食。,他注意避免吃得过多。,日文食べ過ぎ与英文 overeating 都只说过量进食；旧译“暴饮暴食”加入了没有的饮酒义。,1,82
1455950,独創的,14820,0,f42e510t0,gloss,minor,创造性,有创造性的,此形容词的 creative 义应为“有创造性的”；旧译“创造性”是名词。,1,82
1455950,独創的,14820,1,f42e510t1,gloss,minor,独创性,独创的,形容词 original 应译为“独创的”；旧译“独创性”是名词，与词性不符。,1,82
2509740,婚活,14976,0,f143e557t0,gloss,major,导向婚姻的活动（如约会、追求）,寻找结婚对象,英文 searching for a marriage partner 指找结婚对象，旧译“导向婚姻的活动”是相邻的 activities 义。,1,83
2509740,婚活,14976,2,f143e557t2,gloss,major,婚姻狩猎,婚姻相关活动（如约会、交往）,该项英文明确指可能走向婚姻的活动，旧译“婚姻狩猎”反而对应 marriage hunting。,1,83
2509740,婚活,14976,3,f143e557t3,xref,major,导向婚姻的活动（如约会、追求）,寻找结婚对象；婚姻狩猎；婚姻相关活动（如约会、交往）,交叉引用汇总同组各项义，保留原有顺序后按英文分别译出，修复首项与第三项的对调错译。,1,83
1178730,塩焼き,14998,1,f15e1082t1,gloss,major,盐焗,盐烤,塩焼き／broiling with salt 是加盐烤制；“盐焗”表示另一种焗制方式。,1,83
1160810,一っ走り,15009,3,f13e1513t3,gloss,minor,旋转,兜一圈,此处 spin 指短途兜一圈、出行，中文“旋转”是原地转动，不符合此名词用法。,1,83
1026890,ウルフ,15024,0,f3e1040t0,gloss,major,wolf,狼,ウルフ的释义是 wolf，旧译残留英文未翻译。,1,83
1026890,ウルフ,15024,1,f3e1040t1,xref,major,① wolf (Canis lupus),① 狼（Canis lupus）,交叉引用仍残留英文 wolf，应依引用对象释义译为狼并保留学名。,1,83
1850110,祭り上げる,15042,2,f83e740t2,example,major,他让约翰闲居起来。,他把约翰明升暗降。,kick someone upstairs 是把人安排到名义上升迁、实则边缘化的闲职；旧译“闲居起来”未表达安排任职及其贬抑含义。,1,83
2559850,口が裂けても言えない,15104,2,f147e1878t2,example,major,非常深,我绝不会说！,日文口を裂けても言えません及英文 I will never tell! 都是绝不泄露；旧译“非常深”完全错义。,1,83
1428380,朝焼け,15146,1,f39e1481t1,gloss,minor,日出色彩,日出时的霞光,sunrise colors 指日出时天边的霞光；“日出色彩”是生硬直译。,1,83
1428380,朝焼け,15146,2,f39e1481t2,gloss,minor,日出色彩,日出时的霞光,sunrise colours 指日出时天边的霞光；“日出色彩”是生硬直译。,1,83
2122810,お粥,15225,1,f107e1280t1,gloss,minor,水米饭,稀米粥,watery cooked rice 指稀粥，旧译“水米饭”不是自然的中文食物名称。,1,84
1815850,屋根裏,15237,2,f79e1698t2,example,major,屋顶里有很大的空间。,阁楼里空间很大。,日文屋根裏及英文明示 attic，中文“屋顶里”误指屋顶内部，改为阁楼。,1,84
1208210,恰幅,15257,1,f18e932t1,gloss,minor,高大身材,魁梧的身材,big build 指魁梧的体格；“高大身材”加入了身高限定，英文并未说明个子高。,1,84
1208210,恰幅,15257,2,f18e932t2,example,major,将军堂堂正正的气度令谁都会感到威压。,将军魁梧的身材令人人望而生畏。,日文恰幅和英文 massive presence 都强调魁梧体格造成压迫感，旧译变成堂正气度，改变了所指。,1,84
1688420,読みふける,15291,3,f67e599t3,example,major,昨晚，我沉浸在借给他的那本书里。,昨晚，我沉浸在他借给我的那本书中。,日文彼が貸してくれた及英文 he lent me 都表示他把书借给我；旧译反成我把书借给他。,1,84
1358390,食らわす,15312,3,f32e1614t3,example,minor,我给了他的下巴一拳。,我一拳打在他的下巴上。,日文及英文表示拳击中他的下巴；旧译“给了他的下巴一拳”搭配错误。,1,84
1246280,偶像,15354,0,f22e191t0,gloss,major,图像,偶像,日文ぐうぞう在此与 idol、statue 并列，是受崇拜的偶像/圣像；“图像”通常指一般图片，偏离词义。,1,84
2800970,三郎,15379,2,f171e904t2,gloss,major,Occella iburia（一种捕鸟兽）,Occella iburia（一种鱼类）,分类来源将 Occella iburia 列为鱼类学名；旧译把英文科名俗称 poacher 误读为捕猎者。未据此杜撰中文物种俗名。,1,84
1685910,行き当る,15446,2,f67e142t2,gloss,minor,撞上,碰巧发现,to light on 表示偶然发现，中文“撞上”容易指实体碰撞，未表达发现义。,1,85
1685910,行き当る,15446,5,f67e142t5,gloss,major,撞上,陷入僵局,行き当たる的此义对应 deadlock，即陷入僵局；“撞上”不是这个状态义。,1,85
2855959,トランス,15465,1,f202e1158t1,xref,major,反式,顺式,这是化学前缀 trans 的对照词 cis；顺反关系正好相反，旧译反式颠倒了意思。,1,85
2146980,最新鋭,15517,0,f110e364t0,gloss,minor,最新,最先进的,state-of-the-art 指处于最新先进水平，单译“最新”遗漏领先、先进的含义。,1,85
2146980,最新鋭,15517,1,f110e364t1,gloss,minor,最新,尖端的,cutting-edge 是尖端、前沿的，单译“最新”没有体现技术领先含义。,1,85
2847233,レヴュー,15524,0,f194e575t0,gloss,major,回顾,轻松表演剧（由歌唱、舞蹈、笑话和短剧组成）,レヴュー与英文 revue 指由歌唱、舞蹈、笑话及短剧组成的舞台表演；旧译“回顾”混淆了 review。,1,85
1031610,オーケストラ,15662,1,f3e1758t1,example,minor,指挥指挥管弦乐队。,指挥家指挥管弦乐队。,原句为 A conductor directs an orchestra，旧译“指挥指挥管弦乐队”重复且不通顺。,1,86
2037860,ただじゃおかない,15669,1,f99e486t1,gloss,major,你最好闭上嘴！,你别想就这么逃过去！,ただじゃおかない表示不会轻易放过对方；日文不含“闭嘴”义，旧译受英文宽泛转述影响而偏离日文。,1,86
1163690,一進一退,15673,0,f14e27t0,gloss,minor,进退不定,时进时退,一進一退是交替前进和后退；“进退不定”较像犹豫不决，未表达反复进退。,1,86
1163690,一進一退,15673,1,f14e27t1,gloss,minor,进退不定,起伏不定,ebb and flow 指反复起落变化；“进退不定”容易误作拿不定主意。,1,86
1163690,一進一退,15673,2,f14e27t2,gloss,minor,进退不定,反复拉锯,seesawing 在此指局势反复拉锯，旧译没有表达其往复变化。,1,86
1163690,一進一退,15673,3,f14e27t3,gloss,minor,进退不定,时而有利时而不利,原项明确是 favorable 与 unfavorable 轮番出现；旧译“进退不定”遗漏了有利和不利交替。,1,86
2714280,半笑い,15753,0,f163e77t0,gloss,minor,苦笑,淡淡的笑容,faint smile 指浅浅的笑；“苦笑”加入了苦涩、无奈的情绪。,1,86
2714280,半笑い,15753,2,f163e77t2,xref,minor,苦笑,淡淡的笑容,交叉引用的 faint smile 是浅浅的笑，不必然带有苦涩情绪；原“苦笑”过度限定。,1,86
1002930,カツカツ,15761,4,f1e734t4,example,major,我们店也处于像闲时听到杜鹃啼叫那样捉襟见肘的境况，根本没有雇兼职人员的余裕。,我们店的生意也很冷清，日子过得紧巴巴的，根本没有余钱雇兼职。,閑古鳥が鳴く是生意冷清的惯用表达；旧译把它直译成听杜鹃叫，导致整句不通。日文カツカツ及英文 barely scraping by 也表明手头拮据。,1,86
2519770,時間に遅れる,15769,2,f144e567t2,example,major,预约的时间迟到了。,我赴约迟到了。,日文约束の時間に遅れた及英文 I was late for the appointment 是说人赴约迟到；旧译却说预约时间本身迟到。,1,86
2844732,腹を切る,15787,0,f192e98t0,gloss,major,进行自杀,切腹自尽,此义明示 commit seppuku，普通的“进行自杀”遗漏了切腹方式，无法保留该历史特指。,1,86
2848824,フラン,15813,0,f195e1514t0,gloss,major,法兰（一种顶部敞口、内含甜或咸馅料的烤酥皮糕点）,敞口馅饼（以酥皮烤制，内填甜馅或咸馅）,食品义的 flan 是馅饼类烤点心，不是中文“法兰”（机械部件的 flange 音译）；释义中的制作限定按原义保留。,1,87
2848824,フラン,15813,1,f195e1514t1,gloss,major,法兰,蛋奶挞,flan 作为甜点指蛋奶挞/馅饼，“法兰”是无关的机械部件译名。,1,87
1464190,日常会話,15820,2,f43e505t2,example,minor,至少希望能做到能进行日常会话。,至少希望能进行日常对话。,原译“至少希望能做到能进行”重复使用能字且不通顺；原句表达希望至少达到能日常交谈的程度。,1,87
1328950,腫瘍,15823,1,f30e122t1,gloss,minor,肿物,肿瘤,医学语境 tumour 的规范中文是肿瘤；“肿物”过于宽泛，可能仅指肿块。,1,87
1328950,腫瘍,15823,2,f30e122t2,gloss,major,新生物,肿瘤,neoplasm 是肿瘤性新生物的统称，不是一般“新生物”；旧译按英文构词直译造成错义。,1,87
1328950,腫瘍,15823,3,f30e122t3,gloss,major,新生,肿瘤性增生,neoplasia 指肿瘤性新生或形成，不是“新生”；原译错误地把英语词首 neo 当作新。,1,87
2159200,手が込む,15870,4,f111e778t4,xref,minor,错综复杂；复杂；复杂化,错综复杂；精心设计的；复杂的；复杂的,xref 对应 intricate、elaborate、complicated、complex；旧译“复杂化”是使复杂化，词性与含义均不符。,1,87
2839194,残りわずか,15875,2,f186e1745t2,example,minor,今年所剩无几的日子了。,今年只剩下没几天了。,日文与英文表示年末只剩几天；旧译“今年所剩无几的日子了”是缺谓语的句子片段。,1,87
2839682,大先生,15878,0,f187e618t0,gloss,major,大先生,名师,great teacher 指有名望的教师，宜译“名师”；“大先生”不是该义的自然释义。,1,87
2839682,大先生,15878,1,f187e618t1,gloss,major,大先生,大师,great master 指大师级人物；旧译“大先生”不自然且未传达大师地位。,1,87
2839682,大先生,15878,2,f187e618t2,gloss,major,大先生,大作家,great author 是著名或成就突出的作家，旧译“大先生”遗漏了作者身份。,1,87
2839682,大先生,15878,3,f187e618t3,gloss,major,大先生,名医,great doctor 指医术或声望出众的医生，宜译“名医”；旧译未表达职业身份。,1,87
2436770,突然目,15882,0,f137e403t0,gloss,minor,突然,有些突然,somewhat sudden 表示有些突然，旧译仅为“突然”，漏掉程度限定。,1,87
2159620,荒らし,15911,0,f111e864t0,gloss,minor,（互联网）恶搞者,（互联网）网络捣乱者,Internet troll 指在网上故意挑衅、扰乱讨论的人；“恶搞者”容易理解成制作恶搞内容的人。,1,87
2159620,荒らし,15911,5,f111e864t5,gloss,minor,恶搞,网络挑衅,trolling 是网上挑衅、扰乱讨论的行为；“恶搞”指向恶作剧内容，不是此义。,1,87
1957400,グミ,15960,0,f91e1218t0,gloss,major,油橄榄属植物（油橄榄属的任何植物）,胡颓子属植物（胡颓子属的各种植物）,Elaeagnus 是胡颓子属，旧译“油橄榄属”指向不同的植物属。《中国植物志》以胡颓子属对应 Elaeagnus。,1,87
2083020,タンマ,15983,2,f103e1407t2,gloss,major,国王X,暂停,King's X 是儿童游戏中请求暂停的说法；旧译逐字保留英文而没有提供中文释义。,1,87
2668080,即効性,16006,0,f158e1117t0,gloss,major,即时效率,速效性,即効性表示效果迅速出现，prompt efficiency 的目标义是 prompt effect；“即时效率”把效果错译为效率。,1,87
1927680,ラムネ,16078,1,f88e1666t1,info,minor,一种装在Codd-neck瓶中的柠檬汽水,一种装在弹珠汽水瓶中的柠檬汽水,原信息将 Codd-neck 这种瓶型术语残留为英文；该瓶型以弹珠瓶口为特征，中文可译为弹珠汽水瓶。,1,88
1482380,番頭,16080,1,f44e1882t1,gloss,major,头任,首席店员,番頭此处是商店的 head clerk，旧译“头任”不是自然中文职位称谓。,1,88
2557610,否が応でも,16106,2,f147e1404t2,gloss,major,随意地,不管愿不愿意,willy-nilly 在此表示不由自主、无论愿意与否；旧译“随意地”表示随自己的意愿，意思相反。,1,88
1327090,守り,16202,0,f29e1759t0,gloss,major,保姆,照看孩子,babysitting 指临时照看孩子这项活动；“保姆”指从事照看工作的人，误换成施事者。,1,88
1651900,抜き身,16223,0,f63e1377t0,gloss,major,拔刀,出鞘的刀,naked sword 指已出鞘、裸露的刀剑；“拔刀”是拔出的动作，不是刀剑本身。,1,88
1651900,抜き身,16223,1,f63e1377t1,gloss,major,拔刀,出鞘的刀剑,drawn sword 指已拔出、出鞘的剑；“拔刀”误译为动作。,1,88
1436100,底本,16270,2,f40e846t2,gloss,major,底なし,草稿,底本的第二英语释义 draft 应为草稿/底稿；“底なし”意为没有底，属误读。,1,89
1893700,中２,16292,5,f86e1003t5,info,major,初中二年级病,中二病,该网络用语指青春期少年常见的自我意识过剩行为，中文惯用名是“中二病”；“初中二年级病”只是字面拆译。,1,89
2246930,癇に障る,16358,1,f120e1423t1,gloss,minor,令人冒犯,冒犯,to offend 是冒犯他人；“令人冒犯”则变成令人感到冒犯、令人反感，施受关系不当。,1,89
2246930,癇に障る,16358,2,f120e1423t2,gloss,minor,令人挑衅,惹怒,to provoke 在此表示惹怒、激怒；“令人挑衅”会变成具有挑衅性，改变动作关系。,1,89
2246930,癇に障る,16358,4,f120e1423t4,example,major,他的讽刺话让我很受伤。,他的讽刺挖苦令我恼火。,英文 galls me 与日文 癇に障る 都表示令人恼火；旧译“让我很受伤”改成情感受伤。,1,89
2822070,本領発揮,16413,1,f173e1036t1,gloss,major,本领发挥,充分体现（某事物）的独特性质,illustration of the distinctive character 表示体现某事物独特的性质或特色；“本领发挥”重复了相邻的个人能力义。,1,89
1795870,理路整然,16419,1,f77e1991t1,gloss,minor,有力的,有说服力的,cogent 指论证有说服力、理由充分；“有力的”通常只表示力量强，未体现论证质量。,1,89
1585910,蜻蜒,16426,1,f55e647t1,example,major,蜘蛛在那里，等着蝴蝶、螟之类的小昆虫落入陷阱。,蜘蛛在那里等着蝴蝶、蜻蜓之类的小昆虫落入陷阱。,日文トンボ及英文 dragonflies 都是蜻蜓；旧译“螟”是另一类昆虫，明显误译。,1,89
1764450,盛りだくさん,16481,5,f74e1382t5,gloss,major,拥挤的（日程）,排得很满的（日程）,crowded 描述日程排得很满；“拥挤的日程”把空间拥挤义套到时间表上，不自然。,1,90
2038580,８分,16536,1,f99e653t1,gloss,major,八分书（横画末端呈明显三角形尾部的楷书）,八分书（一种横画末端带明显三角形尾笔的隶书）,此处是书法字体八分书，不是楷书；八分书属于隶书一类。,1,90
2038580,８分,16536,2,f99e653t2,xref,major,汉字六种历史书体：大篆、小篆、隶书、三角波隶书、行书、草书,汉字六种历史书体：大篆、小篆、隶书、八分书、行书、草书,triangular-swept clerical 指八分书这一隶书书体；“三角波隶书”是生硬直译而非书体名。,1,90
1020500,アンドロイド,16548,0,f2e1919t0,gloss,major,安卓,仿生人,sense 1 的 android 指人形机器人/仿生人；“安卓”对应下一个商标义 Android 操作系统。,1,90
1020500,アンドロイド,16548,1,f2e1919t1,example,major,呵呵……那个孩子不是人类。是机器人。安卓。,呵呵……那个孩子不是人类，是机器人，是个仿生人。,日文及英文说明人物是 android/robot，旧译末尾的“安卓”会被理解为操作系统名称。,1,90
1530860,無法者,16556,0,f49e656t0,gloss,major,无法者,不法之徒,outlaw 指不法之徒；“无法者”是把词素逐字拼接，中文不成立。,1,90
1530860,無法者,16556,1,f49e656t1,example,major,政府对无法者们的暴乱采取了果断的应对措施。,政府果断应对了不法之徒的冲突。,日文是无视法律之徒之间的激突，中文“无法者们”不成立且旧句未自然表达原文。,1,90
1586400,アジ,16605,0,f55e880t0,gloss,major,竹刀鱼（鲹科鱼类，特指日本竹刀鱼，Trachurus japonicus）,竹荚鱼（鲹科鱼类；特指日本竹荚鱼 Trachurus japonicus）,Trachurus japonicus 的中文名为日本竹荚鱼，horse mackerel 对应竹荚鱼；旧译“竹刀鱼”是另一种鱼。,1,90
1586400,アジ,16605,1,f55e880t1,gloss,major,杰克马鲛,竹荚鱼,jack mackerel 的中文鱼名是竹荚鱼；旧译“杰克马鲛”是按英文 jack 音译并误指马鲛。,1,90
1586400,アジ,16605,2,f55e880t2,gloss,minor,鲳鱼,鲳鲹,pompano 属鲳鲹类，中文“鲳鱼”通常指 pomfret，旧译混淆了鱼类名称。,1,90
2850711,切って捨てる,16610,0,f197e1037t0,gloss,major,弃之不顾,切下后扔掉,此首义 to cut off and throw away 是字面切下并丢掉；旧译“弃之不顾”只译出后半抽象义。,1,90
2850711,切って捨てる,16610,1,f197e1037t1,xref,major,砍倒（某人）,① 切下后扔掉,交叉引用首义是 to cut off and throw away，旧译“砍倒某人”属于后面的攻击义。,1,90
2850711,切って捨てる,16610,2,f197e1037t2,gloss,major,杀死,抛弃,abandon 是抛弃；旧译“杀死”误换成另一个sense的动作。,1,90
2850711,切って捨てる,16610,3,f197e1037t3,gloss,major,同上,置之不理,disregard 是不理会，旧译“同上”错误继承了前一项的杀死。,1,90
2850711,切って捨てる,16610,4,f197e1037t4,gloss,major,同上,丢弃,discard 是丢弃，旧译“同上”错误继承了前一项的杀死。,1,90
2850711,切って捨てる,16610,5,f197e1037t5,gloss,major,同上,把……丢给狼群,throw to the wolves 是把人丢给狼群任其处置；旧译“同上”错误继承了杀死义。,1,90
2850711,切って捨てる,16610,6,f197e1037t6,gloss,major,同上,砍倒（某人）,cut someone down 指砍倒某人；旧译“同上”错误继承了杀死义。,1,90
2850711,切って捨てる,16610,7,f197e1037t7,gloss,major,同上,杀死,slay 是杀死，旧译“同上”未给出该义项的释义。,1,90
1958800,アップルパイ,16621,1,f91e1443t1,example,major,家里人都很喜欢苹果派。,我妻子很喜欢苹果派。,日文家内及英文 my wife 都指说话人的妻子；旧译“家里人都”扩大成全家人。,1,90
1220460,既知,16747,2,f19e1270t2,example,major,丽莎，你我之间的事，我讨厌尼克，这应该是众所周知的事吧。,丽莎，你我都知道我其实不喜欢尼克。,日文及英文都表达‘你我之间都知道我不喜欢尼克’；旧译把私下共有的认知误成了众所周知，还把关系结构译坏。,1,91
2406480,されつつある,16767,1,f134e369t1,note,minor,用于接在接“する”的名词之后,接在可接「する」的名词之后,原注说明该形式接在可带する的名词之后；原译‘接在接する的名词’有明显重复且结构不清。,1,91
2117300,思い当たる節がある,16812,0,f107e140t0,gloss,major,有印象深刻的线索,有想到某些事情,思い当たる節がある指有能联想到或对得上的线索/事情；‘有印象深刻的线索’误加‘深刻’，且未表达想起、联想到。,1,91
1410840,替え玉,16855,6,f38e193t6,gloss,major,追加的一碗面（加在剩余的拉面汤中）,追加面（加在剩余的拉面汤中）,替え玉是加点/续加面条，英文明确为追加面条；旧译成‘追加的一碗面’，把面条误作整碗面。,1,92
2848283,肌を重ねる,16859,0,f195e555t0,gloss,major,同宿（如男女之间）,发生关系（如男女之间）,肌を重ねる是男女发生性关系的委婉说法；‘同宿’仅表示同住一处，遗漏了关键含义。,1,92
1542300,遊歩道,17005,0,f50e750t0,gloss,major,海滨长廊,散步道,遊歩道指供步行的道路；日文没有海滨限定，旧译凭英文例句的boardwalk把词义错误限缩为海滨长廊。,1,92
1542300,遊歩道,17005,1,f50e750t1,gloss,major,海滨大道,步行道,遊歩道是步行道路；‘海滨大道’错误增添海滨和大道限定，英文释义与词头均不支持。,1,92
1982280,どうにかこうにか,17089,0,f93e1487t0,gloss,major,不知从何处,设法；好不容易,どうにかこうにか表示费力地、总算设法做到；‘不知从何处’与日文和英文somehow or other均不符。,1,93
1836190,要所要所,17122,0,f81e1831t0,gloss,major,（所有）重要职位,（所有）重要据点,要所是要地、战略据点，不是职位；英文important positions及要所一词均排除工作职位义。,1,93
1836190,要所要所,17122,2,f81e1831t2,gloss,major,每一个关键岗位,每个战略据点,要所指战略要地或关键据点；旧译‘关键岗位’误作职务/工作岗位。,1,93
2125470,秘密主義,17238,1,f107e1890t1,example,major,罗伊性格保守，而泰德则直率。,罗伊不愿透露自己的事，而泰德则很坦率。,秘密主義指不愿透露信息、守口如瓶；原译‘性格保守’误成思想或性格传统，偏离日文和英文secretive。,1,93
1835310,捜索隊,17267,0,f81e1624t0,gloss,minor,搜救队,搜索队,捜索隊及search party泛指搜索队伍；旧译‘搜救队’额外断定救援任务，原词义没有救援限定。,1,93
1904130,一筋の涙,17286,0,f87e325t0,gloss,major,一滴眼泪,一行眼泪,一筋の涙是沿脸颊流下的一行泪水；‘一滴’把形象从一条泪痕变成单滴液体。,1,93
2463000,押し負ける,17421,0,f139e1400t0,gloss,major,推不动,在推挤中落败,押し負ける指在推挤中输给对方；‘推不动’描述自己无法推动，混淆了动作方向和结果。,1,94
1589150,押し出し,17423,4,f55e1878t4,gloss,major,跑垒走垒,被保送挤回本垒的一分,棒球押し出し是满垒时打者获保送而挤回本垒的得分；‘跑垒走垒’无法表达该规则术语。,1,94
2005440,ブルマ,17427,2,f96e312t2,example,critical,我对连裤袜并没有特别的兴趣。我觉得我没有那种拜物教式的嗜好。,我对体操短裤并没有特别的兴趣。我想我没有那种癖好。,日文ブルマ与英文gym shorts均指体操短裤，旧译‘连裤袜’是完全不同的服装；后半意思可保留但不必增添拜物教式。,1,94
1366490,人らしい,17376,1,f33e1353t1,gloss,minor,人,像人一样的,该形容词可表示像人/有人样；单独名词‘人’没有保留形容词含义。,1,94
2402310,烙印を押される,17635,2,f133e1531t2,note,minor,作为～的烙印,通常用作「被打上～的烙印」,固定搭配是‘被打上……的烙印’；原译‘作为～的烙印’没有说明该表达的句法形式。,1,95
2402310,烙印を押される,17635,3,f133e1531t3,example,major,不遵守党的主要方针的政客，都会被视为反叛分子而被烙上烙印。,不遵守党的主要方针的政客，都会被打上反叛分子的烙印。,日文和英文均是被贴上反叛分子标签；旧译‘被视为……而被烙上烙印’重复且句法生硬。,1,95
1451070,働き口,17655,3,f41e1764t3,gloss,major,机会,职位空缺,働き口表示工作/就业机会；英文opening在这里是职位空缺，不是泛指机会。,1,95
2514330,無感動,17707,0,f143e1426t0,gloss,major,无动感的,平淡无奇的,unimpressive指不出色、难以给人留下深刻印象；‘无动感’错误限定为缺乏运动感。,1,95
2514330,無感動,17707,1,f143e1426t1,gloss,major,无动感的,没有留下深刻印象的,unimpressed表示未被打动或没有留下印象；‘无动感’不是该义。,1,95
2733690,差し支えなければ,17717,3,f164e1556t3,example,critical,如果不介意，请多关照。,如果不麻烦的话，请不要这么做。,日文明确礼貌地请对方克制/不要做，英文也说I'd rather you didn't；旧译‘请多关照’表达相反意思。,1,95
2838747,思い上がり,17814,3,f186e874t3,gloss,major,妄自菲薄,自以为是,presumption在此表示自负、妄自尊大；‘妄自菲薄’是看轻自己，含义相反。,1,96
1005370,ザクザク,17866,6,f1e1271t6,example,major,把切成四分之一的白菜切成稍粗的千丝状。,把四分之一颗白菜切成稍粗的丝。,JA指把四分之一颗白菜切成较粗的丝；‘千丝状’不是中文烹饪表达，且误把切法写成形状。,1,96
1188470,何の気なしに,17900,2,f16e1145t2,gloss,major,平静地,漫不经心地,何の気なしに指无特别意图、不经意地说/做；calmly译作‘平静地’表达情绪平静，与该义无关。,1,96
1327950,手振り,17909,2,f29e1914t2,example,major,仅仅36个月后，可可就能使用相当于184个单词的手势了。,仅仅过了36个月，可可就能使用184个手语词汇。,英文明确为184 signs，日文说184语相当的手势；旧译说‘相当于184个单词的手势’误把手语词项说成单词的替代物。,1,96
2827564,申し訳が立たない,17936,0,f175e954t0,gloss,major,抱歉,无以交代,申し訳が立たない指无从辩解、无法交代，语气强于一般道歉；单译‘抱歉’遗漏核心语义。,1,96
1538030,役場,18017,0,f49e1970t0,gloss,major,市议会,町（村）公所,役場指町村等地方自治体的行政办公机构；‘市议会’是立法/议事机关而不是行政办公室。,1,97
1866060,活を入れる,18088,0,f84e1327t0,gloss,major,施以复活术（如柔道等）,施行复苏术（如柔道中的急救复苏）,活を入れる在柔道语境指施行复苏急救；‘复活术’会被理解成魔法或死者复活。,1,97
1537600,野蛮人,18156,2,f49e1882t2,example,major,当移民的村落被野蛮人征服，移民的希望和生活都走到尽头时，他们与不幸长期斗争的句号终于被打上了。,当野蛮人攻陷移民村落、移民们的希望和生活都走到尽头时，他们与不幸抗争多年的日子也终于结束了。,JA和英文均表达村落被征服、移民希望与生活走到尽头，并结束与不幸的长期斗争；原译‘斗争的句号被打上了’搭配错误且关系难解。,1,97
1146230,レントゲン,18366,1,f12e727t1,example,minor,最近我去看牙医，对方说以防万一，给我拍了牙模和X光片。这生意做得不错啊。,最近我去看牙医时，对方以‘以防万一’为由，给我取了牙模并拍了X光片。这生意做得不错啊。,日文和英文都说牙医取牙齿模型并拍X光片；‘拍了牙模’把取模误写成拍摄动作。,1,98
1401110,相対,18511,0,f37e213t0,gloss,major,相对论,相对性,相対作为普通名词可指相对、相对性；‘相对论’特指relativity theory，旧译凭空增添了理论限定。,1,99
1192350,家庭用,18544,2,f16e1776t2,gloss,major,国内使用,家用,家庭用表示家庭使用；‘国内使用’把家用误成国内市场/本国使用。,1,99
2013400,野暮ったい,18672,5,f96e1927t5,example,major,我只问了那件暗淡的衣服花了多少钱，她就勃然大怒地冲我发火了。,我只是问她那件土气的衣服多少钱买的，她就勃然大怒地冲我发火。,野暮ったい是土气、不时髦；英文dull-looking此处也指衣着不出众，不是颜色暗淡。,1,100
1798490,所持金,18714,1,f78e461t1,example,critical,把随身钱全部交出来。,我会把身上所有的钱都给你。,日文あげよう及英文You shall have what money I have表示主动把自己的钱给对方；原译‘交出来’把给予误成命令索取，改变了主客体和语气。,1,100
2437940,席替え,18737,1,f137e637t1,gloss,major,换课桌,调换座位,席替え是更换座位/调座，不一定更换桌子；‘换课桌’误把座位限定成课桌。,1,100
1073350,スポーツマン,18822,0,f7e22t0,gloss,critical,体育精神,运动员,sportsman和日文スポーツマン都指运动员；‘体育精神’是体育道德概念，不是人。,1,100
1073350,スポーツマン,18822,1,f7e22t1,example,critical,体育记者,视力不好对运动员来说是一种障碍。,英文及日文都说视力差对运动员不利；原译‘体育记者’误认职业，主体错译。,1,100
1003040,からり,18914,8,f1e761t8,gloss,minor,开诚布达地,坦诚地,open-heartedly意为坦诚、敞开心扉地；‘开诚布达’不是规范中文表达。,1,101
1264600,諺,18970,4,f23e1940t4,example,minor,我曾听到过这句谚语被使用。,我听人用过这句谚语。,原文说听到别人使用这句谚语；‘听到……被使用’是生硬的被动结构，未自然表达原意。,1,101
1007210,タジタジ,18980,1,f1e1661t1,gloss,major,踉跄地,犹豫不决地,falteringly指迟疑、犹豫地；‘踉跄地’描写身体摇晃，与原义不符。,1,101
1502800,物理学,19089,1,f46e1586t1,example,minor,那位人是物理学的大家。,他是物理学界的权威。,authority on physics指物理学领域的权威人士；‘那位人是物理学的大家’结构不通顺，且不如‘权威’准确。,1,101
2851182,躍動感,19242,3,f197e1856t3,example,minor,设计也通过拱形标志的设计，使其呈现出具有“登场感”和“动感”的现代感。,此外，拱形标志也让设计更具现代感，并增添了“登场感”和“动感”。,日文说明拱形标志赋予设计现代感、登场感和动感；旧译句法混乱，难以理解这些效果与设计之间的关系。,1,102
2149940,離婚届,19318,0,f110e935t0,gloss,major,离婚届,正式离婚登记文件,英文明确是正式离婚登记文件；旧译‘离婚届’保留日文词形，未给出中文释义。,1,102
2845765,弱いものいじめ,19376,1,f192e1872t1,gloss,major,欺负弱者,欺凌弱者的人,此字段对应名词义 bully（欺凌弱者者），原译只表达欺凌行为，没有译出施事者。,1,103
1362690,深遠,19394,4,f33e442t4,example,minor,他是一个学识深奥的人。,他是个学识渊博的人。,JA称其具备深远的学识、EN为profound learning；原译‘学识深奥的人’搭配不自然且容易误解为人本身深奥，改为自然表达。,1,103
1484840,非公開,19427,4,f45e385t4,gloss,major,关闭,不对外开放的,closed在此作为非公开活动/场合的同义释义，原译‘关闭’表示关停或关上，义项不符。,1,103
2862309,一番端,19467,1,f208e1341t1,gloss,major,极端,末端,此组词头‘一番端’及EN extremity均指最边缘/末端的位置；‘极端’在中文指程度极端，不是空间端部。,1,103
1467090,韮,19534,2,f43e972t2,gloss,major,中国大葱,中国韭菜,Chinese leek在此是韭菜（Allium tuberosum）的英语别称，与同组garlic chives一致；‘中国大葱’指另一种葱属作物。,1,103
2395230,卒業アルバム,19538,1,f133e141t1,gloss,major,年鉴,毕业纪念册,该词头明确是毕业相册，EN yearbook在此为学校毕业年鉴/纪念册义；原译‘年鉴’通常指年度参考出版物，遗漏毕业纪念册语境。,1,103
2862996,顔を合わす,19585,2,f209e698t2,xref,major,① 使……相遇；使……相对,① 见面；面对某人,交叉引用对象的释义为不及物的to meet / to face someone；原文‘使……相遇’添加了原文和英释都没有的使役义。,1,104
2862676,大島,19609,2,f209e124t2,gloss,major,大岛缂丝织,大岛紬织物,大岛紬是奄美大岛产的丝织物/绸（pongee），不是以缂丝技法制作的缂丝；原译将织物种类错作工艺。,1,104
2862676,大島,19609,3,f209e124t3,xref,major,大岛缂丝织（在奄美群岛生产的绸缎类型）,大岛紬织物（奄美群岛产的一种绸）,xref明确说明引用对象为大岛紬，英文释义称其为奄美群岛产的一种pongee（绸）；‘缂丝织’误指缂丝工艺。,1,104
1216670,丸呑み,19639,2,f19e566t2,gloss,minor,吞下（故事）,轻信（某种说法）,丸呑み故事是囫囵接受/轻信他人说法的比喻，原译‘吞下故事’是日语构词的字面直译，在中文不表达该义。,1,104
1559170,練習場,19648,2,f52e170t2,gloss,major,驾驶练习场,高尔夫练习场,driving range是高尔夫击球练习场，原译‘驾驶练习场’把driving误解为驾驶汽车。,1,104
1476630,８の字,19664,0,f44e769t0,gloss,minor,数字8,8字形,figure eight指呈数字8形状的图形；原译‘数字8’只指数字本身，没有表达形状义。,1,104
1476630,８の字,19664,1,f44e769t1,gloss,minor,数字8,8字形,figure of eight指呈数字8形状的图形；原译‘数字8’只指数字本身，没有表达形状义。,1,104
1392750,前期,19679,2,f36e621t2,gloss,major,前次,上一期,此处preceding period指当期之前的一个期间；词头及同组例句均为会计期间语境，‘前次’通常指前一次而非上一个期间。,1,104
2861634,リク,19732,1,f208e61t1,gloss,minor,req,请求（缩写）,req是request的英语缩写；单留英文缩写作为中文释义未译出含义。,1,104
1373400,ヒヨコ,19741,6,f34e626t6,gloss,major,雏鸟,新手,该字段位于ヒヨコ的比喻义（greenhorn / novice / rookie），fledgeling在此也是新手义；原译‘雏鸟’错译回字面义。,1,104
1752890,買い付け,19745,5,f73e1055t5,gloss,major,常客,常去的商店；固定供应商,义项明确指常用的商店或供应商；‘常客’指经常光顾的人，主客体倒置。,1,104
2077550,ワンパターン,19837,7,f103e261t7,example,minor,在居酒屋喝酒，然后去卡拉OK吗。我们也是老一套了。,在居酒屋喝酒，然后去卡拉OK吗？我们也真是老一套啊。,对应JA的两个句子（在居酒屋喝酒、去卡拉OK吗；我们也总是一个模式），原译用句号切断问句并把后句并入疑问句，标点破坏了原句结构。,1,105
1693620,逆説的,19844,1,f67e1573t1,example,minor,从悖论的角度来说，他是正确的。,矛盾的是，他说得对。,JA为逆説的に言えば，EN为Paradoxically，均是‘矛盾的是/出乎意料的是’的句子副词；原译‘从悖论的角度来说’误成从某种理论视角看。,1,105
1757590,肝っ玉,19855,2,f74e27t2,gloss,major,神经,胆量,同义释义guts、pluck和本词肝っ玉均指胆气；nerve在此为勇气/胆量，不是神经组织。,1,105
1001420,おなら,19865,0,f1e249t0,gloss,major,风,屁（委婉说法）,おなら指肠胃排气，英语wind是屁的委婉说法；原译‘风’是英语字面义，中文不表达此义。,1,105
1001420,おなら,19865,1,f1e249t1,gloss,minor,气体,肠胃气体,おなら指肠胃排气，此处gas是肠胃中的气体；‘气体’没有体现身体语境。,1,105
1451640,動乱,19901,2,f41e1839t2,gloss,major,不安,动荡,動乱的unrest指社会/政治动荡，原译‘不安’通常表示个人的焦虑或不安定情绪，语义不符。,1,105
1517490,法律上,19906,4,f48e242t4,example,major,美国几乎没有关于轻武器销售的法律规定。,美国几乎没有对轻武器销售的法律限制。,JA为販売に関する法律上の制約、EN为legal constraints；原译改成‘法律规定’，遗漏其限制/约束义。,1,105
2123820,治療薬,20101,1,f107e1538t1,gloss,major,疗法,药物,词头治療薬和同组EN therapeutic agent/medicine/drug都指药物，remedy在此是药物性疗方；‘疗法’指治疗方法而非药品。,1,106
2123820,治療薬,20101,4,f107e1538t4,gloss,major,治愈,治疗药物,cure在该名词词组中指能治病的药物/治疗剂，词头治療薬限定为药品；‘治愈’是治疗结果或动作，不是药物。,1,106
1014990,アカデミー,20114,1,f2e1140t1,example,major,学院奖颁奖典礼是好莱坞最盛大的庆典。,奥斯卡颁奖典礼是好莱坞最盛大的盛事。,JA为アカデミー授賞式，EN明确对应Oscar ceremonies且地点为好莱坞；原译‘学院奖颁奖典礼’是直译，未给出中文通称奥斯卡。,1,106
1597830,月々,20151,1,f57e1119t1,gloss,minor,每月地,按月,monthly作副词表示每月一次/按月，原译‘每月地’不符合中文副词表达。,1,106
2073090,四の五の言う,20206,1,f102e1458t1,example,minor,如果实物从这边寄过去，雪花也不会说什么。,只要实物从这边寄过去，雪花也就不会再抱怨了。,四の五の言わない及EN grumble都明确是不会再抱怨/挑剔；原译‘不会说什么’没有译出抱怨义。,1,106
1222600,気分屋,20258,1,f19e1874t1,example,major,那个人真是情绪化。我跟不上他。,他情绪起伏太大，我实在跟不上。,気分屋及EN moody表明此处是难以跟上他的情绪变化；原译‘跟不上他’易被理解为体力上追不上人。,1,106
1693000,邪魔立て,20284,2,f67e1450t2,example,major,妨碍工作，不能置之不理。,工作被妨碍时，我不能坐视不管。,日文说工作遭到妨碍便无法保持沉默，英文说不能忍受工作被打扰；原译‘妨碍工作，不能置之不理’缺少主谓关系且句意断裂。,1,106
1938110,出席日数,20298,0,f89e1727t0,gloss,major,出勤天数,出席天数,出席日数是出席的天数/次数，非工作出勤；原译‘出勤天数’改成了上班义。,1,107
1493500,不精髭,20330,3,f45e1779t3,gloss,minor,五点钟阴影,傍晚时分冒出的胡茬,5-o'clock shadow指傍晚时分显出的胡茬，原译‘五点钟阴影’把英语习语逐字翻译，中文读者无法理解。,1,107
1330640,収支,20333,1,f30e488t1,example,major,在美国，许多夫妇为了增加收入而共同工作。,在美国，许多夫妻为了维持收支平衡而共同工作。,JA収支をあわせる及EN make ends meet表示收支相抵、勉强维持生计；原译说‘为了增加收入’，遗漏平衡开支的含义。,1,107
2767650,脱落者,20336,0,f168e183t0,gloss,major,淘汰者,中途退出者,脱落者及EN dropout指退出/中途放弃的人，‘淘汰者’则说成被他人淘汰，施受关系改变。,1,107
1389740,専ら,20389,3,f35e1890t3,gloss,major,排他地,仅仅,もっぱら的exclusively在此表示仅限、专门；中文‘排他地’表示排斥他人/排他的性质，不表达solely。,1,107
1109880,フェニックス,20492,1,f9e1392t1,example,critical,凤凰是亚利桑那州的首府。,菲尼克斯是亚利桑那州的首府。,本例指美国城市Phoenix（英文与日文都明确），中文城市名为‘菲尼克斯’；原译‘凤凰’错把专名译成神话鸟。,1,107
2395470,若き日,20503,0,f133e182t0,gloss,minor,年轻的日子,年轻时,若き日及younger days指年轻时期；‘年轻的日子’是生硬直译，不符合该中文时间表达。,1,107
1274420,公道,20549,1,f24e1668t1,gloss,minor,高速公路,公路,公道的词头为公共道路，English highway可泛指公路；原译限定为高速公路，增加了高速道路这一不存在的限定。,1,108
1096770,ハンドバッグ,20554,1,f8e1358t1,gloss,major,钱包,手提包,purse在该语境及对应日文ハンドバッグ中指手提包，原译‘钱包’通常是装钱的折叠小包，物件类型不符。,1,108
1593470,衣替え,20590,3,f56e1500t3,example,major,① 换衣服,我差不多该换季换衣服了。,英日例句都说该开始进行衣替え（换季更换衣物），原译‘① 换衣服’只留下了残缺标签和泛化动作，没有译出例句内容。,1,108
1593470,衣替え,20590,5,f56e1500t5,gloss,major,季节性的换装,翻新,sense 2是衣替え的比喻性改造/焕新义；renovation不再指季节换衣，原译误沿用了sense 1的衣服义。,1,108
1593470,衣替え,20590,6,f56e1500t6,gloss,major,换季着装,改头换面,facelift在此表示外观翻新/改观，原译仍沿用季节换衣义，sense 2错译。,1,108
1593470,衣替え,20590,7,f56e1500t7,gloss,major,读音为“更衣”的音读,重新设计,redesign表示重新设计，原译‘读音为更衣的音读’是从note串入的无关内容，sense 2错译。,1,108
1593470,衣替え,20590,8,f56e1500t8,gloss,major,① 换衣服,重新装饰,redecoration表示重新装饰/装修，原译‘① 换衣服’与英文义项无关。,1,108
1593470,衣替え,20590,9,f56e1500t9,gloss,major,换季着装,新面貌,new appearance指焕然一新的面貌，原译仍是季节性换装义，sense 2错译。,1,108
1593470,衣替え,20590,10,f56e1500t10,gloss,major,季节性的换装,焕然一新的面貌,fresh look指新面貌/焕然一新，原译误沿用sense 1的季节换装义。,1,108
2076190,お眼鏡,20597,2,f102e1980t2,example,critical,我认为你完全属于“可爱女孩”这一范畴。在部长的眼光里，你大概会被认为过于轻浮了吧。,我觉得你完全算得上‘可爱的女孩子’。部长肯定也会中意你的。,JAおめがねにかなう及EN pass in his judgement均为符合某人的眼光/获得认可；原译‘被认为过于轻浮’把正面认可反转为负面评价。,1,108
2871385,薄布,20615,2,f217e1072t2,xref,major,① 轻（如颜色、织物）；微弱；苍白；暗淡；薄,① 浅（如颜色）、轻薄（如织物）；微弱；苍白；暗淡；薄,light用于颜色是浅/淡色，用于织物可指轻薄；原译‘轻（如颜色、织物）’把颜色义误译为重量轻。,1,108
1591350,祈祷,20640,2,f56e774t2,example,minor,可以为宠物祈福的御守和御札终于实现了。,如今推出了可以为宠物祈福的御守和御札。,EN says charms and talismans that one can have blessed; JA says such pet charms/talismans have become available. 原译‘终于实现了’让读者误以为祈福这件事本身实现了。,1,108
1130220,マンネリ,20676,4,f11e451t4,gloss,minor,陷入僵局,陷入一成不变的状态,getting stuck in a rut指陷入乏味、停滞的固定模式；原译‘陷入僵局’常指谈判或行动的死锁，不符合マンネリ的义项。,1,108
1959460,イギリス人,20682,4,f91e1511t4,gloss,major,英国人,英格兰人,该sense专指Englishman（英格兰男性），与sense 1 Briton（英国人）区分；原译都写英国人，丢失范围差异。,1,108
1959460,イギリス人,20682,5,f91e1511t5,gloss,major,英国人,英格兰女性,该sense专指Englishwoman（英格兰女性），与sense 1 Briton（英国人）区分；原译都写英国人，丢失范围及性别信息。,1,108
1999850,薄,20756,0,f95e1248t0,gloss,minor,浅淡的（如颜色、织物等）,浅（颜色）；轻薄（织物）,薄义中的light按颜色指浅淡、按织物指轻薄；旧译把两个语境都译成‘浅淡’，不适用于织物。,1,109
1577160,どれ程,20774,4,f54e84t4,gloss,major,然而,无论多么,此义由どれほど...ても/でも引导程度让步，however应译‘无论多么’，原译‘然而’是转折连词，漏掉让步关系。,1,109
1577160,どれ程,20774,9,f54e84t9,gloss,major,几乎,几乎不,hardly带否定意义；sense标签说明该组用于否定表达，原译‘几乎’漏译否定，可能反转句意。,1,109
2014950,カルビ,20839,0,f97e206t0,gloss,minor,kalbi,韩式烤排骨,同组EN及韩式食物义已明确kalbi是韩式烤排骨；原译只重复拉丁转写，没有给中文释义。,1,109
1027850,エキセントリック,20906,1,f3e1215t1,example,minor,今天那个家伙太古怪了，我跟不上他。,今天那家伙太古怪了，我实在招架不住。,JA/EN的ついていけない / can't keep up指无法跟上对方古怪的言行，不是身体上追不上；‘我跟不上他’容易产生错误理解。,1,109
1395610,全責任,20917,1,f36e1031t1,example,major,我被委以全部责任。,我被迫承担了全部责任。,JA全責任を負わされた及EN left with all the responsibility表示被迫承担全部责任；原译‘被委以’是受托任命，语气相反。,1,109
1420580,知事,20935,1,f39e129t1,example,major,知事将囚犯释放了。,州长释放了囚犯。,JA明确为州知事，EN为governor；美国州长应译‘州长’，‘知事’是日本地方行政职名。,1,109
1361200,振り向ける,20943,6,f33e186t6,example,minor,企业正在缩减规模，并减少了用于研发的利益份额。,企业正在缩减规模，并减少将利润再投入研发的金额。,英文是减少投回研发的利润，日文为研发に振り向ける利益分；‘利益份额’不能明确表达利润再投入。,1,109
1352520,上り下り,20982,0,f32e461t0,gloss,minor,上下起伏,上下移动,上り下り表示上行和下行的动作；原译‘上下起伏’更像波动起伏，不适用于随后给出的电梯上下运行例句。,1,110
1612850,熟す,21021,1,f60e61t1,example,minor,除了他之外，没有人能胜任那份工作。,没有其他人能胜任那份工作。,JA/EN说没有其他人能胜任该工作，原译增加了来源中没有出现的特定男性‘他’，容易误导为已知唯一人选。,1,110
1445210,度数,21067,3,f41e625t3,example,major,NTT已废止面值300度以上的电话卡。,NTT已废止300度数以上的电话卡。,源文只说300 units/度数以上的电话卡；原译添加‘面值’，把通话计数单位说成货币面额。,1,110
1003020,からっと,21080,5,f1e758t5,gloss,minor,开诚布达地,坦诚地,open-heartedly表示坦率、坦诚地，原译‘开诚布达地’不是规范汉语表达。,1,110
1576290,一筆,21095,5,f53e1845t5,example,minor,不如给她写封信吗？,不如给她写封信吧。,Why don't you...是提出建议；原译‘不如……吗’疑问形式不自然，未表达出建议语气。,1,110
1602960,振込,21203,2,f58e1109t2,gloss,minor,打出成为其他玩家和牌牌的牌,打出一张让其他玩家和牌的牌,日麻用语指打出一张正好让另一位玩家和牌的牌；原译‘和牌牌’重复且不通顺。,1,111
1602960,振込,21203,3,f58e1109t3,xref,minor,② 打出其他玩家的和牌牌,② 打出一张让其他玩家和牌的牌,xref源义为打出另一位玩家的和牌张；‘其他玩家的和牌牌’不合中文麻将术语表达。,1,111
2395450,管理官,21208,1,f133e180t1,gloss,major,董事,主管,管理官是行政管理职务，英文director在此类官职语境是主管/负责人；‘董事’专指公司董事会成员，职位类型不符。,1,111
1561100,老人ホーム,21218,0,f52e711t0,gloss,minor,退休之家,养老院,retirement home对应老人之家/养老院，‘退休之家’是直译式表达，不是自然中文机构名称。,1,111
2593530,忠,21299,5,f151e289t5,xref,major,② 律令制三等官；助县官；检,② 律令制下的三等官；助县官；监察官,xref源释义包括3rd grade official、assistant district officer和inspector；原译末项仅写‘检’，明显截断且不完整。,1,111
2845048,加賀,21333,0,f192e651t0,gloss,major,加贺（位于今石川县南部的县名）,加贺（位于今石川县南部的旧国名）,英文明确是former province，日语历史地理中的国；原译‘县名’把旧国误写成县。,1,111
1795720,里親,21339,2,f77e1969t2,xref,major,① 养子,① 寄养儿童,里親的xref是foster child（寄养儿童），不是已被收养的养子；原译把寄养关系改成收养关系。,1,111
2862488,悲劇のヒロイン,21365,0,f208e1747t0,gloss,minor,戏剧女王,戏精,drama queen是夸张演绎情绪、爱演的人；‘戏剧女王’是逐词直译，中文不这样称呼此类人。,1,111
2722180,地下に潜る,21371,1,f163e1534t1,gloss,minor,隐姓埋名,躲藏起来,to go into hiding表示藏匿/躲起来；原译‘隐姓埋名’额外添加更换身份、姓名的限定。,1,111
1008250,テカテカ,21373,3,f1e1853t3,example,minor,他的裤子屁股部位闪闪发光。,他的裤子臀部磨得发亮。,JA指裤子臀部（pants seat）因磨损而发亮；原译‘裤子屁股部位闪闪发光’表达生硬且把衣物部位说成人体部位。,1,111
1252540,警棒,21427,3,f22e1516t3,example,major,保安用警棍在空中挥舞，踉跄着重新站稳了身体，看到金属网制的垃圾筐正朝自己冲过来。,警卫用警棍打了个空，踉跄着重新站稳后，看见金属网制的垃圾筐正朝自己冲来。,EN和JA均写警棍击空后失去平衡，继而看见垃圾筐冲来；原译把击空改成在空中挥舞，遗漏了碰撞/落空动作。,1,112
2827428,頭来る,21436,5,f175e705t5,xref,minor,① 生气；发怒；失去理智；暴怒；大发雷霆,① 生气；发怒；发脾气；勃然大怒；大发雷霆,xref EN says lose one's temper，表示发脾气；原译‘失去理智’是丧失理性，不是发怒本身。,1,112
1105960,ビュッフェ,21492,2,f9e784t2,example,minor,请给我两份午餐自助餐。,午餐自助餐，两位。,JAランチブッフェを二人明确是在订两位用餐，原译‘两份午餐自助餐’容易理解为要两份餐食。,1,112
1313280,歯形,21498,3,f28e994t3,example,major,最近我去看牙医，对方说以防万一，给我拍了牙模和X光片。这生意做得不错啊。,最近我去看牙医，对方说以防万一，给我取了牙模，还拍了X光片。这生意做得不错啊。,JA歯型をとられた及EN did a cast指取牙模/印模，不是拍摄牙模；原译把取模错写成拍照。,1,112
2857771,ひゃっほー,21554,2,f204e543t2,gloss,major,雅虎,耶！,本字段的yahoo是欢呼语，日文ひゃっほー也表示兴奋欢呼；原译‘雅虎’是公司品牌的音译，误认专名。,1,112
1258560,研究開発,21556,2,f23e745t2,example,major,企业正在缩减规模，并减少了用于研发的利益份额。,企业正在缩减规模，并减少将利润再投入研发的金额。,EN与JA均指减少用于研发再投入的利润金额；‘利益份额’是含混直译，没有说明被削减的是利润再投资额。,1,112
1742060,囂々,21565,0,f72e733t0,gloss,major,响亮的（批评、抗议等）,强烈的（批评、抗议等）,loud修饰批评、抗议时指声势强、猛烈，不是声音响亮；‘响亮的批评’不符合该语境。,1,112
1766690,スイカ割り,21575,0,f74e1872t0,gloss,major,切西瓜游戏,砸西瓜游戏,西瓜割り是用物品击打、砸开西瓜的游戏，不是用刀切西瓜；原译把游戏动作译错。,1,112
1656420,日雇い,21585,4,f64e241t4,example,major,不可能像过去那样做日工。,我已不能像从前那样从事繁重的日雇劳动了。,EN/JA表达无法像过去那样从事繁重的日雇劳动；原译说成不能做日工，遗漏劳动强度比较并改变了困难所在。,1,112
1588990,沖合,21617,3,f55e1824t3,example,major,几艘帆船并排驶向遥远的近海。,几艘帆船并排驶在远离海岸的海面上。,JAはるか沖合及EN far out at sea指远离海岸的海上；‘遥远的近海’将远海和近海两个相反位置并置。,1,112
1220270,旗色,21625,5,f19e1215t5,gloss,major,地位,立场,旗色sense 2中的position指所站的一方/立场；‘地位’表示社会级别，义项不符。,1,112
1200700,戒律,21705,1,f17e1373t1,gloss,minor,纪律,戒律,该组是宗教戒律义，discipline指宗教规范/戒条；‘纪律’通常指组织秩序，语域不符。,1,113
1149260,ワン・マン,21751,0,f12e1162t0,gloss,minor,一人（演出、团队等）,单人（演出、团队等）,one-man修饰演出或团队表示由一人承担/完成，原译‘一人（演出、团队等）’缺少可作前置定语的表达。,1,113
1489890,表面化,21815,0,f45e1204t0,gloss,major,趋于成熟,发展到关键阶段,coming to a head指问题/局势发展到关键点，表面化也指逐渐显现；原译‘趋于成熟’误解为生长成熟。,1,113
1051440,コル,21860,0,f5e787t0,gloss,critical,列,山口（山隘）,英语col在地理中是山间鞍部/山口，词头コル也是山岭鞍部；原译‘列’是无关字义。,1,113
2833866,ＥＤ,21923,3,f181e1267t3,gloss,minor,元素饮食,要素饮食,elemental diet是临床营养术语，中文医学资料使用‘要素饮食’，‘元素饮食’是按element直译。,1,114
2833866,ＥＤ,21923,8,f181e1267t8,xref,major,①片头曲；片头字幕,① 片头字幕；片头标题序列,xref EN是opening credits和title sequence，即片头演职员字幕/标题序列，不是opening theme song；原译‘片头曲’把字幕错成歌曲。,1,114
1146420,ロース,21947,2,f12e756t2,xref,minor,烤,烤肉,该xref对象roast作名词时指烤肉/烤制的肉；原译‘烤’只保留了烹饪动作。,1,114
1427880,張り倒す,21949,0,f39e1386t0,gloss,major,啪地放下,一巴掌打倒,張り倒す及knock down/floor指把人打倒；slap down在此是击倒对手，原译‘啪地放下’变成放置物品。,1,114
1458600,内政,21964,2,f42e1401t2,example,minor,该省负责国内事务的行政。,该部负责管理内政事务。,EN administers internal affairs及JA内政問題の行政をつかさどる表示负责管理内政事务；原译‘负责国内事务的行政’句法残缺。,1,114
1221100,機動隊,22013,2,f19e1377t2,example,major,机动队到达了现场。,防暴警察到达了现场。,EN明确为riot police，中文应为防暴警察；原译‘机动队’泛指机动单位，未说明警方及防暴职能。,1,114
2792560,人狼,22052,3,f170e1168t3,gloss,major,狼人（社交推理游戏）,杀人游戏,Mafia是社交推理游戏的一种，常称‘杀人游戏’；原译重复sense 2 的狼人，未区分英文所列另一游戏称呼。,1,114
1478140,抜きん出る,22113,2,f44e1124t2,gloss,minor,优秀,出众,抜きん出る是动词‘出众、胜过’，中文‘优秀’作为形容词不对应 to excel 的动作义。,1,115
2249350,機嫌の悪い,22156,1,f120e1903t1,example,major,那个脾气坏的男人对自己的女儿喋喋不休。,那个脾气暴躁的男人对女儿厉声斥责。,日文がみがみ言った及英文 snapped at 表示厉声责骂，旧译‘喋喋不休’只表达说个不停，漏掉责骂语气。,1,115
1619450,誰何,22177,2,f60e1140t2,example,minor,我觉得突然质问对方是谁，这样做很无趣。,我觉得突然盘问本人是谁也很失礼。,无粋在此是不得体、不懂礼数；英文 boorish 也非‘无趣’，日文句意是突然盘问身份欠妥。,1,115
1244120,区間,22207,3,f21e1738t3,example,major,目前尚无开通不通区间的计划。,目前尚无重新开通该封闭区间的希望。,日文是不通区间尚无开通见込み，旧译‘开通不通区间’语义自相矛盾且遗漏恢复通行的意思。,1,115
1596820,炊き出し,22257,0,f57e711t0,gloss,major,施粥（特指施粥饭）,发放熟食（尤指米饭）,炊き出し是向有需要者提供熟食，尤其是熟米饭；并非限定为粥，原译‘施粥’缩窄了词义。,1,115
1495020,不眠症,22311,2,f46e19t2,gloss,minor,醒着,不眠状态,该医疗词条中 wakefulness 指不眠、不能入睡的状态，不是一般‘醒着’，应保留症状语境。,1,115
2841053,ミート,22371,0,f188e1295t0,gloss,minor,正中球,击球扎实,棒球术语 hitting the ball squarely 指击球正中球心、扎实击中，‘正中球’不是自然中文释义。,1,116
1490970,貧乏くじ,22375,0,f45e1366t0,gloss,major,短签,倒霉差事,短端/短签在英语里是 idiom short end of the stick，日语貧乏くじ指抽到坏签、摊上倒霉事；按字面译‘短签’丢失比喻义。,1,116
1490970,貧乏くじ,22375,1,f45e1366t1,gloss,major,短签,倒霉签,short straw 是抽签比喻，日语貧乏くじ为坏签，中文应表达倒霉而非签的长度。,1,116
1301690,三枚目,22388,5,f27e658t5,example,major,不知道为什么，我往往喜欢第三眼的人，不管外表如何。,我常常会喜欢上那种滑稽角色类型的人，不管他们外表如何。,三枚目指歌舞伎中扮演滑稽角色的人，英文 jokers 佐证；旧译‘第三眼’是误解词条，且人称应按上下文泛指。,1,116
1068100,スキン,22473,1,f6e1238t1,gloss,major,避孕套,安全套,该义标注 colloquial 且 EN 明确为 condom，‘皮肤’完全没有表达其词义。,1,116
1103550,ヒート,22519,0,f9e379t0,gloss,minor,加热,热；热度,第一义 heat 是名词‘热、热度’，下一义另列 heating up，旧译‘加热’把状态译成动作。,1,116
1597230,垂れ幕,22539,0,f57e903t0,gloss,minor,垂帘,悬挂横幅,垂れ幕是悬挂的横幅或标语布，英语 hanging banner 也明确指横幅；‘垂帘’会误解成窗帘。,1,116
1597230,垂れ幕,22539,1,f57e903t1,gloss,minor,垂帘,悬挂式屏幕,该项对应 hanging screen，是悬挂屏幕/幕布，不是‘垂帘’。,1,116
2057300,庇,22611,7,f101e431t7,gloss,minor,帽顶,帽檐,cap peak 指帽子的帽檐，不能译为帽顶；本义与同列 brim/visor 相符。,1,117
1519400,暴れ馬,22639,0,f48e632t0,gloss,minor,不安的马,焦躁不安的马,restive 指躁动、不受驾驭，单说‘不安的马’表达不足且容易误解为情绪不安。,1,117
1859510,色を付ける,22680,1,f84e478t1,gloss,major,讨价还价,额外加点好处,日文例句请求对连衣裙价格‘もう少し色をつける’，英文 sweeten the deal，意为给额外优惠/好处，并非讨价还价。,1,117
1179030,汚水,22693,1,f15e1164t1,gloss,major,下水道,污水,sewage 是污水/排泄污物，‘下水道’是排污管网，混淆了污物与输送设施。,1,117
2661930,移動教室,22700,0,f157e1890t0,gloss,minor,修学旅行,研学营,该义英文 study camp 与 overnight field trip 指学校组织的过夜研学活动，‘修学旅行’只指旅行，遗漏营队/学习活动含义。,1,117
1616060,散発的,22747,0,f60e663t0,gloss,minor,散发性的,零星的,sporadic 应译为零星、偶发；‘散发性的’不是自然中文且易读成散发性质。,1,117
2012240,着の身着のまま,22786,3,f96e1731t3,example,minor,我身上只穿着衣服，从火灾中逃了出来。,我只穿着身上的衣服逃出了火场。,着の身着のまま表示只身穿着当时身上的衣服、仓促离开，旧译‘身上只穿着衣服’不通顺且未表达仅有身上衣物。,1,117
1185170,下車,22883,3,f16e473t3,example,minor,我下错了车站。,我在错的车站下了车。,英语与日文都是在错误的车站下车，旧译‘下错了车站’搭配不自然且会误读为车站本身有误。,1,118
1548420,雷雨,22911,2,f51e89t2,example,major,大约两小时前，因雷雨，通讯中断。,通讯因雷雨中断已有约两小时。,日文２時間ほど前から表示从约两小时前开始持续中断，英文 for two hours 也确认时长；旧译误成两小时前发生的一次事件。,1,118
2723490,ドッペルゲンガー,23015,0,f163e1784t0,gloss,major,替身,分身,Doppelgänger 指与本人长相相同的另一个人/分身，不是替代本人身份或职务的‘替身’。,1,118
2723490,ドッペルゲンガー,23015,1,f163e1784t1,gloss,major,替身,分身,Doppelganger 同义拼写，意为与本人相似的另一个自我/分身，不是‘替身’。,1,118
1672660,無軌道,23114,1,f65e1567t1,gloss,major,无轨的,鲁莽的,無軌道的比喻不受约束、行为放纵鲁莽，中文‘无轨的’仅按字面翻译而不传达 reckless。,1,119
1658830,社会復帰,23116,0,f64e671t0,gloss,minor,社会康复,回归社会,社会復帰指康复后重新融入社会，中文固定说法是回归社会；‘社会康复’容易理解成社会对人的康复。,1,119
1001960,お産,23255,4,f1e405t4,xref,major,① 分娩；（生）孩子；产下；产褥期,分娩,xref 的 EN 是 childbirth，产褥期指分娩后的恢复期，不是分娩本身。,1,119
1470600,農,23281,1,f43e1546t1,gloss,major,农学,农业,EN agriculture 和词头‘農’均指农业生产，‘农学’是学科，语义不同。,1,119
2848124,肉竿,23300,1,f195e233t1,gloss,major,鸡,阴茎,该俚语 vulgar 义中 cock 是阴茎的粗俗称呼；旧译‘鸡’误取了普通名词义。,1,120
1808260,目潰し,23451,0,f79e288t0,gloss,major,撒在眼睛里的沙子、灰烬等,用来迷眼的沙子、灰烬等,英文明确说明这些东西被抛进眼睛以使人失明，旧译只列出材料，遗漏动作和用途。,1,120
1432790,痛切,23461,3,f40e296t3,example,minor,她的悲痛过于尖锐，连眼泪都流不出来。,她悲痛欲绝，连眼泪都流不出来。,日文痛切描述强烈悲痛，旧译‘悲痛过于尖锐’是英语 acute 的字面套译，中文表达不自然。,1,120
1513750,保守,23585,4,f47e1601t4,example,minor,他是保守派。,他有些保守。,日文保守寄りだ及英文 conservative to a degree 表示程度有限，旧译‘他是保守派’改成了政治派别身份。,1,121
1303760,産休,23590,1,f27e1133t1,gloss,minor,陪产假,产假,産休在词头中是产假/分娩休假，不能与另一方的陪产假混淆。,1,121
2066160,間が抜ける,23643,2,f102e105t2,example,minor,悄悄告诉你，他有点迟钝。,私下告诉你，他有点糊涂。,日文间抜け的意思是愚笨、糊涂；旧译‘迟钝’更偏反应慢，没有忠实表达愚蠢义。,1,121
1296790,財界,23773,2,f26e1693t2,example,major,据说财界正在加强对法案提出者的反对。,据说财界对放弃提出该法案一事的反对声浪正在增强。,日文法案提出断念是放弃提出法案，原译错成反对法案提出者，施事对象完全错位。,1,121
2830207,歩み去る,23844,2,f178e208t2,example,critical,① 男人；男性,他回来时，那名女子已经走开了。,日文与英文都说女子已步行离开，原中文‘男人；男性’与例句完全无关，显然串入了别条释义。,1,122
1940260,生活指導,23849,0,f90e147t0,gloss,minor,公民指导,生活指导,日语生活指導是学校对学生生活习惯、行为等的指导，中文‘公民指导’并非自然对应词义。,1,122
1256530,兼ね合い,23993,0,f23e296t0,gloss,major,兼営,平衡,equilibrium 指平衡状态，旧译‘兼营’完全是错义。,1,122
1256530,兼ね合い,23993,1,f23e296t1,gloss,major,兼官,协调；均衡,good balance 指协调均衡，旧译‘兼官’与英文无关。,1,122
1256530,兼ね合い,23993,2,f23e296t2,gloss,major,兼業農家,均衡,兼ね合い强调各方之间的平衡协调，poise 在此对应均衡；旧译‘兼业农家’完全错义。,1,122
2194370,アイアイ,24022,0,f114e1875t0,gloss,major,指猿（Daubentonia madagascariensis）,指猴（Daubentonia madagascariensis）,aye-aye 的规范中文动物名为指猴，不是泛称的‘指猿’。,1,122
2432590,生き急ぐ,24030,1,f136e1673t1,xref,major,同“急于求成”,加速走向死亡,xref 英文明确是 hasten one's death，原译‘同急于求成’把死亡义完全弄丢。,1,122
1367020,人気,24048,2,f33e1429t2,note,major,常作“人气がない/人気のない”,常用于「人気がない／人気のない」（没有人迹）,此人気读作ひとけ，指人的气息/人迹，不是人气；原注还残留日文假名且把词义误成受欢迎程度。,1,123
1419430,弾劾,24104,3,f38e1897t3,gloss,major,弹劾,谴责,censure 是正式谴责，不能译为针对官员的弹劾；该条 t0 已对应 impeachment。,1,123
2240210,呂,24163,5,f119e1879t5,xref,major,"日本七音雅乐音阶（对应：re, mi, fa, so, la, ti, do，即多利亚调式）","日本七音雅乐音阶（对应：so, la, ti, do, re, mi, fa），类似混合利底亚调式",该 xref 英文明确是 Mixolydian 且音列从 so 起；原中文把音列换成 re 起并误写成多利亚调式，和源文直接冲突。,1,123
1090470,ナッシング,24168,2,f8e462t2,gloss,minor,无球（或无击）,零坏球（或零好球）,棒球 count 的 balls/strikes 分别是坏球/好球，‘无击’误译 strike；此处是球数计数。,1,123
2080270,光一,24332,1,f103e875t1,xref,major,① 在发牌中（即游戏开始时）的计分组合；起手牌中的顺子,手牌中的计分组合（即游戏开始时发到的牌型）,这是花札的起手牌组合，meld 在此是组合牌型，‘顺子’特指连续点数牌型，不能对应这一牌种。,1,124
1244270,区役所,24352,1,f21e1780t1,gloss,major,区议会,区级行政机关,区役所是区政府办公机关，不是代表机关‘区议会’；释义应保留地方行政机关性质。,1,124
1475860,爆心地,24359,2,f44e620t2,gloss,major,震中,地下爆源,hypocentre 在爆炸语境是地下爆炸发生的源点，‘震中’通常指地震地表位置，和本词头爆炸地点不同。,1,124
1475860,爆心地,24359,3,f44e620t3,gloss,major,震中,地下爆源,hypocenter 同义拼法，在爆炸词条下指地下爆炸源点，不是地震震中。,1,124
2105290,ニッチ,24419,1,f105e1861t1,gloss,major,利基,壁龛,建筑学 niche 指墙体凹龛/壁龛，‘利基’是商业市场概念。,1,124
2105290,ニッチ,24419,2,f105e1861t2,gloss,major,利基,生态位,生态学 niche 的中文术语是生态位；‘利基’是商业领域对 niche market 的译法。,1,124
1862500,恐れ多くも,24436,0,f84e891t0,gloss,minor,敬辞,冒昧地,恐れ多くも表示不胜惶恐/冒昧地说，graciously 在此作语气修饰；‘敬辞’是标签式说明而非释义。,1,124
1862500,恐れ多くも,24436,1,f84e891t1,gloss,minor,敬辞,恭敬地,尊敬地表达这一语气，英译 respectfully 不等于语法类别‘敬辞’。,1,124
1098670,バタフライ,24721,1,f8e1655t1,gloss,major,G弦,丁字裤,服饰义 G-string 是丁字裤；‘G弦’是音乐中的琴弦，属于明显误译。,1,125
1098670,バタフライ,24721,2,f8e1655t2,gloss,major,G弦,丁字裤,gee-string 是 G-string 的同义拼法，指丁字裤，不是 G 弦。,1,125
2840502,時の人,24759,1,f188e239t1,gloss,minor,一时之雄,当红人物,woman of the hour 指当下受瞩目的女性人物，‘一时之雄’带男性色彩且不能自然用于女性。,1,125
2056360,泣きべそ,24765,0,f101e250t0,gloss,major,哭得满脸通红,哭丧着脸，眼看就要哭出来,英文说面部扭曲、快要哭，日文泣きべそ也指哭丧脸；‘满脸通红’无源文依据。,1,125
1400340,早晩,24781,1,f37e11t1,gloss,minor,适时,迟早,早晩的 in time 表示终究会发生，‘适时’意为在合适时间，语义不同。,1,125
1072670,スプリンクラー,24811,1,f6e1922t1,example,minor,洒水器正在向草坪喷出一条条水流。,洒水器正向草坪喷出一股水流。,EN stream of water 与日文“芝生へ水を噴出”是向草坪喷出水流，旧译‘一条条水流’不合中文搭配且歪曲数量。,1,126
2012100,苔むす,24856,1,f96e1712t1,gloss,minor,变绿,生苔,苔むす是长苔、长满苔藓，‘变绿’过于宽泛，可能泛指任何绿色变化。,1,126
1404590,測量,24957,0,f37e1002t0,gloss,major,测量,英制计量体系,例句明确是 imperial measurement system（英制计量体系），现译‘英国测量法’把计量单位制度误成测量方法。,1,126
1429610,ハネ,24961,6,f39e1688t6,gloss,major,拨（围棋术语）,扳（围棋着法）,围棋 hane 的规范中文着法名为‘扳’，不是一般动作‘拨’。,1,126
1429610,ハネ,24961,8,f39e1688t8,xref,major,双拨（围棋术语）,双扳（围棋着法）,double hane 是连续/双扳着法，‘双拨’误译围棋术语。,1,126
1697020,組み手,24995,11,f68e304t11,gloss,minor,双手交叠下手传球（排球）,双手交叠的下手垫球（排球）,排球 underhand pass with clasped hands 指双臂并拢的垫球，译成‘传球’未体现技术动作。,1,126
1438500,天下一品,25005,0,f40e1282t0,gloss,major,强制,无与伦比,beyond compare 表示无与伦比，原译‘强制’完全错义。,1,126
1438500,天下一品,25005,1,f40e1282t1,gloss,major,从天而降,举世无双,peerless 表示举世无双，原译‘从天而降’完全错义。,1,126
1438500,天下一品,25005,2,f40e1282t2,gloss,minor,独一无二,无可匹敌,unrivaled 表示无可匹敌，需避免和 unique 混作同一个义项。,1,126
1438500,天下一品,25005,3,f40e1282t3,gloss,minor,天下第一,独一无二,unique 指独一无二，‘天下第一’是排名最优而非独特性。,1,126
1438500,天下一品,25005,4,f40e1282t4,example,minor,无与伦比,这是世上最好的东西。,该项是完整例句 This is the best thing on earth，原译只是同义短语而缺少完整句意。,1,126
1294470,才気,25119,0,f26e1318t0,gloss,major,智慧,才华,日语「才気」指才华、才气；英文 gloss 为 wisdom 与日文义不符，中文应表达才智而非智慧。,1,127
1847110,一杯食わす,25131,4,f83e36t4,example,major,那个汽车经销商说这辆二手丰田车况很好，就这样轻而易举地骗了我们。,那名汽车经销商谎称这辆二手丰田车况很好，把我骗了。,日语「調子がいいなどと、まんまと一杯くわせた」明确是经销商用车况良好误导说话者；旧译擅加“轻而易举”和“我们”，且弱化误导关系。,1,127
1588070,受け持ち,25142,4,f55e1462t4,example,major,对负责的患者保持客观，对护士来说很困难。,护士很难对自己负责照看的患者保持客观。,日英均说护士难以对其受照护的患者保持客观；旧译把「受け持ち」误成“负责的患者”，句子关系不通。,1,127
2425560,ちゃぷちゃぷ,25144,0,f136e301t0,gloss,minor,扑通扑通,哗啦哗啦,「ちゃぷちゃぷ」描写水轻轻晃动、拍打的声音；“扑通”通常表示物体落水或碰撞，声音类型不符。,1,127
2028010,眇める,25187,1,f98e530t1,gloss,minor,变窄,眯起（眼睛）,这是及物动词「眇める」的“眯起/收窄眼睛”义；旧译“变窄”将动作说成不及物状态变化。,1,127
1842190,刷り込み,25207,0,f82e1029t0,gloss,major,套印,印随作用,「刷り込み」作 imprinting 指幼体形成的印随/印刻作用；“套印”是另一印刷术语，不能表达该义。,1,127
1650580,木履,25305,5,f63e1125t5,note,minor,通常写作「ぼくり」或「ぽくり',通常写作「ぼくり」或「ぽくり」,原注释中第二个假名写法的括号未闭合，补齐「ぽくり」的日文引号以消除格式错误。,1,128
2243780,ＯＧ,25315,0,f120e697t0,gloss,major,老姑娘,女校友,日语 OG 的 old girl 指女子学校的毕业生/校友；“老姑娘”误解为未婚女性。,1,128
2243780,ＯＧ,25315,3,f120e697t3,xref,major,① 老男孩；校友；毕业生；前成员；前员工；前球员,① 男校友；校友；毕业生；前成员；前员工；前球员,此 xref 是关联对象释义，old boy 在此指男子学校校友，不是字面上的“老男孩”；其余释义保留。,1,128
2243780,ＯＧ,25315,4,f120e697t4,gloss,minor,办公室女孩,办公室女职员,英文 office girl 指女性办公室职员；“办公室女孩”把职业称谓误作年龄描述。,1,128
2845028,持たざる者,25373,0,f192e607t0,gloss,minor,无产者,贫困者,have-nots 指缺少财富或资源的人；“无产者”是特定阶级/政治术语，范围更窄。,1,128
1435580,定刻,25411,1,f40e769t1,gloss,minor,时刻表,预定时刻,「定刻」指预先规定的时刻，不是表示时间安排表本身的“时刻表”。,1,128
1435580,定刻,25411,2,f40e769t2,gloss,minor,日程表,预定时间,「定刻」是预定/规定的时间；“日程表”指承载时间安排的表单，词义类别不符。,1,128
1633620,草地,25422,1,f61e1787t1,gloss,minor,牧场,牧草地,meadow 指草地或牧草地；“牧场”通常指放牧场地/畜牧经营场所，含义过宽且偏离英文。,1,128
2122450,一つとっても,25489,0,f107e1215t0,gloss,major,其中之一,即使只举一个例子,「一つとっても」表示即便只举其中一例也足以说明，旧译“其中之一”丢失了让步表达。,1,128
1312400,試行,25503,0,f28e789t0,gloss,minor,试行,尝试,英文 making an attempt 对应「試行」的尝试、试做义；中文“试行”更常指试验性实施制度或方案。,1,128
1053020,コンパ,25520,5,f5e987t5,xref,major,② 公司（即朋友团体）,② 同伴（即朋友团体）,此 xref 明确将 company 解释为一群朋友/同伴；“公司”会误导为商业机构。,1,128
2042470,汚名返上,25527,0,f99e1582t0,gloss,minor,洗清冤屈,洗刷污名,汚名返上是洗刷污名、挽回名誉；“洗清冤屈”表示证明无罪，误加了遭受冤枉的含义。,1,129
2042470,汚名返上,25527,1,f99e1582t1,gloss,minor,自我救赎,挽回名誉,此处 redeeming oneself 是通过行动挽回声誉；“自我救赎”带精神/道德救赎义，偏离语境。,1,129
1065130,ジャガー,25554,0,f6e805t0,gloss,major,美洲豹（美洲豹属）,美洲豹（Panthera onca）,括号英文给出物种学名 Panthera onca；中文旧译“美洲豹属”把物种错说成属。,1,129
1849320,露知らず,25556,3,f83e573t3,example,major,万万没想到自己竟被置于如此困境之中。,天哪！我完全不知道你竟陷入了那样的困境。,英文明确说说话者不知道“你”陷入困境；日语省略对象，旧译却写成说话者自己被置于困境。,1,129
1218610,危険信号,25716,2,f19e910t2,example,minor,红光常被用作危险信号。,红灯常被用作危险信号。,这里 red light 是用作警示的红色信号灯，中文应说“红灯”，不是泛指颜色光线的“红光”。,1,129
2246530,抜け目がない,25753,1,f120e1314t1,gloss,minor,机警,机敏,astute 指判断敏锐、精明；“机警”偏向警觉戒备，与相邻的 alert 义重复。,1,129
1094340,ノンフィクション,25759,1,f8e1030t1,example,major,你更喜欢创作还是非虚构？,你更喜欢虚构作品还是非虚构作品？,fiction 在此与 nonfiction 对举，指虚构作品；“创作”表示创作行为，类别不匹配。,1,129
1433770,綴じる,25768,3,f40e463t3,gloss,minor,在汤中倒入打散的蛋液收汁,将打散的蛋液倒入汤中收尾,日语料理义是在汤中加入打散的蛋液作为最后工序；“收汁”意味着煮至汁液浓缩，英文并无此义。,1,129
1890130,粗末に扱う,25793,0,f86e531t0,gloss,minor,粗心地对待,草率对待,to handle carelessly 是草率处理/对待；“粗心地对待”是生硬直译，容易理解为注意力不集中。,1,130
2866860,表情豊か,25830,1,f212e1944t1,gloss,minor,富有表现力,富有感情的,with feeling 指富有感情、带有感情表现；现译“富有表现力”重复了相邻 expressive 义。,1,130
1594850,種々,25859,4,f57e22t4,gloss,minor,不同的,多样的,diverse 表示多样、多元；“不同的”只表达彼此有别，未表达种类多样。,1,130
2141470,鬼に金棒,25937,3,f109e1222t3,example,major,要是你能说英语，那就真是鬼配金棒了。,要是你会说英语，那就如虎添翼了。,日语成语「鬼に金棒」表示强者再添强力；原中文照搬日本鬼和金棒，成了中文里不通的表达，英文也释为使事物更强。,1,130
1587400,一攫千金,25963,2,f55e1227t2,gloss,major,一举成名,一举发财,「一攫千金」是一次获得巨额财富；“一举成名”把致富错译成成名。,1,130
1456220,読み手,25979,6,f42e589t6,xref,minor,（和歌的）作者；作曲者,（和歌的）作者；诗歌作者,此 xref 的 composer of a poem 指作诗者，不是作曲者；关联对象释义应按诗歌语义翻译。,1,130
2854806,ぺら,25991,1,f201e1030t1,gloss,major,二百字信纸,二百字稿纸,ぺら的该义是200字原稿用纸；“信纸”误将稿纸写成书信纸。,1,130
1804310,銀河系,26000,2,f78e1630t2,gloss,major,星系,银河系,英文定冠词 the Galaxy 指本银河系；中文旧译泛化为“星系”，丢失专指义。,1,130
1804310,銀河系,26000,5,f78e1630t5,gloss,major,银河,星系,该字段属于泛指 galactic system/galaxy 的 sense 2；“银河”专指本银河系，错误混淆了相邻 sense。,1,130
2611140,油を注ぐ,26020,1,f152e1769t1,gloss,minor,用油涂油,涂油,anoint with oil 是用油涂抹/涂油；“用油涂油”重复且不通顺。,1,130
1252440,警視,26104,0,f22e1502t0,gloss,major,警视总监,警视（日本警察职级）,警視是日本警察职级 police superintendent；“警视总监”是警视总监这一更高职位，并非该职级。,1,131
1830950,警官隊,26114,2,f81e658t2,example,minor,警察队与示威队混战起来。,警察与示威者打了起来。,日英均指警察与示威人群发生肢体冲突；“示威队”不符合中文常用称呼，容易误解为队伍编制。,1,131
2159430,ＵＳＢ,26128,4,f111e826t4,xref,major,USB闪存驱动器；USB记忆棒；拇指驱动器,USB闪存驱动器；U盘；U盘,thumb drive 是 U 盘/闪存盘；“拇指驱动器”是按字面拆词的误译。,1,131
2179810,がたっと,26137,2,f113e932t2,gloss,minor,（利润、精力等）突然减少的声音,（利润、精力等）突然下降,这是「がたっと」比喻数量或状态骤降的义；“突然减少的声音”把拟态表达误写成实际声音。,1,131
1091050,ニアミス,26157,0,f8e538t0,gloss,major,险胜,险些发生事故,near miss 是险些发生碰撞/事故、侥幸避开的险情；“险胜”指以微弱优势获胜，意思相反。,1,131
1211600,完封,26164,1,f18e1616t1,gloss,minor,彻底封杀,完全停摆,complete shutdown 指彻底停止运作；“封杀”是禁令/封禁义，词义不符。,1,131
1522520,本降り,26174,4,f48e1146t4,gloss,major,认真下雨,雨下得很大,本降り/ raining in earnest 指雨势达到正式的大雨程度；“认真下雨”是误把副词逐字翻译。,1,131
2829234,息が整う,26186,0,f177e320t0,gloss,minor,恢复呼吸,缓过气来,get one's breath back 是喘息后缓过气来；“恢复呼吸”容易表示此前停止呼吸，程度过重。,1,131
1299770,三つ子,26243,1,f27e319t1,example,major,三岁孩子的灵魂能活到一百岁。,三岁看大，七岁看老。,日语谚语「三つ子の魂百まで」说幼年性情会延续一生；现译成灵魂存活到百岁，按字面翻译且不表达谚意。,1,131
2848128,人離れ,26265,0,f195e240t0,gloss,minor,（商店街、职场等）人气下降,（商店街、职场等）人流减少,这里是到访/出勤人数减少；“人气下降”通常指受欢迎程度下降，容易混淆。,1,131
2079290,ひょんな,26368,5,f103e638t5,example,minor,昨天，因为偶然的事情，我看了父亲户籍抄本的复印件。,昨天，我碰巧看到了父亲户籍誊本的复印件。,日语「ひょんなことで」表示偶然、碰巧；旧译“因为偶然的事情”结构生硬且没有说明偶然遇见这份文件。,1,132
2871542,ブヒ,26393,0,f217e1368t0,gloss,minor,哼,哼哼,该拟声词对应小猪的 oink；单字“哼”更常用于人的鼻音/不满语气，补成“哼哼”才对应动物叫声。,1,132
2127880,載,26454,1,f108e401t1,gloss,critical,一百万亿亿,一载,数值字段明确为10^44；“一百万亿亿”只有10^22，数量级错了22位，中文大数单位10^44为一载。,1,132
1724420,火事場,26465,1,f70e1789t1,example,major,火灾现场当时非常混乱。,火灾现场聚集了一大群围观者。,日语「やじ馬で大変」明确说围观群众使现场十分热闹，英文也明确说大群人聚集；旧译删掉了聚集的人群这一事实。,1,132
1438260,天邪鬼,26515,3,f40e1244t3,gloss,minor,反对者,唱反调的人,contrarian 指惯于反对主流意见、唱反调的人；“反对者”范围太宽，未表达其习惯性唱反调。,1,132
1682020,金玉,26536,0,f66e1385t0,gloss,minor,金银珠宝,黄金与珠宝,日语「金玉」与英文 gold and jewels 指金与玉石/珠宝；旧译无来源地加入“银”，并漏掉玉。,1,132
1378010,正夢,26581,1,f34e1393t1,example,major,她的梦成了美梦。,她的梦实现了。,日语「正夢となった」及英文 her dream has come true 都是梦境应验/梦想实现；“成了美梦”将其误作梦的品质变化。,1,133
1238530,郷土料理,26612,0,f21e783t0,gloss,critical,故乡,地方菜,郷土料理和 regional cuisine 是地方菜/地方料理；“故乡”完全漏掉料理义。,1,133
1238530,郷土料理,26612,1,f21e783t1,gloss,critical,出生地,当地菜肴,local cuisine 指当地菜肴；“出生地”是地点，词义类别完全错误。,1,133
1238530,郷土料理,26612,2,f21e783t2,example,critical,我的故乡小镇濒临大海。,这附近有供应当地美食的餐馆吗？,日英问附近是否有提供地方特色菜的店；旧译“我的故乡小镇濒临大海”与原问句无关。,1,133
2004400,騙されやすい,26637,2,f96e119t2,example,major,人们常说骗子总是层出不穷，但骗子们都知道这一点。,常言道，每分钟都会有一个容易上当的人出生，而每个骗子都清楚这一点。,sucker 是容易上当的人/冤大头，不是骗子；旧译把受骗者与诈骗者颠倒。,1,133
2763290,見当外れ,26650,2,f167e1369t2,xref,major,猜错,错误的（猜测或估计）；偏离目标的；无关的；离题的,xref 汇总四项关联释义，旧译仅翻了 wrong guess/estimate 且遗漏其余三义，需完整保留。,1,133
1843700,短慮,26670,3,f82e1319t3,gloss,minor,急躁,脾气急,quick temper 指容易发脾气、脾气急；“急躁”更常表示不耐烦或做事毛躁。,1,133
1843700,短慮,26670,4,f82e1319t4,gloss,minor,急躁,脾气急,short temper 指容易发怒、脾气急；“急躁”未表达短促易怒的脾性。,1,133
1441170,転写,26818,4,f40e1764t4,gloss,major,音译,转写,语言学 transliteration 指用目标文字转写原文字音，不是把意义翻译过去的“音译”；术语应为“转写”。,1,134
2403040,所帯を持つ,26880,0,f133e1686t0,gloss,minor,维持家计,成家,日语「所帯を持つ」指建立自己的家庭/成家；“维持家计”仅表示承担家庭开支，与例句中未婚、没有自己的家的含义不合。,1,134
2861038,２４時,26940,0,f207e923t0,gloss,major,24时,午夜（24:00）,24時在钟表制中是午夜；“24时”在中文可能被读作24小时，不能清楚表达英文 12 AM。,1,134
2406740,留置所,26986,2,f134e416t2,gloss,major,监狱,拘留所,留置所是警察拘留设施；中文“监狱”通常指服刑监所，羁押性质和法律阶段都不同。,1,134
2061020,前職,27013,0,f101e1092t0,gloss,major,前任职位,上一职位,last position/前職指某人此前担任的职位；“前任职位”容易指前任者所担任的职位，关系不清。,1,134
2122520,食器類,27026,1,f107e1224t1,gloss,minor,刀叉,餐刀、餐叉和餐匙,cutlery 泛指进餐用刀叉匙；“刀叉”遗漏常见餐具中的匙。,1,134
2837954,一般庶民,27073,3,f185e1332t3,gloss,minor,路人,普通民众,man in the street 指普通公众/一般人，不是字面的“路人”。,1,135
1057070,サバンナ,27084,1,f5e1588t1,gloss,major,萨瓦纳,稀树草原,savannah 是热带稀树草原生态区；“萨瓦纳”只是音译，未翻译词义。,1,135
2870823,取り潰し,27095,0,f216e1904t0,gloss,major,没收藩,（幕府）废除该藩并没收其领地,英文完整义是幕府解散封建藩并没收领地；旧译仅“没收藩”，遗漏废藩/解散这一核心动作。,1,135
2618020,緊急停止,27103,1,f153e1017t1,gloss,major,紧急停堆,紧急停机,该义是一般 emergency shutdown；“紧急停堆”专指反应堆停堆，已有下一条核反应堆专义，不能将其混入通用义。,1,135
1092560,ネイティヴ,27206,2,f8e786t2,example,minor,当时，任何公立学校都没有母语英语教师。,当时任何一所公立学校都没有以英语为母语的教师。,日英均指以英语为母语的教师；旧译“母语英语教师”组合不自然且关系含混。,1,135
1366880,人間嫌い,27216,0,f33e1405t0,gloss,major,厌世,厌恶人类,人間嫌い/misanthropy 是厌恶人类，不是对生活失望的“厌世”。,1,135
1366880,人間嫌い,27216,1,f33e1405t1,gloss,major,厌世者,厌恶人类的人,misanthropist 指厌恶人类的人；“厌世者”指对人生失望或悲观者，义项不同。,1,135
1366880,人間嫌い,27216,2,f33e1405t2,example,major,你是个彻底的厌世者啊。,你真是个彻头彻尾的厌人者啊。,日语人間嫌い及英文 misanthrope 都指厌恶人类者；旧译“厌世者”混淆了厌世与厌人的概念。,1,135
2236340,中毒者,27260,3,f119e1033t3,example,major,那名中毒者死于药物过量。,那名成瘾者死于药物过量。,中毒者在中文通常指遭受中毒的人，而英文 addict 与日语中毒者此处指成瘾者；现译误解为中毒受害者。,1,135
2871605,光弾,27301,1,f217e1497t1,gloss,minor,星形弹,照明弹,star shell 是用于照明的炮弹/照明弹，不是外形为星形的弹药。,1,136
2864118,医療行為,27305,1,f210e799t1,gloss,minor,医疗治疗,治疗,medical treatment 应译为“医疗”或“治疗”；原译“医疗治疗”重复且不自然。,1,136
2239400,爵,27386,1,f119e1741t1,gloss,major,爵位（天皇授予的世袭头衔）,爵位（皇帝授予的世袭头衔）,该义泛指由皇帝授予的世袭贵族头衔；原译限定为“天皇”，将对象误限为日本天皇。,1,136
2077110,何かというと,27410,0,f103e164t0,gloss,major,一有机会,稍有借口就……,on the least pretext 表示稍有理由就做某事；“一有机会”漏掉借口/轻微缘由这一限定。,1,136
1960150,服する,27452,8,f91e1601t8,gloss,major,遵守,守丧,该条位于服丧的 sense 中，observe 指守丧/服丧期；“遵守”会误读为遵守规则。,1,136
1570110,禊,27476,3,f53e409t3,example,minor,自民党需要净身仪式。,自民党需要进行精神上的净化。,英文 spiritual cleansing 在此为政治隐喻，日语也只是说自民党需要禊；“净身仪式”误成实际宗教净身仪式。,1,136
1661680,常夏,27500,0,f64e1169t0,gloss,major,盛夏,四季如夏,常夏指四季长夏、终年如夏；“盛夏”仅指一年中最热的季节。,1,136
1838790,諜報機関,27522,1,f82e373t1,gloss,minor,秘密警察,秘密情报机关,这里与“情报机构”并列，secret service 指秘密情报机构；“秘密警察”特指国内政治警察，范围和职能不同。,1,136
2126230,掃いて捨てるほど,27529,1,f108e32t1,gloss,major,不值一钱,十分常见,two a penny 是英式表达“非常常见/不稀罕”，并非“不值一钱”（毫无价值）。,1,136
1323340,遮蔽,27558,1,f29e1045t1,gloss,minor,遮蔽,庇护,sheltering 对应保护/庇护；“遮蔽”偏向挡住视线或遮挡物体。,1,137
1323340,遮蔽,27558,2,f29e1045t2,gloss,minor,遮蔽,遮挡,screening 指遮挡、屏蔽；保留其与 shielding、sheltering 等近义字段的具体差别。,1,137
1323340,遮蔽,27558,3,f29e1045t3,gloss,minor,遮蔽,遮光,shading 在此是遮光/遮阳，旧译与其他字段重复且丢失光线限定。,1,137
1323340,遮蔽,27558,4,f29e1045t4,gloss,minor,遮蔽,掩蔽,masking 指掩蔽/遮盖，旧译过于笼统地与其他遮挡义完全重复。,1,137
2588360,激写,27572,2,f150e1230t2,note,major,源自辛田敬信摄影系列作品的标题,源自摄影师筱山纪信的摄影系列作品标题,摄影师 Kishin Shinoyama 的中文名为篠山纪信；原译“辛田敬信”误写姓名。,1,137
2870280,三文芝居,27622,1,f216e784t1,gloss,minor,不值钱的演出,不值得花钱看的演出,not worth paying to see 指不值得花钱去看的演出；“不值钱的演出”容易被理解为演出本身没有价值。,1,137
2870280,三文芝居,27622,2,f216e784t2,gloss,major,透明的行为,一眼就能看穿的把戏,transparent act 在该贬义 idiom 中指容易看穿的伪装/把戏，不是字面的“透明行为”。,1,137
2251950,器の小さい,27706,0,f121e460t0,gloss,minor,不容忍,不宽容的,intolerant 是形容词“缺乏宽容的”；“不容忍”更像动词，搭配不完整。,1,137
2831085,身辺警護,27714,0,f178e1945t0,gloss,minor,人身警卫,人身安保,personal security 指对个人的人身安全提供保卫；“人身警卫”是生硬直译，容易误读为某种警卫人员。,1,137
2121860,大部隊,27782,0,f107e1079t0,gloss,major,大队,营,battalion 的中文军事编制单位是“营”；“大队”不是对应的标准单位。,1,137
1276230,口車,27822,0,f24e1914t0,gloss,major,口车,花言巧语,口車是用甜言蜜语哄骗、诱导人的话术；“口车”是望文生义，不是中文词。,1,138
1276230,口車,27822,1,f24e1914t1,gloss,minor,口车,甜言诱哄,wheedling 指用甜言蜜语哄劝；“口车”不表达该义。,1,138
2723190,お灸をすえる,27868,0,f163e1722t0,gloss,major,翻烧火,严厉训斥,「お灸をすえる」作 idiom 是严厉责骂/惩戒；“翻烧火”把 rake over the coals 逐字翻译，中文不通。,1,138
2723190,お灸をすえる,27868,4,f163e1722t4,xref,major,① 翻烧火；责骂；训斥；烤,① 严厉训斥；责骂；惩戒；讥讽,xref 汇总的是英语惯用义，不是实际烧烤；旧译首项“翻烧火”和末项“烤”误作字面烹饪。,1,138
2087590,細め,27903,1,f104e359t1,gloss,minor,相当窄,稍窄,somewhat narrow 指稍微偏窄；“相当窄”程度过强。,1,138
1466810,入用,27923,1,f43e928t1,gloss,minor,想要,需要,此处 want 作名词表示需要/所需，而非动词意义的“想要”。,1,138
2155380,アウチ,27931,0,f111e95t0,gloss,minor,痛,哎哟,ouch 是疼痛时发出的感叹词；“痛”只是疼痛名词，不能作为自然的中文感叹。,1,138
2196460,進路相談,27934,0,f115e351t0,gloss,major,升学咨询,升学或职业规划咨询,進路相談 包括未来升学或职业方向咨询；“升学咨询”遗漏职业选择义，例句亦是 career counselling。,1,138
1065800,ジャングルジム,28028,1,f6e892t1,gloss,major,单杠,攀爬架,monkey bars 是供攀爬的横杆架/攀爬架，不是单根的“单杠”。,1,138
1678860,後援会,28042,0,f66e680t0,gloss,minor,应援团,支持团体,support group 泛指支持某人的团体；“应援团”常指现场助威团，语域和范围过窄。,1,138
1120110,ベルベット,28157,1,f10e953t1,example,major,例如，当有盘旋飞翔的鹰时，维特猴会发出某种特定的叫声。鹰会捕食猴子。,例如，长尾猴会在有盘旋飞翔的鹰时学会发出某种特定的叫声。鹰会捕食猴子。,日文ベルベットモンキー是非洲长尾猴（vervet monkey），旧译“维特猴”误译其动物名称。,1,139
1621920,琵琶湖,28280,1,f60e1549t1,gloss,major,比瓦湖,琵琶湖,词头和英文 Biwako 指日本琵琶湖，旧译“比瓦湖”是误译的音译。,1,139
1001300,オタオタ,28239,3,f1e230t3,example,minor,别慌，快点解决那个问题！,别慌慌张张的，快点把那个问题解决了！,日文「オタオタしてないで」是叫对方别慌慌张张、赶紧处理；旧译“别慌”弱化了停止慌乱这一要求。,1,139
1408900,打者,28335,1,f37e1712t1,example,major,第一位打手出局了。,第一名击球员出局了。,棒球语境中的 batter 是击球员；旧译“打手”在中文通常指受雇行凶者，语义错误。,1,140
1015470,アクリル,28402,1,f2e1224t1,example,minor,请使用丙烯酸漆。,请使用丙烯颜料。,日文为アクリル性のペンキ，指 acrylic paint，中文常用名是丙烯颜料；“丙烯酸漆”不准确。,1,140
2863878,自殺志願者,28472,0,f210e392t0,gloss,critical,自杀未遂者,有自杀念头的人,自殺志願者指有自杀意念/倾向者；英文 person contemplating suicide 也明确此义，旧译“自杀未遂者”是已尝试自杀的人，混淆了不同概念。,1,140
2863878,自殺志願者,28472,1,f210e392t1,gloss,critical,自杀未遂者,有自杀意念的人,自殺志願者指有自杀意念/倾向者；英文 prospective suicide 不是自杀未遂者，旧译误作已经尝试自杀的人。,1,140
2863878,自殺志願者,28472,2,f210e392t2,gloss,critical,自杀未遂者,有自杀倾向的人,自殺志願者及英文 suicidal person 指有自杀意念或倾向的人，不是自杀未遂者。,1,140
2278180,ＩＣ,28517,2,f123e1840t2,gloss,major,互换,高速公路互通立交,此 sense 的 IC 是 interchange（高速公路互通立交），非“互换”这个普通词义。,1,140
1311100,獅子奮迅,28672,3,f28e483t3,example,major,这次的成绩完全是他狂暴工作的成果吧。,这次的成果想必全是他奋力拼搏的回报吧。,日文「獅子奮迅の働き」及英文 furious efforts 指奋力工作、拼搏，旧译“狂暴工作”误把奋发写成暴戾。,1,141
2419200,逃げるが勝ち,28670,1,f135e985t1,gloss,minor,谨慎是勇气的一部分,三十六计，走为上计。,逃げるが勝ち对应审时度势、撤退为上策，英文 discretion is the better part of valor；旧译把 part 误解为“勇气的一部分”。,1,141
2080850,剛速球,28789,1,f103e972t1,example,major,诚然他投出的快速球很好，但他经常失控。,诚然他有一记很有威力的快速球，但他经常投出暴投。,棒球语境的 wild 指控球不稳、投出暴投；日文「よく荒れる」和英文 often wild 均如此，旧译“经常失控”含义含混。,1,141
2870799,名の通り,28711,1,f216e1823t1,gloss,minor,名如其意,顾名思义,名の通り表示正如名称所示，旧译“名如其意”不自然且不准确，成语“顾名思义”对应。,1,141
2247090,お腹を空かせる,28841,2,f120e1446t2,example,minor,饿着肚子的男人贪吃食物。,饥肠辘辘的男人狼吞虎咽地吃着食物。,英文 devoured 和日文 むさぼり食った 都表示狼吞虎咽地吃，旧译“贪吃食物”没有表达吞食动作。,1,142
1395560,全盛,28869,1,f36e1026t1,example,major,那位歌手在那首歌时正处于鼎盛时期。,那位歌手在那首歌中发挥得最好。,英文 at his best 与日文「その歌のときが全盛」在例句中说歌手演唱这首歌时状态最佳；旧译误说其事业处于鼎盛时期。,1,142
1165350,一堂,28934,1,f14e371t1,example,minor,这样也好，这么多士济济的人才聚集在一堂，真是难得啊。,这么多济济一堂的人才聚在一起，真是难得啊。,日文为「多士済済の人材が一堂に集まった」，旧译“士济济”是错字且“一堂”意为聚集一处。,1,142
1522600,本誌,28954,0,f48e1159t0,gloss,major,本杂志,（杂志或期刊的）正文,sense 1 的 main section / central portion 指杂志或期刊的主体正文部分，不是“本杂志”。,1,142
1522600,本誌,28954,1,f48e1159t1,gloss,major,本杂志,主体部分,central portion 指主体部分，旧译“本杂志”不对应此义。,1,142
1522600,本誌,28954,2,f48e1159t2,gloss,minor,本杂志,本刊,正式语境 this magazine 可译作“本刊”；“本杂志”不如中文期刊惯用语准确。,1,142
1522600,本誌,28954,3,f48e1159t3,gloss,minor,本杂志,本刊,正式语境 our journal 可译作“本刊”，旧译“本杂志”不自然。,1,142
1563640,俯ける,28984,0,f52e1154t0,gloss,major,俯,使翻转朝下,俯ける是使物体/面朝下，英文 turn upside down；旧译“俯”只是单字，未给出释义。,1,142
1563640,俯ける,28984,1,f52e1154t1,gloss,major,俯,使（脸）朝下,日文 俯ける及英文 turn (face) downward 都是使脸朝下，旧译“俯”不是可用的中文释义。,1,142
1132400,ムニエル,28999,0,f11e758t0,gloss,critical,meunière（法式奶油炒蛋）,法式黄油煎鱼（穆尼耶尔）,meunière 是法式黄油煎鱼的烹调方式/菜肴，不是奶油炒蛋；旧译将菜品译错。,1,142
1026920,エイジ,29039,0,f3e1046t0,gloss,major,age,年龄,英文字段 age 残留未译，应译为“年龄”。,1,142
1026920,エイジ,29039,1,f3e1046t1,gloss,major,period,时期,英文字段 period 残留未译，在此应译为“时期”。,1,142
1026920,エイジ,29039,2,f3e1046t2,gloss,major,era,时代,英文字段 era 残留未译，应译为“时代”。,1,142
1258940,県立,29065,0,f23e839t0,gloss,major,县的,都道府县的,日本的県立指由县级都道府县政府设立/管理；旧译“县的”忽略 prefectural 的行政区划含义且不自然。,1,142
1258940,県立,29065,1,f23e839t1,gloss,major,由县政府管理的,由都道府县政府管理的,prefectural government 在日本语境对应都道府县政府，旧译“县政府”易误指中国县级政府。,1,142
1587010,唯々諾々,29141,4,f55e1089t4,xref,major,顺从地；恭顺地； readily；奴性地；不加抗议地,① 顺从地；恭顺地；爽快地；奴性地；毫无异议地,该 xref 英文含 readily，原译将其保留为英文；补译为“爽快地”，其余按引用对象释义保留。,1,143
1550800,里子,29172,0,f51e535t0,gloss,major,养子,寄养儿童,里子指寄养家庭照料的孩子，英文 foster child 明确；“养子”通常指已收养的子女，混淆寄养与收养。,1,143
1569540,疼痛,29204,0,f53e295t0,gloss,major,阵痛,搏动性疼痛,医学术语 throbbing pain 指搏动性疼痛；“阵痛”特指间歇性疼痛/产痛，不对应原义。,1,143
2057960,ひじき,29258,0,f101e553t0,gloss,critical,发菜（一种深色可食用海藻，通常以黑色干条形式出售；Hizikia fusiformis）,羊栖菜（深色可食用海藻，通常以黑色干条形式出售；Hizikia fusiformis）,ひじき及 Hizikia fusiformis 是羊栖菜（hijiki），不是发菜；发菜是完全不同的藻类。,1,143
2842424,ぱさり,29358,0,f189e1793t0,gloss,minor,扑通一声,啪嗒一声,ぱさり 描写轻轻落下/碰触的拟声，英文 light thud；“扑通”通常是沉重落水或重物声，过重。,1,144
2842424,ぱさり,29358,1,f189e1793t1,xref,minor,砰地,啪地一声,该 xref 的 thud 是轻微碰落声，“砰地”声势过重，改为较轻的中文拟声。,1,144
1517300,法治国家,29374,0,f48e221t0,gloss,major,立宪国家,法治国家,日文「法治国家」指国家治理遵循法治，中文已有对应术语“法治国家”；立宪国家未必等同于法治国家。,1,144
1517300,法治国家,29374,1,f48e221t1,gloss,major,立宪国家,法治国家,「法治国家」的日文词义是法治国家，旧译“立宪国家”把法治与宪政概念混为一谈。,1,144
2855992,ナノマシン,29485,3,f202e1212t3,gloss,major,纳米粒子,纳米机器人,nanite 指微型机器人/纳米机器人；旧译“纳米粒子”将机器与粒子混淆。,1,144
2322580,ピア,29518,0,f126e1723t0,gloss,minor,对等,对等节点,计算机领域的 peer 是网络中的对等端/节点，词条为名词；“对等”单独作形容词且释义不完整。,1,144
2651080,ご愛嬌,29578,3,f156e1772t3,xref,major,③ 风趣；风趣；风趣,③ 娱乐；消遣；乐趣,xref 的 entertainment / amusement / fun 表示娱乐、消遣、乐趣，旧译重复“风趣”（幽默）不对应。,1,144
2860791,客入り,29473,3,f207e444t3,example,major,那部电影的观众反响非常好。,那部电影的上座率相当不错。,电影 drawing pretty well 指吸引了不少观众、上座表现好，不是观众对电影的反响评价。,1,144
2071430,セコンド,29608,3,f102e1185t3,gloss,major,第二人,（拳击等比赛中协助选手的）助手,体育义 second 指拳击选手的场边助手/协助者，不是序数“第二人”。,1,144
1649640,手斧,29696,2,f63e879t2,gloss,major,斧,锛子,sense 2 是 woodworking adze（ちょうな），中文对应锛/锛子，不是泛称的斧。,1,145
1649640,手斧,29696,3,f63e879t3,gloss,major,斧,锛子,adze 的中文工具名为锛子，旧译“斧”没有表达这种刃口与斧不同的木工工具。,1,145
1649640,手斧,29696,4,f63e879t4,note,minor,尤其作“斧”时,尤其读作「ちょうな」,日文 note esp. ちょうな 指该义项尤其读作 chōna，不是“尤其作斧时”。,1,145
1649640,手斧,29696,1,f63e879t1,note,minor,尤其作“手斧”时,尤其读作「ておの」,日文 note esp. ておの 指该义项尤其读作 teono，不是“尤其作手斧时”。,1,145
1440130,天馬,29727,1,f40e1570t1,gloss,critical,珀塞福斯,珀伽索斯,Pegasus 的中文名是珀伽索斯/飞马；旧译“珀塞福斯”误指另一位希腊神祇 Persephone。,1,145
1472130,廃車,29732,0,f43e1850t0,gloss,major,退役车辆,报废车辆,廃車是停止使用、报废的车辆；“退役车辆”通常指退役军车，范围不当。,1,145
1472130,廃車,29732,1,f43e1850t1,gloss,major,退役车辆,停用车辆,out of service vehicle 指已停用车辆；旧译“退役车辆”有军用语义且不自然。,1,145
1472130,廃車,29732,2,f43e1850t2,gloss,major,退役车辆,报废车辆,end of life vehicle 指达到使用寿命而报废的车辆，宜译“报废车辆”。,1,145
2217740,マール,29752,2,f117e1106t2,gloss,minor,泥灰岩（未固结的富含石灰岩）,泥灰岩（未固结的富含石灰质的岩石）,lime-rich rock 指富含石灰质的岩石，不是“富含石灰岩”；修正术语搭配。,1,145
2217740,マール,29752,3,f117e1106t3,xref,minor,泥灰岩（未固结的富含石灰岩）,泥灰岩（未固结的富含石灰质的岩石）,marl 的定义为未固结的富含石灰质的岩石，旧译把 lime 误作“石灰岩”。,1,145
1480590,反政府,29759,1,f44e1526t1,example,critical,他完全没有参与那个阴谋。对政府怀有恶意的是他，而不是他的哥哥。,他完全没有参与那个阴谋；怀有反政府图谋的不是他，而是他的哥哥。,英文和日文均明确说反政府图谋者是他的哥哥而不是他；旧译将对政府怀恶意的人写反，颠倒了主客体。,1,145
2846355,イチャラブ,29882,0,f193e923t0,gloss,major,打情骂俏,亲热、卿卿我我,イチャラブ指情侣亲热、卿卿我我；“打情骂俏”只表达言语挑逗，没有涵盖 making out 的亲热行为。,1,146
2852241,ウィズ,29962,0,f199e119t0,gloss,major,with,与,该字段对应英语介词 with，旧译仍为英文，未翻译。,1,146
2014960,クラーケン,30031,0,f97e207t0,gloss,major,kraken,克拉肯（北海巨妖）,Kraken 是北欧传说中的海怪，中文可译“克拉肯”或“北海巨妖”；旧译残留英文。,1,146
1756160,彦星,30044,0,f73e1745t0,gloss,major,河鼓星（天鹰座恒星）,牛郎星（天鹰座恒星）,Altair 的通行中文名为牛郎星（河鼓二），旧译“河鼓星”名称不准确。,1,146
1534790,またたび,30049,0,f49e1337t0,gloss,critical,猫钩藤（猫钩藤属植物）,木天蓼（Actinidia polygama）,またたび是植物 Actinidia polygama，中文名木天蓼；“猫钩藤”是另一种植物的名称。,1,146
1534790,またたび,30049,1,f49e1337t1,gloss,major,猫钩藤粉,木天蓼粉,cat powder 在此指猫喜爱的木天蓼制品粉末，非“猫钩藤粉”；词条植物为 Actinidia polygama。,1,146
2855845,火を吐く,30074,3,f202e959t3,gloss,major,口若悬河,激烈地陈述,火を吐く的比喻义及英文 speak vehemently 指激烈、强烈地说话，不是“口若悬河”（滔滔不绝、善于言谈）。,1,146
2012910,非の打ち所がない,30084,7,f96e1854t7,example,minor,无瑕疵的计划，未免太拘谨了。,无懈可击的计划令人喘不过气来，不是吗？,日文窮屈及英文 stifling 指令人压抑、喘不过气，旧译“拘谨”描述人的举止，意思偏离。,1,146
1424820,中絶,30037,1,f39e824t1,example,major,那位无所属的候选人将堕胎问题从公约中删除了。,那位无党派候选人把堕胎问题从竞选纲领中删掉了。,英文 platform 指竞选纲领，日文 公約 在政治语境也是竞选承诺/纲领；旧译“公约”会被理解为协议。,1,146
1515000,母の日,30123,1,f47e1859t1,example,major,几年前母亲节那天，我给岳母送了一个吊坠作为礼物。,几年前的母亲节，我送给继母一个吊坠作为礼物。,英文明确为 stepmother（继母），旧译“岳母”是妻子的母亲，亲属关系错误。,1,146
2834878,相談者,30134,4,f182e1225t4,gloss,major,被咨询者,求询者,相談者及 counselee 是接受咨询/寻求建议的人，旧译“被咨询者”含义含混，宜用“求询者”。,1,146
2834878,相談者,30134,5,f182e1225t5,gloss,major,占卜者（在塔罗牌、占星术等中）,求问者（塔罗、占星等）,tarot/astrology 中 querent 是提出问题、寻求占卜解答的人，不是执行占卜的“占卜者”。,1,146
2411940,小型犬,30141,1,f134e1485t1,gloss,major,玩具犬,在自己身上画十字,基督教语境 bless oneself 指在自己身上画十字求祝福，旧译“祝福自己”漏掉了具体动作。,1,146
1409090,駄弁る,30190,0,f37e1746t0,gloss,minor,胡言乱语,闲聊,駄弁る 是闲聊、闲扯，不是“胡言乱语”（说话荒唐无序）。,1,147
1014550,アイリス,30245,1,f2e1075t1,example,major,鸢尾花，你平时早餐吃什么？,艾瑞丝，你平时早餐吃什么？,句首直接呼唤人名 Iris，不是植物鸢尾花；旧译把专名误作普通名词。,1,147
2832918,ペンケース,30278,0,f180e1444t0,gloss,minor,钢笔盒,笔盒,ペンケース泛指装笔的盒子，词条未限定钢笔；“钢笔盒”过窄。,1,147
1647860,湯たんぽ,30305,0,f63e556t0,gloss,major,热水瓶,热水袋,湯たんぽ是用于取暖的热水袋，不是用于饮水保温的“热水瓶”。,1,147
1711350,塗り薬,30308,0,f69e1328t0,gloss,major,涂药,药膏,medical cream 是外用药膏，不是“涂药”这一动作。,1,147
1711350,塗り薬,30308,1,f69e1328t1,gloss,major,涂药,软膏,ointment 的药剂形式是软膏，旧译“涂药”没有翻出名词义。,1,147
1711350,塗り薬,30308,2,f69e1328t2,gloss,major,涂药,软膏,salve 是药膏/软膏，不能译为“涂药”这个动作。,1,147
1711350,塗り薬,30308,3,f69e1328t3,gloss,major,涂药,擦剂,liniment 指外用擦剂，旧译“涂药”没有保留具体剂型。,1,147
2836484,雷を落とす,30252,3,f184e320t3,example,minor,他怒发雷霆。,他怒吼着发泄怒气。,snarled out his anger 及日文怒って雷を落とした指发怒斥责；旧译“怒发雷霆”搭配不当。,1,147
1044230,クラッチ,30384,1,f4e1671t1,example,major,踩了几下离合器踏板，离合器总算分离了，于是勉强把车开动了。,我反复踩了几下离合器踏板，总算把离合器踩开了，暂时凑合着开车。,日文 騙し騙し運転しました 表示勉强凑合着继续开，旧译“把车开动了”把持续驾驶误成启动车辆。,1,147
1106580,ピコ,30423,0,f9e881t0,gloss,major,皮可,皮,SI 前缀 pico- 在简体中文中写作“皮”（10^-12），不写“皮可”。,1,148
1566060,婉曲,30448,0,f52e1589t0,gloss,minor,婉曲,委婉的,euphemistic 对应“委婉的”，词头婉曲；单独的名词“婉曲”未转成形容词释义。,1,148
1566060,婉曲,30448,1,f52e1589t1,gloss,major,婉曲,迂回表达的,circumlocutory 指迂回表达、绕圈子的说法，不是一般意义的“婉曲”。,1,148
1566060,婉曲,30448,2,f52e1589t2,gloss,major,婉曲,迂回表达的,periphrastic 指迂回、冗绕的表达；旧译仅为名词“婉曲”，未译出词义。,1,148
1566060,婉曲,30448,3,f52e1589t3,gloss,major,婉曲,绕弯子的,roundabout 在此表示表达方式绕弯子，需用可作定语的中文释义。,1,148
1566060,婉曲,30448,4,f52e1589t4,gloss,minor,婉曲,间接的,indirect 对应“间接的”，旧译“婉曲”只重复词头而未给出该释义。,1,148
1449020,当機,30539,0,f41e1382t0,gloss,major,本架,本机,航空广播称呼当前飞机通常用“本机”，旧译“本架”不符合中文用法。,1,148
1449020,当機,30539,1,f41e1382t1,gloss,major,本架,本机,this aircraft 在航空语境对应“本机”，不说“本架”。,1,148
1449020,当機,30539,2,f41e1382t2,example,minor,您好。欢迎乘坐本架航班。您今天好吗？,您好，感谢您搭乘本机。您今天感觉如何？,日文欢迎旅客登上当前飞机；英文感谢旅客搭乘并询问今日情况，“本架航班”误作航班且不自然。,1,148
1659000,取り付け,30426,4,f64e741t4,example,major,美国联邦储备银行正试图阻止银行挤兑。,美联储正试图阻止银行挤兑。,the Fed 是美国联邦储备系统（美联储），不是“美国联邦储备银行”；日文的機関指称也对应美联储。,1,148
1922560,タガ,30592,0,f88e854t0,gloss,minor,箍（桶、桶等上的）,箍圈（木桶等上的）,hoop of a barrel 是木桶箍圈；旧译“桶、桶等”重复且没有把 hoop 译为箍圈。,1,148
2011640,吹雪く,30632,0,f96e1589t0,gloss,major,暴风雪,刮暴风雪,吹雪く是动词，表示暴风雪猛烈吹刮；旧译“暴风雪”只是名词，未表达动作。,1,148
1037680,カップケーキ,30723,1,f4e684t1,gloss,major,仙女蛋糕,纸杯蛋糕,fairy cake 是英式英语中 cupcake 的同义词，指纸杯蛋糕，不是字面上的“仙女蛋糕”。,1,149
1140560,リーゼント,30735,0,f11e1911t0,gloss,major,里根发型,油头（Regent 发型）,リーゼント对应Regent发型（油头/大背头），不是美国总统里根；旧译“里根发型”是误认专名。,1,149
1140560,リーゼント,30735,3,f11e1911t3,xref,major,里根发型；鸭尾发型,Regent 发型（油头）；鸭尾式发型,Regent hairstyle 指一种油头发型，与Regent一词有关，不是里根发型；xref 保留另一对应发型。,1,149
1958570,ＩＤカード,30758,0,f91e1416t0,gloss,minor,身份证,身份证件,ID card 是泛指身份识别卡/证件，不限于中国居民身份证；旧译“身份证”范围过窄。,1,149
1768720,耽溺,30802,3,f75e188t3,example,critical,明明在上班，却偷着职员的眼沉迷于互联网。,明明在上班，却瞒着同事偷偷沉迷于上网。,日文「職員の目を盗んで」是瞒着同事/员工偷偷做，旧译“偷着职员的眼”不通且误解惯用语。,1,149
2724450,なされます,30819,0,f163e1973t0,gloss,minor,做,做（尊敬语）,なされます是动词する的尊敬、礼貌表达，单译“做”遗漏了该词的敬语语用信息。,1,149
2724440,為される,30860,0,f163e1971t0,gloss,minor,做,做（尊敬语）,為される在此是なさる的尊敬表达，释义应体现敬语，而非普通“做”。,1,149
1213240,韓方薬,31028,0,f18e1904t0,gloss,critical,韩药,中药,日文例句明确写「漢方薬」且英文为 Chinese herbal medicine，指中药；旧译“韩药”误作韩国药物。,1,150
1213240,韓方薬,31028,1,f18e1904t1,example,critical,只要继续服用这种韩药，就会见效的。,只要继续服用这种中药，就会见效的。,JA「この漢方薬」及英文 herbal medicine 均指中药/汉方药，不是韩药。,1,150
1428560,朝起ち,31130,4,f39e1518t4,example,major,晨勃，直到小便前的勃起，真是命悬一线啊。,晨勃，难道只能持续到我去撒尿为止吗？,英语及日文「朝立ちやしょんべんまでの命かな」是说晨勃只持续到排尿前，旧译“命悬一线”误解了俳句式表达。,1,150
1830110,生活保護,30995,3,f81e485t3,example,major,没有车也没有其他东西，靠生活保护活着。,我没有车，也没有别的东西，只能靠社会救助生活。,英文 welfare 及日文生活保護指社会救助/公共援助，旧译“生活保护”是生硬直译。,1,150
1587180,生け花,31238,2,f55e1155t2,example,minor,插花在日本是一种传统的艺道。,插花在日本是一种传统艺术。,日文芸道指艺术门类/传统技艺，译作‘艺道’不自然且偏离原义。,1,151
1587180,生け花,31238,4,f55e1155t4,gloss,major,自然花,鲜花,此处对应读音せいか及 EN natural flower，意为天然/鲜切花，与いけばな的插花艺术相区别；‘自然花’不是自然中文表达。,1,151
1622940,調伏,31440,0,f60e1711t0,gloss,major,降伏,驱魔,佛教语境的调伏/除魔之法，EN exorcism；‘降伏’在中文主要表示屈服或征服，不能表达驱除邪祟。,1,151
1391210,染色,31481,3,f36e327t3,gloss,minor,染色颜色,染色后的颜色,此义为染过的颜色（dyed colour），‘染色颜色’搭配生硬且语义关系不清。,1,151
2548300,のっしのっし,31485,0,f146e1880t0,gloss,major,蹒跚地走,迈着沉重的步子走,拟态词及 EN walking heavily 指沉重笨拙地行走，不表示蹒跚或步态不稳。,1,151
2548300,のっしのっし,31485,1,f146e1880t1,gloss,minor,蹒跚,笨重地走,EN lumbering 指笨重缓慢地移动；‘蹒跚’添加了摇晃不稳的含义。,1,151
1515920,奉公人,31563,2,f48e1t2,example,major,我的哥哥未婚，没有自己的家，便和学徒们一起在别人家吃饭。,我的哥哥未婚，没有自己的家，便和仆人们一起在别人家吃饭。,日文奉公人指仆役/佣人；原译‘学徒’来自英文 apprentices，与日文不符。,1,152
2148960,六体,31614,0,f110e723t0,gloss,major,汉字书写的六种历史字体：大篆、小篆、隶书、三角波隶书、行书、草书,汉字书写的六种历史字体：大篆、小篆、隶书、八分书、行书、草书,英文 triangular-swept clerical 对应隶书的八分书体；‘三角波隶书’是误译，非中文字体名称。,1,152
1238480,郷に入っては郷に従え,31616,0,f21e769t0,gloss,critical,预备役军人,入乡随俗,日文谚语郷に入っては郷に従え即‘入乡随俗’；现译‘预备役军人’与义项完全无关。,1,152
1238480,郷に入っては郷に従え,31616,1,f21e769t1,example,critical,退役士兵,不，您不必介意。我已经学会了入乡随俗。,日文例句明确用该谚语表达入乡随俗；原译‘退役士兵’与上下文及日文均不符。,1,152
1120370,ベンツ,31640,0,f10e993t0,gloss,major,夹克上的通风口,夹克上的开衩,服装术语 vent 指衣服下摆/背部的开衩，不是通风口。,1,152
1638140,疾しい,31741,3,f62e748t3,example,minor,我的良心问心无愧。,我问心无愧。,日文意为良心上没有愧疚之处；原译‘我的良心问心无愧’语义重复且不通顺。,1,152
2020100,目覚ます,31763,1,f97e1160t1,gloss,major,苏醒,使……醒来,该动词是及物动词，to awaken 在此为唤醒某人；‘苏醒’是不及物的醒来。,1,152
2683310,死んでも死に切れない,31778,0,f160e51t0,gloss,major,死也死不了,事情这样下去，我死也不能瞑目,日文成语及 EN 指无法含恨而终/不能就这样死去；‘死也死不了’误作无法死亡。,1,153
1576070,一山,31812,7,f53e1776t7,gloss,major,赚大钱,大赚一笔,此处 killing 是‘大赚一笔’的英语口语义，不是赚大钱之外的另一个‘杀人’义；原译‘赚大钱’丢失该固定表达含义且与相邻义重复。,1,153
2257600,処女喪失,31890,3,f121e1575t3,xref,major,男性失去处女之身,男性失去童贞,交叉引用明示男性失去 virginity；‘处女之身’专指女性，中文需用‘童贞’。,1,153
2872188,二脚,31897,0,f218e670t0,gloss,major,双脚,两脚架,bipod 是支撑器材的双脚架，‘双脚’指人的/动物的两只脚。,1,153
1476280,麦畑,31938,2,f44e699t2,gloss,major,玉米田,麦田,日文麦畑指麦类田地，玉米是另一种作物，并非麦。,1,153
1781110,温室育ち,31946,0,f76e840t0,gloss,major,温室教育,娇生惯养,温室育ち是受保护、缺少历练的成长背景，不是‘温室教育’。,1,153
1781110,温室育ち,31946,1,f76e840t1,gloss,major,温室教育的人,娇生惯养的人,该词可指在保护中过度长大的人；原译‘温室教育的人’把成长经历误作教育。,1,153
1781110,温室育ち,31946,2,f76e840t2,info,major,温室教育,温室般的成长经历,info 的 hothouse upbringing 指受保护的成长经历，不是教育。,1,153
1033380,オーラ,32026,0,f4e26t0,gloss,critical,单簧管,气场,オーラ/EN aura 是气场或灵气，误译成单簧管（clarinet）。,1,153
1033380,オーラ,32026,1,f4e26t1,example,critical,单簧管,啊，咦？我怎么感觉到一股非常强烈的负面气场？,日文负のオーラ及 EN threatening aura 均指负面气场，现译‘单簧管’与原文无关。,1,153
2452590,五代,32124,0,f138e1532t0,gloss,major,五代（中国；907-979）,五代（中国；907—960）,五代时期结束于960年；907—979年是五代十国时期的起止范围，原释义把两者混淆。,1,154
2779480,藁にもすがる,32263,0,f169e449t0,gloss,minor,抓稻草,抓住最后一根稻草,该习语表达走投无路时采取孤注一掷的举动；‘抓稻草’直译不完整，中文惯用说法是抓住最后一根稻草。,1,154
1953030,生野菜,32346,0,f91e441t0,gloss,minor,生鲜蔬菜,新鲜蔬菜,日文生野菜和英文明示 fresh raw vegetables；‘生鲜蔬菜’重复表达生鲜含义。,1,155
1953030,生野菜,32346,1,f91e441t1,example,minor,她喜欢吃新鲜的生鲜蔬菜。,她喜欢吃新鲜的生蔬菜。,原句同时有新鲜与生的限定，原译‘新鲜的生鲜蔬菜’重复且拗口。,1,155
1598840,飛び石,32364,1,f57e1497t1,example,major,他利用“跳石”连休假期回乡探亲。,他利用这些间隔休息日回乡探亲。,飛び石連休指节假日之间隔着工作日的零散假期；‘跳石连休’是字面误译，不能传达该义。,1,155
2258800,お悔やみ申し上げます,32409,0,f121e1816t0,gloss,major,我的慰问,请接受我的哀悼,お悔やみ申し上げます 是吊唁用语，‘我的慰问’容易误解为探望或一般慰问。,1,155
2258800,お悔やみ申し上げます,32409,1,f121e1816t1,gloss,major,我最深切的同情,谨致我最深切的哀悼,deepest sympathy 在该吊唁语境指深切哀悼，不是一般同情。,1,155
2258800,お悔やみ申し上げます,32409,2,f121e1816t2,example,major,请接受我最诚挚的慰问。,请接受我最诚挚的哀悼。,日英都明确是 condolences；中文应为哀悼/吊唁，而非一般慰问。,1,155
1817950,色物,32421,1,f80e20t1,gloss,major,歌舞伎,杂艺演出,该义为寄席等场合的杂艺/综艺表演，英语 variety shows；歌舞伎是特定戏剧形式，不相符。,1,155
1388190,先天性,32456,0,f35e1624t0,gloss,major,遗传的,先天性的,先天性表示出生时即有，不等同于遗传；原译把病因限制为遗传。,1,155
1187090,化粧道具,32461,0,f16e787t0,gloss,minor,化妆品,化妆工具,日文化粧道具指化妆用具；‘化妆品’指产品，未表达工具这一义。,1,155
2554300,社交ダンス,32468,1,f147e840t1,gloss,major,球类舞蹈,交谊舞,ballroom dancing 是交谊舞/交际舞；‘球类舞蹈’把 ballroom 误解成球类运动。,1,155
2003270,タロウ,32479,1,f95e1948t1,gloss,critical,大根,芋头,英文 taro 指芋头，不是大根（白萝卜）。,1,155
1846040,袈裟懸,32547,3,f82e1809t3,gloss,major,用剑斜向肩部劈砍,从肩部斜向劈砍,袈裟懸け的斩击方向是从肩部斜斩而下；原译写成朝肩部斜砍，方向相反。,1,155
1546520,羊肉,32584,1,f50e1707t1,gloss,minor,小羊肉,羔羊肉,lamb meat 的常用中文名称是羔羊肉；‘小羊肉’不自然。,1,155
1497760,符丁,32606,0,f46e610t0,gloss,critical,该报道与事实不符。,符号,符丁的该义项对应 EN symbol，原中文误混入整句‘该报道与事实不符’，与日文和英文均无关。,1,156
1670160,血煙,32661,0,f65e1134t0,gloss,major,血喷,血液喷溅,血煙及 EN spurt of blood 指喷溅出的血/血雾；‘血喷’不是自然中文表达。,1,156
1670160,血煙,32661,1,f65e1134t1,gloss,major,血喷,血液喷溅,EN spray of blood 同样指血液喷溅，‘血喷’表达不清。,1,156
1141380,リサイタル,32694,0,f12e20t0,gloss,major,独奏会,独演会,recital 可指音乐或舞蹈的个人演出会，不限于音乐独奏；例句明确是舞蹈表演。,1,156
1141380,リサイタル,32694,1,f12e20t1,example,minor,那个女孩在独奏会上凭借精彩的舞蹈获得了奖项。,那个女孩在个人演出会上凭借精彩的舞蹈获奖。,将演出场合译成‘独奏会’与日文舞蹈表演不搭；recital 在此是个人演出会。,1,156
2417800,蛇の道は蛇,32722,0,f135e625t0,gloss,major,知彼知己,只有同类才懂同类,蛇の道は蛇表达同类最了解同类，与 EN 对应；‘知彼知己’通常指了解自己和敌人，义项不同。,1,156
1319150,識者,32746,0,f29e35t0,gloss,major,知情者,有识之士,識者指有知识、见识的人；‘知情者’指掌握某事件信息的人，语义不同。,1,156
2218010,身を起こす,19,1,f117e1148t1,example,minor,猛地振作精神坐了起来。,猛地打起精神，挺身而起。,日文是打起精神后起身，旧译加入“坐了起来”，与英语 sprang out of bed 所表达的迅速起身也不符。,2,1
1236680,畏れ入る,43,9,f21e407t9,example,minor,（对方）迅速而准确地应对，令人敬畏。,这么迅速而准确地应对，真令人佩服。,畏れ入ります是说话人对对方迅速准确应对的佩服/敬服，旧译“令人敬畏”把视角变成对方令人畏惧。,2,1
1470620,農家,76,4,f43e1549t4,gloss,major,农学（中国）,农家学派（中国）,此历史义指中国诸子百家中的农家学派，不是现代农业学科“农学”。,2,1
1470620,農家,76,5,f43e1549t5,gloss,major,农学家,农家学派,该历史义是中国思想史流派 School of Agronomists，不是从事农业研究的“农学家”。,2,1
1597820,付き添い,117,2,f57e1115t2,example,major,她在婚礼上担任花童的陪侍。,她在婚礼上担任伴娘。,JA/EN 指新娘的婚礼陪伴者，即伴娘；花童是不同角色。,2,1
1129210,マフラー,154,2,f11e315t2,example,major,我是初学者，所以我想先从“针脚编织围巾”或“一针一织围巾”开始。,我是初学者，所以想先从“搓板针围巾”或“一针上一针下罗纹围巾”开始。,JA 列出两种具体编织针法，garter stitch 与 knit-one-purl-one 都是针法名称；旧译“针脚编织”“一针一织”误译了针法。,2,2
1984930,佳き,175,1,f93e1948t1,example,minor,我们把他尊为良师益友。,我们尊敬他，把他视为一位优秀的前辈。,日文称他为よき先輩，即优秀/值得尊敬的前辈；旧译“良师益友”额外说成老师和朋友。,2,2
1385260,拙い,185,6,f35e1030t6,gloss,minor,不机灵的,能力不足的,inept 指缺乏能力、不胜任；“不机灵”偏向不够聪明，不能覆盖该义。,2,2
1595060,白々しい,225,0,f57e91t0,gloss,minor,厚脸皮（如谎言）,厚颜无耻的（如谎言）,barefaced 表示厚颜无耻、明目张胆；原文“厚脸皮”口语且不自然地修饰“谎言”。,2,2
1003700,くしゃくしゃ,296,7,f1e898t7,example,minor,他的脸因泪水而变得皱巴巴的。,他哭得脸都皱成一团了。,JA 描写脸因哭泣而くしゃくしゃ，EN 指哭得面容扭曲；旧译“脸因泪水而变得皱巴巴”把表情变成皮肤起皱。,2,2
1604000,町並,336,0,f58e1481t0,gloss,minor,市貌,街景,townscape 指城镇街景/街貌；“市貌”不是自然的中文表达。,2,3
1625790,恥じらい,341,2,f61e203t2,example,minor,她为了掩饰害羞的脸色，把头扭开了。,她为了掩饰羞涩，转过脸去。,JA/EN 指她转过脸以遮掩羞涩或脸红；“掩饰害羞的脸色”搭配生硬。,2,3
1479530,半数,366,2,f44e1378t2,example,major,半数学生休学了。,半数学生缺席了。,JA 休んでいた及 EN absent 都是缺席；“休学”表示暂停学业，程度和含义都不同。,2,3
1307420,四六時中,442,0,f27e1863t0,gloss,major,全天候,全天,around the clock 表示昼夜不停/全天，现译“全天候”在中文通常指不受天气影响。,2,3
2835828,らしからぬ,455,0,f183e1047t0,gloss,minor,不寻常的,不像……的；不符合……特征的,uncharacteristic 表示不符合某人/某事的一贯特征，并非泛指不寻常。,2,3
1335940,重んじる,460,5,f30e1484t5,example,minor,大多数女性都很重视流行。,大多数女性都很重视时尚潮流。,JA/EN 的流行/fashion 指时尚，旧译“流行”单独作名词不够明确。,2,3
1352930,上級,489,0,f32e537t0,gloss,minor,上级,较高等级,upper level 指较高等级/层级；“上级”在中文通常指有管理或隶属关系的上级。,2,4
1352930,上級,489,1,f32e537t1,gloss,minor,上级,高级；高年级,upper grade 指较高等级或年级，旧译“上级”容易被理解为上级人员。,2,4
1352930,上級,489,5,f32e537t5,gloss,minor,上级,上层阶级,upper class 指社会上层阶级；“上级”不表达社会阶层。,2,4
1570210,やつれる,510,2,f53e430t2,gloss,minor,变得面有菜色,变得骨瘦如柴,emaciated 表示极度消瘦；“面有菜色”描述脸色蜡黄/营养不良，未表达极瘦。,2,4
1856960,穴を開ける,525,2,f84e192t2,example,minor,老鼠啃咬，在墙上挖了个洞。,老鼠在墙上啃出了一个洞。,JA 明确说老鼠啃墙造成洞；旧译“啃咬，在墙上挖了个洞”搭配生硬且把啃与挖割裂。,2,4
1365140,親近感,661,3,f33e1124t3,example,major,不不，结构结构。用名字互相称呼，产生亲近感，是件好事。,不不，很好很好。互相直呼名字，会让人产生亲近感，是件好事。,日文是結構結構（很好、很不错），旧译“结构结构”是误识字；其余按原句表达互称名字带来亲近感。,2,5
1211260,叫く,664,5,f18e1573t5,example,major,几个搬运工一边笑一边大声叫嚷。,几个司机一边笑一边大声叫嚷。,JA 的運転手和 EN 的 drivers 都是司机，旧译“搬运工”错了职业。,2,5
1779360,突拍子もない,675,6,f76e504t6,gloss,minor,不正常,荒谬的,absurd 表示荒谬/荒唐，原译“不正常”对应 abnormal。,2,5
1779360,突拍子もない,675,7,f76e504t7,gloss,minor,荒诞,不正常的,abnormal 是不正常的；“荒诞”更对应 absurd。,2,5
1583680,武士,696,2,f55e34t2,example,major,武士即使不吃饭，也要用高杨枝。,武士即使没吃饭，也要装作吃饱了似的剔牙。,日文是“武士は食わねど高楊枝”的谚语，意为即使挨饿也要装出体面/饱足的样子；“高杨枝”不是中文词，旧译未传达谚语义。,2,5
2273400,朱,762,4,f123e994t4,example,major,与朱砂混合便会变红。,近朱者赤，近墨者黑。,JA 朱に交われば赤くなる是“近朱者赤”的成语，EN 的 pitch 污染谚语同样表达受所交往者影响；旧译仅作字面混合朱砂变红。,2,5
2701220,もろ,777,4,f161e1467t4,gloss,minor,全然地,彻底地,totally 表示完全/彻底；“全然”在现代中文通常用于否定结构，单独作肯定副词不自然。,2,5
1558160,歴史的,779,3,f51e1931t3,gloss,minor,史无前例的,具有历史意义的,historic 表示具有历史意义；“史无前例”额外断言从未有过，语义过强。,2,5
1530170,無情,787,5,f49e516t5,gloss,major,无知的,无知觉的,佛教义的 insentient 指无感觉/知觉能力的事物，不是缺乏知识的“无知”。,2,6
2178870,キュン,799,0,f113e746t0,gloss,major,（脚步声）哒哒哒地,（心脏）怦怦跳地,キュン与胸口因强烈感情而一紧相关，pitter-patter 是心跳声；旧译误标成脚步声。,2,6
1594130,死骸,802,2,f56e1728t2,gloss,minor,躯壳,（动物）尸体,carcass 指动物尸体；“躯壳”是身体外壳/躯体，未表达尸体义。,2,6
1286070,告発,806,2,f25e1585t2,gloss,major,申诉,控告,complaint 在告発语境指控告/告发；“申诉”通常是向上级机构提出申辩或复核。,2,6
1561650,論外,817,3,f52e829t3,example,minor,刚才那个女孩连用笔记录口述内容都做不到，更不用说速记了。,之前那个女孩连用笔记录口述内容都做不到，更不用说速记了。,この前の娘指之前提到/见过的女孩；“刚才”把时间缩窄为刚刚，源文没有此限定。,2,6
2852767,ローン,839,1,f199e1140t1,gloss,major,草坪,薄棉布,lawn 在这里是细薄的棉布织物，不是草坪；日文罗恩的该义对应这种面料。,2,6
1350070,消え入る,843,5,f31e1939t5,gloss,minor,感到灵魂离开身体,感到头晕欲昏,feel faint 指感到眩晕、快要昏倒；不是灵魂离体。,2,6
1350070,消え入る,843,6,f31e1939t6,gloss,minor,感到灵魂离开身体,感到麻木,feel numb 指感到麻木；原译复用了另一义的灵魂离体解释。,2,6
1350070,消え入る,843,7,f31e1939t7,gloss,minor,感到灵魂离开身体,感觉自己快要死了,feel as though one is going to die 直指觉得自己快死了；原译把各英语细分义全部合并了。,2,6
1442640,殿方,850,0,f41e126t0,gloss,minor,诸位,诸位男士,该敬语专指 gentlemen，原译“诸位”遗漏了男性限定。,2,6
2786640,何にせよ,865,4,f169e1915t4,gloss,major,因为,不管怎样,何にせよ表示无论如何/不管怎样，不能译为因果连词“因为”；中文与该日文义一致。,2,6
1476430,筈,868,6,f44e718t6,gloss,major,箭的弦扣,箭尾槽,箭的 nock 是箭尾卡住弓弦的槽口；“箭的弦扣”误将弦扣说成箭上部件。,2,6
1408680,打ち勝つ,923,5,f37e1637t5,gloss,minor,击倒,出拳胜过（对手）,out-hit 指在击打/出拳上胜过对手，不等于把对手击倒。,2,6
1454220,道場,946,2,f42e207t2,gloss,critical,曼荼罗（佛教修行或禅修之地，特指菩提树下佛陀证悟之处）,菩提道场（佛教修行或禅修之地，特指菩提树下佛陀证悟之处）,manda/Bodhi-manda 指修行道场，尤其菩提树下证悟之处；“曼荼罗”指 mandala 图式，术语误译。,2,6
1454220,道場,946,3,f42e207t3,xref,critical,菩提曼荼罗（佛教修行或禅修之地，特指菩提树下佛陀证悟之处）,菩提道场（佛教修行或禅修之地，特指菩提树下佛陀证悟之处）,Bodhi-manda 是菩提道场，不是菩提曼荼罗；后者会误指曼荼罗图式。,2,6
1254190,決込む,1063,4,f22e1926t4,gloss,major,自以为是,假装（是）,pretend (to be) 表示假装成某种身份或状态；自以为是表示自负或固执己见，义项不同。,2,7
1254190,決込む,1063,5,f22e1926t5,gloss,major,摆架子,冒充（……）,pose as 表示假扮、冒充某种身份；摆架子是装腔作势，未表达假扮身份。,2,7
1254190,決込む,1063,6,f22e1926t6,gloss,minor,自命不凡,自认为是（……）,fancy oneself to be 可指自认为是某种身份或人物；自命不凡额外限定为自负，缩窄了原义。,2,7
1254190,決込む,1063,7,f22e1926t7,gloss,major,装模作样,假装（例如装作无知）,feign ignorance 是假装无知；装模作样偏向装腔作势，未准确表达假装某状态。,2,7
1254190,決込む,1063,8,f22e1926t8,example,major,本人自以为高人一等，但在旁人看来，不过是自以为是罢了。,本人似乎自以为唯我独尊，但在旁人看来不过是任性罢了。,JA 的唯我独尊及 EN own greatness 支持前半句；わがまま是任性、自私，旧译自以为是误换成另一性格判断。,2,7
1254190,決込む,1063,12,f22e1926t12,example,minor,我下定决心，忍辱负重，等待争论结束。,我决定耐心等待争论结束。,JA 明说辛抱強く待つ，即耐心等待；旧译忍辱负重增添受辱和负重之义。,2,7
1426380,昼前,1218,3,f39e1073t3,gloss,major,刚过中午,中午前不久,昼前表示中午之前；gloss just before noon 明确为中午前不久，旧译刚过中午把时间方向译反。,2,8
1632190,とろとろ,1222,4,f61e1480t4,gloss,minor,温和（例如煮）,慢慢地（例如用文火煮）,gently 在该义例中修饰煮的方式，表示缓慢、轻柔地煮；温和是形容词，搭配不通顺且未译出副词义。,2,8
1565330,ただならぬ,1233,5,f52e1425t5,gloss,major,非同寻常,严重的,ただならぬ可表示事态严重，EN serious 也明确此义；非同寻常只译出 unusual，丢失严重程度。,2,8
1565330,ただならぬ,1233,6,f52e1425t6,gloss,major,非同寻常,令人担忧的,EN alarming 表示令人担忧、警觉的；非同寻常没有表达令人警觉的性质。,2,8
1580555,誠,1268,3,f54e1108t3,example,major,谎言中产生的真实。,弄假成真,日文例句是谚语嘘から出た誠，字面为谎言中生出真实；旧译谎言中产生的真实不成中文表达，弄假成真准确概括日文。,2,8
1212850,敢えて,1286,6,f18e1804t6,gloss,major,未必,不特别,not particularly 表示并不特别；未必对应 not necessarily，二者不同。,2,9
1212850,敢えて,1286,7,f18e1804t7,gloss,major,未必,不特别,not especially 表示并不特别；未必对应 not necessarily，二者不同。,2,9
1278370,幸,1306,1,f25e261t1,gloss,minor,命运,福运,该词义的 fortune 指好运、福气；命运偏中性的 destiny，丢失了幸的吉祥含义。,2,9
1286370,国語,1313,3,f25e1670t3,example,major,他喜欢国语，而且很擅长。,他喜欢日语，而且很擅长。,EN 明确是 Japanese，JA 国語在日本学校科目语境中指日语；旧译国语在中文通常指本国语言，造成对象误读。,2,9
1224670,偽名,1365,0,f20e274t0,gloss,major,假名,化名,日语偽名及 EN false name 指假身份所用的名字；中文假名通常指 kana，属于假朋友，译作化名准确。,2,9
1224670,偽名,1365,4,f20e274t4,example,major,为了避免被普通人打扰，那位电影明星用假名在酒店登记入住。,为了避开普通人，那位电影明星用化名在酒店登记入住。,JA 一般人を避ける及 EN to elude the public 均为避开公众；偽名でホテルにチェックインした是用化名登记，旧译假名在中文易被理解为日语 kana。,2,9
1512520,便所,1379,4,f47e1339t4,gloss,major,浴室,厕所,便所明确指厕所；EN bathroom 在此为 toilet 的同义释义，浴室会误指洗澡的房间。,2,9
1491420,不可抗力,1395,4,f45e1462t4,gloss,critical,重大事故,不可抗力,拉丁法律术语 vis major 指不可抗力或不可抗拒力量；重大事故误译为具体事故。,2,9
1235190,共鳴,1402,2,f21e189t2,example,minor,我们在共鸣之处有很多。,我们有很多共鸣之处。,JA 表示双方有很多共鸣的方面，EN 也说有许多共同的共鸣；旧译在共鸣之处有很多搭配不自然。,2,9
1716680,やりがい,1436,4,f70e332t4,example,minor,这份工作的意义感不强。,这份工作让我觉得不够有成就感。,JA 表示不太感受到工作的やりがい，EN 说明工作缺少挑战；意义感不强把回报感误作工作意义。,2,9
2869580,バル,1442,1,f215e1068t1,example,major,他认出她时，大喊：“阳台！”,他认出她时，大喊：“瓦尔！”,EN 以 Val! 称呼被认出的女性，JA 对应喊声是バル；旧译阳台把人名当成名词义。,2,9
1522260,本家,1455,1,f48e1114t1,gloss,minor,主家,宗家,本家 sense 1 的 main family 指宗族中的本宗家；主家在中文通常指主人家或雇主，义项不合。,2,10
1606670,湧き出る,1460,11,f59e532t11,example,minor,人类心中希望会永远涌出。,人类心中的希望永远涌现。,JA 表示希望在人心中永远涌出，EN 为 hope springs eternal；旧译人类心中希望会永远涌出语序不自然。,2,10
1371800,水槽,1546,2,f34e291t2,example,major,水缸里密密麻麻地爬满了孑孻。,水缸里密密麻麻地爬满了孑孓。,ボウフラ 指蚊子的幼虫，中文应为孑孓；旧译孑孻为错字。,2,10
1471750,馬鹿野郎,1554,3,f43e1773t3,example,major,我不想被人事部的马鹿野郎指指点点。,我可不想被人事部的蠢货指使来指使去。,JA あごで指図及 EN be dictated to 表示被人颐指气使、指使；旧译指指点点变成评论批评，且残留日文马鹿野郎。,2,10
1492600,不死身,1557,3,f45e1641t3,example,major,阿喀琉斯除了脚踵以外是不死的。,阿喀琉斯除了脚跟之外刀枪不入。,该例句的 EN 明确说 invulnerable，JA 不死身也指难以被伤害；旧译不死表示永生，义项不同。,2,10
2075800,貶める,1568,6,f102e1900t6,example,minor,通过使竞争对手倒闭、获取机密情报等手段，是大企业不可或缺的存在，因此虽然风险高，但也能期待高回报的工作。,打压敌对企业、获取机密情报等工作，是大企业不可或缺的一环；虽说风险高，却有望获得高回报。,JA 将打压敌对企业、获取机密情报等工作称为大企业不可或缺，EN 也列出这些高风险高回报工作；旧译句法把手段误接成不可或缺的存在，关系不清。,2,10
1519350,暴れまわる,1630,0,f48e622t0,gloss,major,暴行,横冲直撞,暴れまわる表示四处闹腾、横冲直撞的动作；暴行是名词，且不表达此处动词义。,2,11
1519350,暴れまわる,1630,1,f48e622t1,gloss,major,暴乱,肆意闹事,run riot 指肆意闹事、胡闹；暴乱指骚乱或叛乱，范围过窄且偏向集体政治事件。,2,11
1603570,掘り返す,1673,6,f58e1308t6,example,minor,无数次把斧头埋下去，却总是又把它挖出来。看来永远的和平安静是不会到来的。,无数次埋下斧头，却总是又把它挖出来。看来永远的和平不会到来。,JA 明确说永遠の平和，EN 也指 everlasting peace；旧译额外加上安静，造成“和平安静”的不自然组合。,2,11
1094040,ノブ,1704,3,f8e988t3,example,minor,转动旋钮，打开门。,转动门把手，打开门。,sense 2 和 EN 将ノブ限定为 doorknob；旧译旋钮指设备控制件，不是门把手。,2,11
1394080,前面,1726,4,f36e801t4,gloss,minor,先前的承诺,最初的承诺（例如选举承诺）,initial 表示最初或开头的，先前的表示之前、先前，时间关系不同；括注明确属于选举承诺语境。,2,11
1394080,前面,1726,5,f36e801t5,gloss,major,先前的承诺,开场口号,opening slogan 是开场或起始时提出的口号；旧译先前的承诺把 slogan 错成承诺。,2,11
1609860,からい,1742,2,f59e1332t2,example,major,这条盐渍鲣鱼太咸了。,这份腌制鲣鱼内脏太咸了。,JA カツオの塩辛及 EN salted bonito guts 指盐腌鲣鱼内脏；旧译写成一条鲣鱼，误把加工品说成整条鱼。,2,11
2057260,とろん,1747,0,f101e423t0,gloss,major,昏昏欲睡的样子,（眼神、举止等）显得昏昏欲睡或醉醺醺的,EN 明确包含 drowsy or intoxicated，旧译只保留昏昏欲睡，遗漏醉态义。,2,11
1167960,イモ,1768,4,f14e856t4,example,minor,吃红薯会放屁。,吃土豆会放屁。,JA いも可指马铃薯等薯类，EN potatoes 明确指土豆；旧译红薯把薯类错限为甜薯。,2,11
1622640,誓って,1780,0,f60e1659t0,gloss,minor,发誓,我敢保证,誓って在此作副词式保证，EN surely 也为确定语气；发誓是动作名词/动词形式，不能自然充当该译文。,2,12
1622640,誓って,1780,2,f60e1659t2,gloss,minor,天灵灵,老天作证,by Jove 是以天主/上天作证的旧式感叹语，日文誓って也有发誓保证义；天灵灵是中文念咒式说法，语义不合。,2,12
1825730,思わせぶり,1805,4,f80e1647t4,example,major,那个女人故意装出意味深长的样子。,她相当卖弄风情。,EN quite coquettish 及 JA 思わせぶりをする表示举止卖弄风情、故作撩人；旧译意味深长没有表达此意。,2,12
1184830,下見,1898,3,f16e430t3,gloss,major,预备朗读（例如课文笔记）,预习（例如课文笔记）, preparatory read-through 指事前通读、预习材料，不是朗读；旧译预备朗读误加出声读的含义。,2,12
1184830,下見,1898,5,f16e430t5,gloss,major,瓦楞板,木制外墙板,clapboard 是用于建筑外墙的木板挂 siding；权威词典释义为水平叠搭的外墙板，瓦楞板不是该建筑构件。,2,12
1184830,下見,1898,6,f16e430t6,gloss,major,耐候板,木制外墙板,weatherboard 是建筑外墙木板挂板，与 clapboard 属同类构件；耐候板会被理解为按耐候性能分类的板材。,2,12
1192900,果てし無く,1938,1,f16e1881t1,gloss,major,无期地,无休止地,interminably 指没完没了地、无休止地；无期地表达没有期限，语义不同。,2,12
2231000,爺さん,1986,4,f118e1923t4,note,minor,通常作“爷さん”；可在名字后用作敬称,通常写作“爺さん”；可接在人名后用作敬称,EN 注释引用的是日语写法爺さん；旧译写成混杂中文简体和日语的“爷さん”，不是对应原文的写法。,2,13
1490850,貧弱,1989,0,f45e1344t0,gloss,major,贫穷,贫乏,JA 貧弱及其例句谈的是德语知识不足，EN poor 也指水平差；贫穷专指经济贫困，语义不合。,2,13
1061990,シュート,2022,1,f6e333t1,gloss,major,射门,投篮（或射门）,EN 明确包括投篮和射门的 shot；旧译只写射门，遗漏篮球投篮义。,2,13
2179310,呼び合う,2032,2,f113e830t2,example,major,不不，结构结构。用名字互相称呼，产生亲近感，是件好事。,不不，没关系。用名字互相称呼很好，能让人产生亲近感。,JA 結構結構是肯定、接受的说法，EN says perfectly fine；旧译结构结构是把日语音形误当中文词，造成不通。,2,13
1605980,余程,2035,5,f59e254t5,note,major,“余”为音读汉字,“余”为借字（当て字）,当て字指借用汉字表音或表意的用字方式；旧译音读汉字是汉字读音分类，术语含义不同。,2,13
2522430,ちょん,2056,0,f144e1108t0,gloss,major,啪（木鱼敲击声）,啪（木梆敲击声）,EN 明确为 wooden clappers 的声音；木鱼是不同的佛教打击乐器，旧译将木制梆子误作木鱼。,2,13
2522430,ちょん,2056,1,f144e1108t1,xref,major,① 啪啪作响（如木鱼敲击声）,① 啪啪作响（如敲击木梆）,xref 仍指 wooden clappers 的拍击声；木鱼不是该木制梆类乐器。,2,13
1490720,浜辺,2106,2,f45e1323t2,example,major,小船被搁浅在岸边。,小船被拖上了岸边。,JA 引き上げられている及 EN abandoned on shore 表示船被拉上岸；搁浅表示船只触底不能航行，不是此义。,2,13
1237370,教養,2132,3,f21e574t3,gloss,minor,精致,有修养,sophistication 在教養/文化语境中指有修养、有文化；精致通常描述物件做工细致，义项不合。,2,14
1237370,教養,2132,4,f21e574t4,gloss,minor,精致,有教养,教養及 EN refinement 指修养、文雅；精致不表达人的教养或举止修养。,2,14
2846225,クソ野郎,2173,1,f193e673t1,gloss,major,狗屎,狗东西,クソ野郎及 EN piece of shit 都是骂人的称呼；狗屎指粪便，旧译没有译成针对人的辱骂。,2,14
2849429,バン,2176,3,f196e698t3,example,major,两辆面包车猛烈相撞，撞得严严实实。,两辆厢式货车相撞，车身前后挤在了一起。,JA 激突してめり込んだ及 EN telescoped together 指猛烈相撞后车身挤压嵌合；旧译猛烈相撞、撞得严严实实不自然且未准确表达车身嵌挤。,2,14
1852740,恩に着る,2182,0,f83e1409t0,gloss,major,感到有恩（于）,觉得欠（某人的）人情,feel indebted to 表示觉得欠对方人情；感到有恩于某人会被理解成自己施恩给对方，主客体关系反了。,2,14
1102090,パネル,2289,1,f9e169t1,example,major,我想购买可以铺在门廊上的木制甲板面板。,我想买一块可以铺在门廊上的木质露台板。,EN porch 及 JA ポーチ说明 deck 是门廊/露台铺面；甲板通常指船上甲板，旧译产生不合语境的船舶义。,2,14
1326870,取り入る,2314,2,f29e1685t2,gloss,minor,亲近,套近乎,取り入る及 cozy up to 表示为了讨好、拉关系而亲近；单说亲近不含逢迎讨好的意味。,2,15
2670970,思しき,2298,0,f158e1679t0,gloss,major,思しき,似乎是……,EN seeming to be 对应推测为、似乎是；旧译保留日语原词，没有提供中文释义。,2,15
2670970,思しき,2298,1,f158e1679t1,gloss,major,思しき,看起来……,EN appearing 表示看起来、显得；旧译保留日语原词，没有提供中文释义。,2,15
2670970,思しき,2298,2,f158e1679t2,gloss,major,思しき,似乎……,EN apparently 表示似乎、看来；旧译保留日语原词，没有提供中文释义。,2,15
2670970,思しき,2298,3,f158e1679t3,note,major,……变成……,用于「……と〜」结构,note as ...と〜 指该词用于「……と〜」一类日语结构；旧译“变成”误读了助词と。,2,15
1273050,光沢,2346,1,f24e1474t1,gloss,major,抛光,光亮,gloss polish 在此指表面光泽、亮泽；抛光是使物体变亮的动作，不是光泽本身。,2,15
2101930,がばっと,2353,5,f105e1091t5,example,major,猛地振作精神坐了起来。,我猛地从床上跳了起来。,EN sprang out of bed 表示猛地从床上跃起，JA 也说猛然提气起身；旧译振作精神坐起来把动作误成坐起并增添心理状态。,2,15
1200500,懐かしむ,2363,3,f17e1321t3,gloss,minor,回忆（某物）,怀念（某人或某事）,recall fondly 明确含怀念、眷恋的情感；回忆本身不表示这种感情。,2,15
1620940,的外れ,2423,1,f60e1373t1,gloss,major,偏离基础,不着边际,off base 在该义下表示偏离事实、离题或不着边际；偏离基础是逐字误译，中文不表达该习语义。,2,15
1861530,縁が無い,2440,3,f84e742t3,example,minor,那个女孩从小就没有钱，结婚后却成了挥霍家。,那个女孩从小就没有钱，结婚后却成了挥霍无度的人。,spendthrift 指挥霍钱财的人；挥霍家不是自然的中文称谓。,2,15
2035140,あるまじき,2515,3,f98e1929t3,example,major,教师的不当行为。,这种行为有失教师身份。,EN 及 JA 都说这种行为不配教师身份；旧译只写教师的不当行为，没有表达行为有失身份的判断关系。,2,16
1476040,縛り付ける,2542,5,f44e648t5,example,major,他们把泥棒绑在了树上。,他们把小偷绑在了树上。,泥棒是日语“盗贼、小偷”，不是中文词；旧译保留日文原词，未完成例句翻译。,2,16
1000800,いじらしい,2546,4,f1e127t4,gloss,major,琐碎,可怜的,pathetic 表示可怜、令人同情；琐碎表示细小无关紧要，义项不合。,2,16
1166790,一抹,2586,4,f14e610t4,example,major,人生就像一缕泡沫。,人生不过是泡影。,EN 和 JA 都以泡沫比喻人生短暂；泡沫不是“一缕”，旧译的一缕误把 bubble 与 smoke/cloud 的量词义混淆。,2,16
1569230,狆,2592,1,f53e247t1,gloss,major,日本猎犬,日本狆,Japanese spaniel 是日本狆犬的旧称；日本猎犬会被理解成用于狩猎的犬种，并非 spaniel。,2,16
2844792,チン,2593,0,f192e196t0,gloss,major,钟（韩国锣）,韩国大锣,Jing 是韩国传统的大型锣；博物馆藏品说明将其标作 frame gong，旧译“钟（韩国锣）”前后矛盾。,2,16
1850420,解き明かす,2641,3,f83e827t3,example,major,在父亲怀抱中的独生子神，已被祂所阐明。,那位在父亲怀中的独生子神，已经把神显明出来了。,EN has made him known 及 JA 神を解き明かされた表示独生子神向世人显明神；旧译用被动式被祂所阐明，主客体关系颠倒。,2,17
1499090,舞い戻る,2686,0,f46e839t0,gloss,major,舞い戻る,重新回来,EN come back 指回来；旧译直接保留日语词形舞い戻る，没有中文释义。,2,17
1499090,舞い戻る,2686,1,f46e839t1,gloss,major,舞い戻る,返回,EN return 指返回；旧译直接保留日语词形舞い戻る，没有中文释义。,2,17
1211340,堪らない,2702,12,f18e1584t12,note,major,接在动词或形容词的连体形之后,接在动词或形容词的て形之后,日语 te-form 是て形；连体形是另一种活用形式，旧译混淆了形态说明。,2,17
1640030,心する,2729,0,f62e1124t0,gloss,major,关心,当心,心する表示留神、谨慎；to take care 在此不是关心某人或某事。,2,17
1075630,ソロ,2804,0,f7e319t0,gloss,major,独奏,独奏；独唱,ソロ及 EN solo 可指独奏或独唱，例句明确是上台唱歌；旧译只保留器乐独奏义。,2,17
1075630,ソロ,2804,1,f7e319t1,example,major,当他唱独奏时，我担心他音准会跑调，手心都出汗了。,他上台唱一首跑调的独唱曲时，我替他紧张得手心直冒汗。,EN 和 JA 都明确是歌唱 solo，独奏指器乐演奏，旧译误译成演奏。,2,17
1166970,一目ぼれ,2816,2,f14e634t2,example,minor,是一见钟情的。,这就是一见钟情。,EN It was love at first sight 及 JA 一目惚れなの 都表示这是一见钟情；旧译“一见钟情的”缺少中心语，句子不完整。,2,18
1911620,名探偵,2826,1,f87e1219t1,example,minor,福尔摩斯先生是烟斗的大爱好者，也是一位名侦探。,福尔摩斯先生不仅是个烟斗迷，还是位名侦探。,EN pipe man 及 JA パイプの大の愛用者指烟斗爱好者；旧译烟斗的大爱好者搭配不自然。,2,18
1653720,酔いしれる,2897,0,f63e1704t0,gloss,major,醉倒,醉得神志不清,befuddled with drink 表示喝醉后神志不清；醉倒额外表示倒地、昏倒，译得过重。,2,18
1437410,適性,2902,3,f40e1079t3,example,minor,天才不过是能够忍受忍耐的卓越天赋罢了。,天才不过是拥有极强的忍耐力。,JA 忍耐に堪え得る及 EN aptitude for patience 都指极强的忍耐力；旧译把忍受与忍耐重复堆叠，表达不通顺。,2,18
1591960,窮まる,2945,6,f56e985t6,note,major,用于形容词名词之后。例如：退屈極まる話,接在形容动词词干之后。例如：「退屈極まる話」,日语术语 adjectival noun 指形容动词，例子退屈为形容动词；旧译形容词名词混淆词类。,2,18
1552200,流れ星,2959,1,f51e803t1,gloss,major,陨星,流星,falling star 是 meteor 的同义说法，中文对应流星；陨星多指坠落到地面的陨石。,2,18
1552200,流れ星,2959,4,f51e803t4,xref,major,流星；陨星；坠落星,流星；流星；流星,xref 中 meteor、shooting star、falling star 在此都是流星的同义词；坠落星不是自然中文词。,2,18
1291100,差し引く,3022,6,f26e758t6,gloss,major,铭记,考虑到,英文是“to bear something in mind”，应译为考虑到，而不是铭记。,2,19
1226910,虐げる,3033,2,f20e673t2,gloss,major,暴政,施暴,此义的英文是“to tyrannize”，中文“暴政”是名词，不能对应动词义。,2,19
2015930,巡り,3044,3,f97e367t3,gloss,major,巡行,朝圣,英文明确为pilgrimage，意为朝圣/巡礼；“巡行”遗漏宗教朝圣义。,2,19
1550640,裏返る,3069,3,f51e507t3,gloss,major,变调,声音变成假声,裏返る用于声音时指突然转为假声/破音，不是泛指变调。,2,19
1550640,裏返る,3069,4,f51e507t4,gloss,major,变调,声音变成假声,此义是声音突然破成假声，现译“变调”过于宽泛。,2,19
1550640,裏返る,3069,5,f51e507t5,gloss,major,变调,发出尖细声,squeak指发出尖细的吱声，不是泛指变调。,2,19
1550640,裏返る,3069,6,f51e507t6,gloss,major,变调,发出嘶哑声,croak指发出嘶哑/粗哑的声音，不是泛指变调。,2,19
1550640,裏返る,3069,7,f51e507t7,gloss,major,变调,声音颤抖,quaver指声音颤抖，不是泛指变调。,2,19
1408950,打破,3103,2,f37e1719t2,gloss,minor,废除,改掉,例句意为摒弃坏习惯；中文“打破坏习惯”搭配不当，改为自然且忠实的“改掉”。,2,19
1094700,ハーフ,3113,1,f8e1071t1,gloss,major,混血儿（尤指日欧混血儿）,混血儿（尤指日籍与外国籍父母所生者）,英文说尤其指半日本血统，并未限定为日欧混血；原译无根据地缩窄到欧洲血统。,2,19
1522050,殆ど,3163,7,f48e1085t7,gloss,major,除……外,几乎全部,all but作副词义是“几乎、差不多”，原译“除……外”对应另一结构，意思相反。,2,20
1408280,太鼓,3197,1,f37e1551t1,example,major,费了那么大劲用铃鼓和太鼓把他找出来，结果他却让人失望了。,费了那么大劲把他找出来，结果他却让人失望了。,JA的“鉦や太鼓で探しあてた割には”是夸张说法，指大张旗鼓/费尽周折地找出来；原译误作真的用乐器寻找。,2,20
1392360,選定,3223,0,f36e563t0,gloss,major,选拔,选择,例句是选择例句，日文選定不特指选拔人员；“选拔”将适用对象错误限为人。,2,20
1849970,差し向ける,3274,2,f83e710t2,gloss,minor,派（人、车等）,派遣（人员、车辆等）,dispatch在此是派出人员或车辆；现译“派（人、车等）”表达不完整且不自然。,2,20
1426170,忠誠,3278,4,f39e1017t4,gloss,major,忠诚,正直,integrity在此指正直、操守，不是忠诚。,2,20
2255260,つーんと,3295,7,f121e1129t7,gloss,major,酸涩地,刺鼻地,acridly描述刺激性强、刺鼻的气味；“酸涩地”是味觉用语，不合气味义。,2,20
1318080,自前,3168,1,f28e1862t1,example,major,是我自己买的。,她自费买的。,英文明确是她自费购得；日文自前で表示自掏腰包，原译“我自己买的”误换主语且漏掉费用含义。,2,20
2012170,大忙し,3310,1,f96e1724t1,example,minor,放学后练习非常忙碌。,放学后我忙着练习。,JA说放学后（我）忙于练习；原译把“忙”错误地说成练习本身的状态。,2,21
2024840,明け暮れる,3400,2,f97e1972t2,gloss,major,除了某事之外,只做……,do nothing but表示“只做……/除了……什么也不做”，原译“除了某事之外”缺少否定并改变结构。,2,21
1204170,外野,3406,2,f18e61t2,xref,major,内野；垒球场,内野；棒球内场,diamond在棒球语境指内野/内场，不是垒球场。,2,21
1079290,テキスト,3467,3,f7e835t3,example,major,请不要再把数学教科书忘在家里了。,请不要再忘记数学课本了。,日文仅说不要再忘记数学课本，没有说忘在家里；原译凭空补入地点。,2,21
1158140,異例,3487,0,f13e1033t0,gloss,major,例外,非同寻常的,exceptional作形容词是非同寻常的/特别的，不是名词“例外”。,2,22
1158140,異例,3487,1,f13e1033t1,gloss,major,例外,不同寻常的,unusual是不同寻常的，原译“例外”词性及含义不合。,2,22
1158140,異例,3487,2,f13e1033t2,gloss,major,例外,非凡的,extraordinary意为非凡的，原译“例外”不自然且不准确。,2,22
1158140,異例,3487,3,f13e1033t3,gloss,major,例外,前所未有的,unprecedented意为前所未有的，原译“例外”不对应。,2,22
1158140,異例,3487,4,f13e1033t4,gloss,major,例外,独特的,singular此处意为独特、非同寻常，原译“例外”不合。,2,22
1158140,異例,3487,5,f13e1033t5,example,major,那完全是例外的事。,那确实是件不同寻常的事。,JA说这件事非常異例，即不同寻常；原译“例外的事”搭配生硬。,2,22
1555870,隣接,3558,1,f51e1490t1,gloss,major,连续,毗连,contiguity指相接、毗连；“连续”通常指时间或序列不中断，语义不符。,2,22
1694890,お膳立て,3596,3,f67e1927t3,gloss,major,把鸭子排好队,把事情安排妥当,getting one's ducks in a row是把事情安排妥当，不是把鸭子字面排队。,2,22
1694890,お膳立て,3596,4,f67e1927t4,gloss,major,跑干扰,从中周旋,running interference指从中斡旋/帮忙挡开阻碍，不是“跑干扰”。,2,22
1632980,鎌,3607,3,f61e1656t3,gloss,major,诱导性问题,刁钻问题,trick question指刁钻、设套的问题，不是诱导性问题。,2,22
2227030,目を盗む,3636,4,f118e1153t4,example,major,明明在上班，却偷着职员的眼沉迷于互联网。,上班时，我竟背着同事沉迷于网络。,JA的職員の目を盗んで意为背着同事/员工偷偷做；原译“偷着职员的眼”不通。,2,22
1481980,煩悩,3639,3,f44e1788t3,example,major,“108，那是烦恼的数量。”“哥哥有什么烦恼呢？”“说出来也行，不过会被审查删掉的。”,“108，那是世俗欲望的数量。”“哥哥有什么世俗欲望呢？”“说出来也行，不过会被审查删掉的。”,原文及英文两次用worldly passions，此处是欲望/烦恼，不是担忧、烦恼的日常义；原译“哥哥有什么烦恼”语义偏离。,2,22
1106360,ピアス,3735,0,f9e855t0,gloss,minor,耳钉（用于穿孔耳垂）,穿孔式耳饰,英文包含所有用于已穿耳洞的耳饰，不限于耳钉；原译缩窄到耳钉。,2,23
1712410,駆け出し,3842,2,f69e1546t2,example,major,作为一个刚出道的记者，他的身手相当不错。,作为刚入行的记者，你的本事相当不错。,JA称赞听者是刚入行的记者却很有本事；原译把受称赞者误写成第三人称“他”。,2,24
1505870,聞き入る,3853,2,f47e125t2,example,minor,随后，钢笔从手中滑落，我只是听着。,后来钢笔从我手中滑落，我只是专心地听着。,聞き入る表示专注倾听，原译只写“听着”漏掉专注义。,2,24
1156990,易い,3938,5,f13e806t5,example,major,他容易记错别人的名字。,他容易忘记别人的名字。,日文忘れやすい及英文apt to forget均为容易忘记；原译“记错”变成记忆错误。,2,24
1778950,でき損ない,3964,2,f76e422t2,gloss,major,死损,彻底失败,dead loss在此指彻底失败/毫无价值，原译“死损”是对英语词面的误译。,2,24
1366320,震え上がる,3998,2,f33e1331t2,gloss,major,摇晃,颤抖,震え上がる表示因恐惧而剧烈颤抖；“摇晃”指物体晃动，义项不符。,2,25
1835750,いい年,4083,4,f81e1763t4,xref,major,不，完全不,（尽管）已经到了该懂事的年纪,xref对应“明明到了懂事的年纪却……”；原译“不，完全不”与英文义完全无关。,2,25
1578350,見栄,4091,0,f54e451t0,gloss,major,卖弄,炫耀,show在此指炫耀/卖弄门面；只用“卖弄”不能体现此名词义。,2,25
1578350,見栄,4091,1,f54e451t1,gloss,major,卖弄,炫耀,display作名词指展示/炫耀，非泛指卖弄。,2,25
1578350,見栄,4091,2,f54e451t2,gloss,major,卖弄,虚荣,pretensions指虚荣、装腔作势，不是简单“卖弄”。,2,25
1578350,見栄,4091,3,f54e451t3,gloss,major,卖弄,面子,appearances在此指注重外表/面子，不能译为“卖弄”。,2,25
1578350,見栄,4091,4,f54e451t4,gloss,major,卖弄,炫耀,ostentation意为炫耀、铺张，原译过于含混。,2,25
1578350,見栄,4091,5,f54e451t5,gloss,major,卖弄,虚荣,vanity意为虚荣心，原译“卖弄”偏向行为而非心理动机。,2,25
1637210,総員,4300,3,f62e512t3,example,major,全体，弃船！,全体船员，弃船！,JA是船上弃船命令，総員指全体人员/船员；“全体，弃船”缺少呼语对象。,2,26
1496430,付与,4313,6,f46e337t6,example,major,我认为，社会将这种情感特权赋予年轻，很容易引起误解。,我认为，社会把这种情感特权赋予年轻人，很容易引起误解。,JA明确是赋予“年轻”这一特质相关的特权，译文缺少受事人，原译“赋予年轻”不完整。,2,27
1267050,戸棚,4327,5,f24e350t5,example,major,这本书放在橱柜里。,这本书在橱柜顶上。,JA戸棚の上是橱柜上方/顶部，不是柜子里面。,2,27
1360390,審査員,4434,2,f33e9t2,example,major,那个学生非常在意审查员对他辩论的批评性评论。,那个学生非常在意评委对自己演讲的批评。,審査員在此是评委（英文judge），不是审查员；原译错置职业语境。,2,27
2854424,園,4416,4,f201e342t4,example,major,他们侵入了我的果园。,他们糟蹋了我的果园。,JA荒らした表示毁坏、糟蹋果园；原译“侵入”漏译造成的损害。,2,27
1381190,誠心誠意,4537,3,f35e132t3,example,major,他全心全意地对她。,他全心全意地为她付出。,日文尽くした意为尽心尽力/付出，原译“对她”缺失谓语动作。,2,28
2038440,ずっと前に,4634,1,f99e618t1,example,minor,我以前看过那部电影。,很久以前我看过那部电影。,JAずっと前に及英文long ago均强调很久以前；原译“以前”漏掉时间距离。,2,28
2835376,ロリ,4866,4,f183e229t4,gloss,major,恋童癖,萝莉控,此义的英文为lolicon；“恋童癖”是对应另一义的术语，混同后会把角色/兴趣称谓错译为临床或犯罪标签。,2,30
1406910,他のもの,4911,3,f37e1353t3,example,major,别的东西占了渔夫之利。,别人坐收渔翁之利。,他の物在此是他人，搭配漁夫の利即别人坐收渔翁之利；原译“别的东西”误解了指称。,2,30
1083270,デッキ,4946,4,f7e1410t4,gloss,major,门厅,车厢连接处,铁路客车语境的vestibule指车厢连接处/通道，不是建筑物门厅。,2,30
1661230,賜物,5037,5,f64e1079t5,example,major,这次的成绩完全是他狂暴工作的成果吧。,这次的成绩完全是他拼命工作的成果吧。,JA 獅子奮迅の働き指奋力工作、勇猛努力；旧译“狂暴工作”误将比喻译成失控暴力。,2,31
1519390,暴れだす,5164,1,f48e630t1,gloss,major,开始暴行,开始发狂,暴れ出す是开始胡闹/猛烈行动，英语也为 begin to act violently；“开始暴行”把动作说成名词暴行且不通顺。,2,31
1517410,法的,5194,0,f48e234t0,gloss,minor,法定的,法律上的,法的作形容词是法律上的/合法的；“法定的”特指法律规定的、法定的，缩窄了 legal 的一般含义，与例句法律责任不符。,2,32
1198190,会う約束,5319,1,f17e854t1,gloss,minor,幽会,会面,会う約束是约好见面；rendezvous 本身不带秘密幽会义，现译无根据地添加了隐秘/私会色彩。,2,32
1198190,会う約束,5319,2,f17e854t2,gloss,minor,日期,约见,date 在此与 appointment、rendezvous 并列，指约定见面；“日期”把约见事件误成日历上的日期。,2,32
1552690,留め,5329,1,f51e879t1,example,major,例如，佩珀伯格会向亚历克斯展示绿色的木制图钉或红色的纸三角形等物体。,例如，佩珀伯格会给亚历克斯看绿色的木钉和红色的纸三角形等物体。,JA 留めくぎ 与 EN wooden peg 指木钉/木销，现译“图钉”添加了并不存在的特定物件。,2,32
1552690,留め,5329,2,f51e879t2,gloss,minor,剩余（例如邮政的“留置”）,留置（如存局待领邮件）,此处留め的邮政义对应 poste-restante，即留置待领；现译“剩余”是对 remaining 的机械直译，括注也已提示“留置”。,2,32
1722060,節穴,5386,4,f70e1344t4,example,major,我的眼睛可不是节孔。,别想蒙骗我的眼睛。,JA 節穴ではない与 EN You cannot pull the wool over my eyes 表达识破欺骗；“我的眼睛可不是节孔”是生硬直译，未传达惯用语义。,2,33
1076130,タイル,5404,1,f7e386t1,example,minor,从屋顶掉下来的瓦片碎成了粉末。,从屋顶掉下来的瓷砖摔得粉碎。,JA 粉々に砕けた意为碎成粉碎/碎片，旧译“碎成了粉末”将粉々误作实际粉末；tile 此处为屋顶瓦片/瓷砖。,2,33
2081360,材,5444,1,f103e1059t1,gloss,minor,lumber,木材,该字段仍残留英文 lumber，和同组木材/木料义相同，应译为中文。,2,33
1512830,弁護,5499,4,f47e1399t4,example,major,实在不好意思，能否请您为我辩护？,实在不好意思，能否请您替我说几句好话？,EN put in a word for me 是替人说情/美言，JA 弁護していただけませんか 在此为替我辩护；旧译“为我辩护”容易误作法律辩护。,2,33
1230250,給食,5502,3,f20e1213t3,example,minor,有午餐吗？,学校有供餐吗？,EN 明确为 lunch at school，JA 給食也指学校等集体供餐；旧译“有午餐吗”漏掉关键场所/供餐限定。,2,33
1275330,厚かましい,5545,4,f24e1801t4,gloss,major,妄自揣度,冒昧的,presumptuous 指冒昧、放肆或自以为是；“妄自揣度”是猜测义，不符合词义。,2,34
1275330,厚かましい,5545,5,f24e1801t5,example,major,那样说他，他真是个厚脸皮的人。,他说那种话真是厚颜无耻。,JA そう言うことは彼はあつかましい奴だ 与 EN It is impudent of him to say so 均表示他说这话很无礼；旧译误成“那样说他”，主客体颠倒。,2,34
1492940,不肖,5613,0,f45e1694t0,gloss,minor,不肖（指对父亲、师长等不肖）,不肖（不如父亲、师长等）,unworthy of one's father/teacher 是自谦称不肖、愧不如父师；旧括注“不肖（指对父亲、师长等不肖）”不通且关系表达错误。,2,34
2147290,と言えど,5642,1,f110e441t1,gloss,minor,即使如此,话虽如此,having said that 是转折承接语“话虽如此”；“即使如此”对应 be that as it may，未区分该独立义项。,2,34
1281050,考え出す,5689,0,f25e759t0,gloss,minor,思考,构思,考え出す与 think out 是想出/构思，现译“思考”只表示一般思考，没有表达想出方案的结果义。,2,34
1281050,考え出す,5689,5,f25e759t5,example,minor,他试图想出解决问题的对策，但行不通。,他试图解决这个问题，但没有成功。,EN had no luck 与 JA 無理でした表示未能成功；“行不通”形容方案不可行，改变了原句失败结果的表述。,2,34
1432220,津波,5694,1,f40e170t1,gloss,minor,潮汐波,海啸,此义对应津波；英语 tidal wave 在这里是海啸的旧称/同义译法，中文“潮汐波”会误导为普通潮波。,2,34
2508400,メモ帳,5709,6,f143e309t6,gloss,minor,写字板,书写便笺本,writing pad 指供书写的纸本/便笺本，“写字板”通常指可擦写板或电子设备，品类错误。,2,34
1360540,心を込めて,5569,2,f33e26t2,example,minor,两人像多年未见重逢一般，全心全意地握手。,两人像多年未见重逢一般，热情地握着手。,JA 心をこめて与 EN heartily 表达热情、真挚地握手；旧译“全心全意地握手”中文搭配不自然。,2,34
1326960,取り立てる,5734,4,f29e1733t4,example,minor,国王向人民征收了苛捐杂税。,国王向人民严厉征税。,JA 税を厳しく取り立てた/EN exacted taxes 表示严厉征税；“苛捐杂税”额外断定税种苛刻、杂乱，原文未表达此意。,2,35
1004110,ぐらぐら,5740,12,f1e988t12,example,major,头摇摇晃晃的。,我头晕目眩。,EN My head is swimming 与 JA 頭がぐらぐらします是头晕目眩；旧译把身体感觉误成头部摇晃。,2,35
1577985,居る,5809,3,f54e345t3,example,major,“在我之后来的人比我强。因为他在我之前。”这是此人的话。,“在我之后来的人比我强，因为他在我之前。”这就是我所说的那个人。,JA といったのはこの方の事です、EN This was he of whom I said 指说这话的是我、所指的人是他；旧译“这是此人的话”颠倒了说话者与所指对象。,2,35
1577985,居る,5809,6,f54e345t6,example,minor,多亏你们，大家都很好。,大家都很好，谢谢关心。,"EN They're all fine, thank you 与 JA おかげで元気にしております是客气回应“大家都好，谢谢”；现译“多亏你们”把感谢对象误说成原因。",2,35
1574220,ぶらんこ,5879,1,f53e1316t1,gloss,major,吊环,高空秋千,trapeze 是马戏团高空飞人使用的横杠/高空秋千，不是体操吊环；现译对应不同器械。,2,35
1170550,陰鬱,5885,2,f14e1447t2,gloss,minor,阴森的,沉闷的,dreary 指令人沉闷、阴郁、凄凉；“阴森”特指可怕幽暗，增加了恐怖意味。,2,35
2414740,コリコリ,5721,1,f134e1971t1,gloss,minor,嘎吱作响,爽脆,コリコリ describing food means crisp/crunchy texture;“嘎吱作响”只译出了可能的声音，未译出质地。,2,35
1326960,取り立てる,5734,11,f29e1733t11,xref,minor,特别是；尤其；尤其,特别是；尤其是；格外,xref 中 particularly/in particular/especially 三项原译含重复“尤其”，改成不重复的对应中文。,2,35
1322490,煮える,5937,0,f29e784t0,gloss,minor,煮,煮熟,煮える是煮熟、煮开；单字“煮”在中文不自然地缺少结果，源义是由食物达到熟/沸的状态。,2,36
1322490,煮える,5937,1,f29e784t1,gloss,minor,煮,煮熟,煮える对应 to be cooked，中文“煮”不能独立表达食物被煮熟的状态。,2,36
1419240,団子,5950,1,f38e1841t1,gloss,minor,饺子（通常指甜的）,团子（通常为甜食）,日文団子与英译 dumpling (usu. sweet) 对应日式甜团子；中文“饺子”通常指包馅饺子，误导了食物种类。,2,36
1080130,テラス,6044,1,f7e946t1,example,minor,露台不错。,可以给我们安排一张露台的桌子吗？,EN Could we have a table on the terrace? 与 JA テラスがいいのですが 是询问/请求安排露台座位；旧译“露台不错”仅作评价，没有表达请求。,2,36
1574570,まっしぐら,6068,6,f53e1380t6,example,major,“猫急”一词，表现的是家猫朝着食物猛冲的样子。,这个说法形容家猫朝着食物奋力直冲过去的样子。,JA ねこまっしぐら明确指家猫朝食物奋力直冲；旧译“猫急”不能表达该动作，译文按日文句义自然说明。,2,37
1512060,編入,6083,0,f47e1274t0,gloss,minor,录取,转入,編入指中途转入学校/组织；“录取”容易理解为首次通过选拔入学，遗漏了转入含义。,2,37
1600690,剥ぎ取る,6098,5,f58e227t5,gloss,minor,剥掉,剥去（某人的衣物）,to rob someone of clothes 明确包含剥去他人衣物；现译仅“剥掉”缺少受事及衣物信息。,2,37
2833073,気持ちが悪い,6115,9,f180e1766t9,gloss,minor,感到恶心,感到不舒服,feeling unwell 比 nausea/恶心范围更广，常指身体不适；现译把不适限定为恶心。,2,37
2833073,気持ちが悪い,6115,13,f180e1766t13,gloss,minor,令人不舒服,令人沮丧,frustrating 指令人沮丧/受挫；“令人不舒服”与同列 uncomfortable 重复，未保留该字段的情绪义。,2,37
1333790,集約,6144,6,f30e1023t6,example,minor,资本集约产业不一定是知识集约产业。,资本密集型产业不一定是知识密集型产业。,JA/EN 明确是 capital-intensive 与 knowledge-intensive industries；中文经济术语应为资本/知识密集型产业，旧译“集约产业”漏掉“密集型”这一术语。,2,37
1384930,切れ端,6178,6,f35e963t6,example,minor,女孩用生布头做了一个布娃娃。,女孩用一块布料做了一个布娃娃。,JA 生地の切れ端与 EN a piece of cloth 指布料碎片；“生布头”误把生地理解成生布，表达不自然。,2,37
1352050,障る,6191,0,f32e382t0,gloss,major,妨碍,有害于,to be harmful to 表示对……有害；“妨碍”对应 hinder（下一条），混淆了有害与阻碍。,2,37
1891760,楽しい思い出,6218,2,f86e757t2,example,minor,学生时代大概会成为我美好的回忆之一。,学生时代会成为我最美好的回忆之一。,EN one of my happiest memories 明确有最高程度，现译“美好”漏掉 happiest 的最高级限定；JA 乐しい也支持愉快美好的回忆。,2,37
1622750,血迷う,6109,0,f60e1674t0,gloss,minor,血迷,失去理智,血迷う是失去理智/因冲动而昏头，孤立写“血迷”不是自然的中文释义。,2,37
1622750,血迷う,6109,1,f60e1674t1,gloss,minor,血迷,失去自制,lose control of oneself 是失去自制/控制，现译“血迷”未表达该义且不是自然的中文词组。,2,37
1275670,口が悪い,6250,1,f24e1838t1,gloss,minor,口齿锋利,说话尖刻,having a sharp tongue 指说话尖刻/刻薄；“口齿锋利”在中文通常指口才好，义项偏离。,2,38
1275670,口が悪い,6250,3,f24e1838t3,xref,minor,尖酸刻薄；口无遮拦；口齿锋利；尖嘴利舌,讽刺；满口脏话；说话尖刻；嘴巴尖酸刻薄,xref 中 having a sharp tongue 旧译“口齿锋利”容易误解为口才好，与刻薄用语不符。,2,38
1006340,ズキズキ,6278,0,f1e1459t0,gloss,minor,阵痛地（疼痛）,一阵阵跳痛（指疼痛）,ズキズキ是有节律地一阵阵疼/跳痛；旧译“阵痛地”搭配不通，也容易读成分娩阵痛。,2,38
1227250,逆立ち,6283,2,f20e720t2,example,major,做倒立时，脖子咔嚓一声断了。,我做倒立时脖子猛地一顿。,JA 首がガクンとなりました描述脖子突然一顿/猛地一动；旧译“断了”会误称颈部骨折，英文 snapped 是夸张表达。,2,38
1492440,無細工,6296,6,f45e1618t6,gloss,minor,平淡的,相貌普通的,形容人的 plain 指相貌平平/普通，不是“平淡”（通常用于味道或内容）。,2,38
1231520,牛耳る,6307,0,f20e1510t0,gloss,critical,牛棚,控制,牛耳る是掌控/控制；旧译“牛棚”完全无关，属于错义。,2,38
1231520,牛耳る,6307,1,f20e1510t1,gloss,major,牛棚,主导,to take the lead in 是主导/带头；“牛棚”完全无关。,2,38
1231520,牛耳る,6307,2,f20e1510t2,gloss,major,牛车（平安时代贵族乘坐）,把……掌控在手中,to have under one's thumb 是控制某人/事；“牛车”完全误译。,2,38
1179390,奥まる,6310,2,f15e1214t2,example,minor,那家店在离街道很远的地方。,那家店在街道里面一些的地方。,EN just off the street 与 JA 通りから奥まった表示店铺从街边往里一些；旧译“离街道很远”夸大距离。,2,38
2069400,だから何だ,6379,2,f102e836t2,example,minor,那又怎样。,那他妈又怎样？,EN 明确含粗口强调 So fuckin' what；原译完全抹掉强烈粗鲁语气，JA だってんだ也有不耐烦、挑衅语气。,2,38
1471290,破格,6430,6,f43e1673t6,gloss,minor,不合规矩的,不合语法的,solecistic 指违反语法规则、不合语法；“不合规矩”太泛，可能被理解为行为失礼。,2,39
1077690,チクチク,6443,2,f7e601t2,gloss,minor,刺痛,麻刺感,tingling 是麻刺感/刺痒感，单译“刺痛”会丢掉麻、发 tingling 的感觉。,2,39
2827589,人目につく,6471,2,f175e1001t2,gloss,minor,被人看见,显眼,to be conspicuous 是显眼、醒目，不只是被人看见。,2,39
2827589,人目につく,6471,3,f175e1001t3,gloss,minor,被人看见,引人注目,to attract public attention 明确表示引起公众注意；“被人看见”弱化了主动吸引注意的义项。,2,39
2827589,人目につく,6471,4,f175e1001t4,gloss,minor,被人看见,受到他人关注,to come under observation 是受到观察/注意，旧译“被人看见”未保留被关注的含义。,2,39
1404410,息吹,6481,1,f37e975t1,gloss,minor,（新事物、清新事物的）征兆,（新事物、新气象的）征兆,sign of something new and fresh 指新事物/新气象出现的征兆，旧译“清新事物”搭配不当。,2,39
1126940,マイナー,6513,3,f10e1987t3,gloss,major,微不足道的,冷门的,minor 的该义项译自 obscure，意为不常见/不出名/冷门；“微不足道”是 insignificant，义项错配。,2,39
1507380,平手,6600,2,f47e405t2,example,major,过去，做了坏事，被老师打手心或挨拳头是理所当然的事。,过去做了坏事，挨老师一个巴掌或拳头是常有的事。,平手をくらう是挨一记巴掌；旧译“打手心”将动作解释成打学生的手掌，改变了受击部位。,2,39
1507380,平手,6600,3,f47e405t3,gloss,minor,平手,不让子对局,将棋术语平手是双方不让子的对局；中文“平手”通常指比赛打平，容易误解。,2,39
1507380,平手,6600,4,f47e405t4,gloss,minor,无让,不让子,lack of handicap 在将棋语境指不让子；“无让”不是自然完整的棋类表达。,2,39
1003120,ガチャガチャ,6604,4,f1e774t4,gloss,major,嘎啦嘎啦,唠唠叨叨地,此义 persistently complaining 是持续絮叨；“嘎啦嘎啦”只表示器物声响，完全不合义项。,2,40
1003120,ガチャガチャ,6604,5,f1e774t5,gloss,major,嘎啦嘎啦,烦人地絮叨,annoyingly 此处修饰抱怨、说个不停，现译拟声词“嘎啦嘎啦”无关。,2,40
1003120,ガチャガチャ,6604,6,f1e774t6,gloss,major,嘎啦嘎啦,喋喋不休,(going) on and on 是反复说个不停，现译“嘎啦嘎啦”误作声响。,2,40
1003120,ガチャガチャ,6604,7,f1e774t7,gloss,major,嘎啦嘎啦,乱糟糟的,messy 描述杂乱，现译“嘎啦嘎啦”与义项无关。,2,40
1003120,ガチャガチャ,6604,8,f1e774t8,gloss,major,嘎啦嘎啦,杂乱的,cluttered 是杂乱/堆满东西，现译“嘎啦嘎啦”与义项无关。,2,40
1003120,ガチャガチャ,6604,9,f1e774t9,gloss,major,嘎啦嘎啦,不整洁的,untidy 是不整洁，现译“嘎啦嘎啦”是无关的声音词。,2,40
1003120,ガチャガチャ,6604,10,f1e774t10,gloss,major,嘎啦嘎啦,扭蛋机,ガチャガチャ的商标义是胶囊玩具自动贩卖机，即扭蛋机；“嘎啦嘎啦”没有翻译物品义。,2,40
1003120,ガチャガチャ,6604,11,f1e774t11,gloss,major,嘎啦嘎啦,扭蛋玩具,capsule toy 指扭蛋/胶囊玩具，现译“嘎啦嘎啦”未表达该物品。,2,40
1003120,ガチャガチャ,6604,12,f1e774t12,xref,major,胶囊玩具；自动售货机玩具,扭蛋玩具；扭蛋机,xref 对象是胶囊玩具及其售卖机；中文现译将后者误成“自动售货机玩具”，且未体现常见扭蛋含义。,2,40
2007490,お粗末,6635,3,f96e795t3,example,major,虽然简陋，请借我的自行车用吧。,这辆自行车不怎么样，您尽管用吧。,JA 御粗末なものですが是谦辞、EN 允许对方使用自行车；旧译“请借我的自行车用吧”把施受方向反转成请求别人借车。,2,40
1555020,力持ち,6656,1,f51e1346t1,gloss,minor,力士,大力士,strong man 指力气大的人/大力士；“力士”在现代中文常特指相扑选手，限定错误。,2,40
1851810,かき上げる,6726,0,f83e1167t0,gloss,minor,用手指把头发梳上去,用手指把头发往上捋,源义明确是用手指把头发向上拨/捋；旧译“梳上去”容易理解为使用梳子，与括号中的动作器官冲突。,2,40
1851810,かき上げる,6726,2,f83e1167t2,gloss,minor,把（一缕）头发梳平,把一缕头发向后拨开,smooth back a wisp of hair 是把一缕头发向后拨开，不是把头发“梳平”。,2,40
2229390,ハイテンション,6743,11,f118e1615t11,gloss,major,高张力（例如：电流）,高压（例如电流）,electrical high-tension current 指高压电流；“高张力”是机械/材料张力，领域术语不符。,2,40
1195720,課す,6775,5,f17e352t5,example,minor,新税被征收在葡萄酒上。,对葡萄酒征收了一项新税。,EN/JA 表示新税被施加于葡萄酒；原译“被征收在葡萄酒上”介词搭配不通。,2,40
1606580,分れ道,6789,5,f59e496t5,example,minor,我在岔路口向右走了。,我在岔路口走了右边那条岔路。,take the right fork 是选择岔路右侧的一支；原译只说在岔路口向右走，省略了选择分支的意思。,2,40
1285870,刻みつける,6865,2,f25e1547t2,example,major,我会将您这番切中要害的话语铭记于心。,我会把您亲切的话语铭记于心。,JA 親切な言葉与 EN kind words 都是亲切的话；“切中要害”反而表示说到关键处，与原文相反。,2,41
2856052,へっちゃら,6958,0,f202e1306t0,gloss,minor,不关心（某事）,不在乎（某事）,unconcerned about 在此是毫不在乎、不介意；“不关心”更像没有兴趣或不关注，不符合へっちゃら的无所谓语气。,2,41
1282760,降り始める,6972,1,f25e1061t1,example,major,雨开始下起来了。,雨开始倾盆而下。,EN cats and dogs、JA 土砂降り明确表示暴雨/倾盆大雨；旧译只说开始下雨，漏掉强度。,2,41
2026860,素っ飛ぶ,6932,7,f98e297t7,gloss,major,匆匆而过,急忙赶来,to rush over 指急忙赶到某处/赶来，不是“匆匆而过”（匆忙经过）；原译把到达方向误成路过。,2,41
2026860,素っ飛ぶ,6932,8,f98e297t8,gloss,major,匆忙经过,匆忙赶去,to hurry over 表示匆忙赶去某处，现译“匆忙经过”同样误成路过。,2,41
2081470,狂,7012,3,f103e1091t3,gloss,minor,行家,爱好者,buff 指某领域的爱好者/迷，不等于专业行家；同组 enthusiast/fan 支持“爱好者”。,2,42
1185970,下調べ,7015,2,f16e604t2,example,minor,你做了预习吗？会议在两天后。,你做好会前功课了吗？会议只剩两天了。,下調べ是会议前的资料调查/准备，EN homework 也是做功课；旧译“预习”专指学习课程，语境不符。,2,42
1556150,令,7046,4,f51e1552t4,gloss,major,令和元年（2019年5月1日-）,令和纪年第n年（始于2019年5月1日）,EN 明确是 nth year in the Reiwa era；旧译“令和元年”限定为第一年，错误地漏掉此后各年。,2,42
1475500,薄める,7054,2,f44e565t2,gloss,minor,变薄,使变稀,薄める是及物的使液体变稀/稀释；“变薄”通常描述厚度，且省略了使动义。,2,42
1945720,秘密兵器,7061,1,f90e1226t1,example,major,拥有秘密武器知识的人，把我置于危险的境地。,拥有秘密武器知识的人让自己陷入了不利境地。,EN placed himself behind the eight ball 和 JA 我が身を危険な立場に置いている均指让自己陷入不利处境；旧译把 himself 误成“我”，也将不利说成危险。,2,42
2854719,ご名答,7075,0,f201e857t0,gloss,minor,好回答！,答得好！,ご名答是对正确答案的称赞，“好回答”中文搭配不自然。,2,42
2854719,ご名答,7075,1,f201e857t1,gloss,minor,说得好！,答对了！,that's right 表示答对/猜中，旧译“说得好”是称赞表达能力，没有说判断正确。,2,42
1350160,消火,7089,1,f31e1956t1,gloss,minor,消防,灭火,fire fighting 作为动作义是灭火；“消防”通常指消防工作/消防机构，不是本词所指扑灭火灾的动作。,2,42
2862611,ジュ,7103,0,f209e10t0,gloss,major,果汁,肉汁,食物语境的 jus 指烹调肉类析出的汁/肉汁，不是水果汁；果汁是普通 juice。,2,42
1908140,葬り去る,7139,0,f87e784t0,gloss,major,埋葬,彻底遗忘,葬り去る的比喻义 consign to oblivion 是彻底遗忘/使湮没；“埋葬”只按字面义翻译，未表达比喻义。,2,42
1314490,事なく,7161,4,f28e1245t4,example,major,他不知不觉地跑过去了。,他没注意到她就跑了过去。,JA 彼女に気づくことなく 与 EN without noticing her 是没注意到她；旧译“不知不觉”只说动作无意识，遗漏了未察觉她这一对象。,2,42
1379780,盛況,7164,4,f34e1805t4,example,minor,集市在盛况中结束了。,集市圆满结束了。,日文与英文都说集市以成功告终；旧译‘在盛况中结束’把盛況误当作结束时的场面。,2,43
1441440,点火,7175,2,f40e1829t2,gloss,major,发射,点火,该词头及条目限定为点火/点燃；firing 在这里指点火，不是发射。,2,43
1441440,点火,7175,3,f40e1829t3,gloss,major,发射,引爆；点燃,setting off 在点火义下是引爆或点燃，‘发射’误指向射出物体。,2,43
1033390,オーライ,7181,0,f4e27t0,gloss,critical,单簧管,好（如引导司机时）,オーライ作指挥司机的感叹词意为‘好/可以’，‘单簧管’与词义无关。,2,43
1033390,オーライ,7181,1,f4e27t1,gloss,critical,单簧管,继续开过来,keep coming 是继续驶近/开过来，旧译‘单簧管’无关。,2,43
1033390,オーライ,7181,2,f4e27t2,gloss,critical,欧姆,好；没问题,OK 的对应中文是‘好/没问题’，‘欧姆’是错误译文。,2,43
1033390,オーライ,7181,3,f4e27t3,gloss,critical,预兆,我接住了；我来,I've got it 表示接到了、由我来处理等，‘预兆’完全不符。,2,43
1982160,是っ切り,7189,3,f93e1470t3,example,major,① 最后一次（截至现在）；再也不,我从此不再抽烟了。,日文说从此戒烟，英文说彻底戒烟；旧译把释义串进了例句。,2,43
1982160,是っ切り,7189,4,f93e1470t4,xref,major,只有这个,最后一次（截至现在）；再也不,此 xref 是 sense 1 的释义，应与该义的中文对应；‘只有这个’属于另一义。,2,43
1982160,是っ切り,7189,5,f93e1470t5,gloss,major,（任何）特定的,仅此；只有这个,sense 2 的 only this 是‘仅此/只有这个’，旧译‘（任何）特定的’语义不对应。,2,43
1982160,是っ切り,7189,6,f93e1470t6,xref,major,特别的,仅此；只有这个,该交叉引用对应 sense 2 的 only this，‘特别的’误解为 special。,2,43
2670720,どうのこうの,7210,1,f158e1628t1,gloss,major,某事或某事,这样那样的事；各种事情,one thing or another 指种种事情，‘某事或某事’是生硬直译且意义不清。,2,43
1547270,抑圧,7225,4,f50e1822t4,example,major,在此基础上，我们将进一步详细验证“镇压”这一概念。,在此基础上，我们将进一步详细考察“压抑”这一概念。,抑圧概念及 repression 在此是心理/社会意义的压抑；旧译‘镇压’转成了强制镇压，并将検証误为验证。,2,43
2056420,拉げる,7235,0,f101e261t0,gloss,minor,被压碎,被压扁,同一词义是被压成扁平状；‘被压碎’暗示碎裂，和该词头及另一拼写的对应译法不一致。,2,43
1018890,アメリカ人,7281,1,f2e1704t1,example,major,美国人喜欢速度快的汽车的人很多。,很多美国人喜欢跑得快的汽车。,日文说喜欢跑得快的车的人很多；旧译‘喜欢速度快的汽车的人很多’结构不通。,2,43
1211860,官僚,7285,3,f18e1647t3,example,major,他的辞职使内阁出现空缺。,他的辞职使官僚职位出现了空缺。,例句日文明确为官僚职位空缺；旧译的‘内阁’来自英文与日文冲突，按任务规则以日文例句为主。,2,43
2009010,慎ましい,7326,1,f96e1069t1,gloss,major,朴素,矜持的；含蓄的,reserved 描述人的克制、含蓄，‘朴素’不表达该义。,2,43
2009010,慎ましい,7326,2,f96e1069t2,gloss,major,朴素,安静的；沉静的,quiet 是安静、沉静；‘朴素’不是该义。,2,43
2009010,慎ましい,7326,3,f96e1069t3,gloss,major,朴素,谦逊的；谦虚的,humble 在此指谦逊；‘朴素’不对应人的谦逊义。,2,43
1236300,強弱,7378,3,f21e341t3,gloss,minor,强弱,响度,loudness 是声音的响度；同组统一译成‘强弱’无法区分这一字段。,2,44
1036750,カール,7385,2,f4e545t2,example,major,惠子的头发自然卷曲。,梅格的头发天生卷曲。,日文明确是メグ（Meg），英文也为 Meg；‘惠子’是凭空替换姓名。,2,44
1582500,内股,7470,2,f54e1701t2,gloss,major,（走路）八字脚,（走路时）内八字,内股で歩く指脚尖朝内；‘八字脚’通常指脚尖朝外，方向相反。,2,44
2798830,身の程知らず,7520,2,f171e459t2,gloss,critical,妄自菲薄,不自量力；好高骛远,overreaching 是企图超越自身能力；‘妄自菲薄’意为低估自己，方向相反。,2,44
1259150,見え透く,7527,0,f23e877t0,gloss,major,透明,一眼就能看穿,見え透く在该义为明显、容易看穿；‘透明’误作物理透明。,2,44
2402630,曇らせる,7551,0,f133e1608t0,gloss,minor,使……变阴,使……蒙上阴影,曇らせる可使脸色/神情阴沉或蒙上阴影；‘使……变阴’中文不通顺。,2,44
1521100,北西,7564,1,f48e917t1,example,minor,美国太平洋西北海岸的原住民，大概是亚洲移居部落的后裔。,美国太平洋西北海岸的原住民，大概是从亚洲迁来的部族的后裔。,对应英文和日文‘亚洲から移住した種族の子孫’；旧译‘亚洲移居部落的后裔’语序不通且关系不清。,2,45
1517850,蜂の巣,7652,8,f48e314t8,note,major,通常写作“蜂の巣”,通常写作「ハチノス」,注释说日文该食品义通常以片假名ハチノス书写；旧译成汉字‘蜂の巣’反而与注释冲突。,2,45
2202050,道連れにする,7667,2,f115e1534t2,example,major,反正，妙子害怕，有里也打算把她带上吧。,想必妙子是害怕了，想把有里也拉上作伴吧。,日文/英文是妙子害怕并试图让有里同行；旧译把‘打算带上’的主语错成有里。,2,45
1322360,捨て台詞,7680,0,f29e753t0,gloss,major,临别赠言,临走时撂下的狠话；刻薄话,sharp parting remark 是离开时带刺的言辞；‘临别赠言’通常是善意劝勉，褒贬相反。,2,45
1006960,微風,7690,4,f1e1612t4,example,critical,微风,微风在池塘水面上激起了涟漪。,日文和英文都包含微风在池面激起涟漪的完整句意，旧译遗漏了整个谓语及结果。,2,45
1010420,ぱくり,7710,9,f2e257t9,gloss,major,抄近,抄袭；剽窃,cribbing 指抄袭/照抄；‘抄近’是误译。,2,45
2017960,目する,7751,4,f97e786t4,example,major,不知为何，被视为鹰派的人全都成了苦手。,不知为何，我对那些被视为鹰派的人全都应付不来。,苦手表示不擅长/难以应付；例句旧译残留日文词，未译出含义。,2,46
1309300,思い切った,7776,0,f28e179t0,gloss,minor,勇敢地,大胆的,思い切った是形容词性‘大胆的’，不是副词‘勇敢地’。,2,46
1309300,思い切った,7776,1,f28e179t1,gloss,minor,果断地,大刀阔斧的,该字段是形容词 drastic；旧译‘果断地’用成副词形式。,2,46
2608740,ぶるん,7785,1,f152e1308t1,gloss,major,轰隆,猛地一抖；突然摇晃,sudden shaking 是突然的摇晃动作，‘轰隆’仅表示声音且与 vroom 混同。,2,46
1951900,残り香,7806,3,f91e245t3,example,major,用这个可以把早餐的余味等一扫而空，让空气变得清新。,用这个可以一扫早餐等残留的气味，让空气变得清新。,残り香在本例指早餐留下的气味；旧译‘余味’误为味道/回味。,2,46
1591800,切り傷,7814,3,f56e924t3,example,major,小春在手指上弄出了切口。,Mayuko的手指被划伤了。,日文マユコ是 Mayuko；原译‘小春’是另一名字。由于原文只给假名，不擅自补造汉字姓名，改用日文罗马字。,2,46
2146940,粗末にする,7916,0,f110e357t0,gloss,major,对待粗疏,刻薄地对待,treat shabbily 是苛薄地对待；‘对待粗疏’中文不通且未表达不善待。,2,47
2146940,粗末にする,7916,1,f110e357t1,gloss,major,对待粗疏,对……漫不经心,be careless about 表示对某事漫不经心；旧译将所有细分义都混成同一句。,2,47
2146940,粗末にする,7916,2,f110e357t2,gloss,major,对待粗疏,粗暴地处理,handle roughly 是粗暴处理；旧译‘对待粗疏’语义不对应。,2,47
2146940,粗末にする,7916,3,f110e357t3,gloss,major,对待粗疏,不尊重地对待,treat without respect 明确是不尊重地对待。,2,47
2146940,粗末にする,7916,4,f110e357t4,gloss,major,对待粗疏,刻薄地对待,treat unkindly 是不友善/刻薄地对待；旧译语义不通。,2,47
2146940,粗末にする,7916,5,f110e357t5,gloss,major,对待粗疏,疏于照料；怠慢,neglect 是疏于照料或怠慢；‘对待粗疏’不能准确表达。,2,47
1630950,現行犯,7964,2,f61e1251t2,example,major,小偷因现行犯而被抓获。,小偷当场被抓住了。,caught in the act 是当场抓住/抓现行；‘因现行犯而被抓获’把人误作原因。,2,47
2207260,ぼんぼん,7977,1,f116e616t1,example,minor,火正烧得旺盛。,火正熊熊燃烧。,furiously 描述猛烈燃烧，‘烧得旺盛’搭配生硬。,2,47
2103000,体を張る,7996,2,f105e1391t2,gloss,critical,以身相许,冒着生命危险,to risk one's life 是冒生命危险；‘以身相许’意为许配/托付终身，意思完全不同。,2,47
2103000,体を張る,7996,3,f105e1391t3,example,major,我所憧憬的并非翔太郎部长的“力量”。那应该是他那种豁出性命也要贯彻信念的英勇勇气。,我所憧憬的并非翔太部长的“力量”，而是他那种即使冒着生命危险也要贯彻信念的英勇气概。,日文姓名是翔太，旧译凭空添了‘郎’；例句其余部分也作了不必要且不通顺的断句。,2,47
1611140,婆さん,8153,2,f59e1617t2,example,critical,兼ねる,今天我也要进城买东西，顺便替祖母跑一趟。,日文是‘今天进城购物，同时替婆婆/祖母办事’；旧译只剩单词‘兼ねる’，整句严重遗漏。,2,48
1419390,弾み,8200,3,f38e1885t3,gloss,major,动量,势头,该义在日常日语例句中指推动出口的势头/动力；‘动量’是物理量，语域和词义均不符。,2,48
2207090,此処いら,8250,2,f116e579t2,example,major,根据指南，据说这一带这家店是最美味的。,据指南所说，这一带最好的餐馆就是这里。,日文ここが...一番美味しい店表示‘这里是最好的餐馆’，旧译改成‘这家店最美味’且语序不通。,2,48
1283720,高速道路,8266,4,f25e1204t4,example,major,我驾驶着新的高速公路，感觉十分惬意。,我很享受在这条新高速公路上开车。,日文是开车行驶在新高速公路上；旧译‘驾驶着高速公路’把道路误作驾驶对象。,2,48
1053910,コンボ,8316,1,f5e1129t1,example,critical,套装,优点：可以用各种连招自由地料理敌人，乐趣十足。,日文和英文都说明用各种连招打倒敌人的乐趣；旧译只剩无关的‘套装’。,2,49
1053910,コンボ,8316,2,f5e1129t2,gloss,major,种类,组合,combination 是组合/组合方式，‘种类’误作 variety。,2,49
1053910,コンボ,8316,3,f5e1129t3,gloss,major,连击,组合；一套,set 在此是组合/一套，‘连击’对应游戏 combo 的另一义。,2,49
1053910,コンボ,8316,4,f5e1129t4,gloss,major,护航,组合；搭配,assortment 是搭配成组的组合；‘护航’无关。,2,49
1053910,コンボ,8316,5,f5e1129t5,gloss,critical,组件,连招；连续动作,电子游戏中的 combo 是依序执行的一套连招/动作；‘组件’完全不符。,2,49
2210090,淋しがり屋,8383,3,f116e1166t3,example,major,我是个寂寞的人。,我是个受不了独处的人。,英文直说 can't stand being alone；旧译‘寂寞的人’漏掉无法忍受独处这一特征。,2,49
1241490,禁煙,8392,2,f21e1318t2,example,major,什么时候把禁烟标志关掉呢？,什么时候才能撤掉禁烟标志？,日文问何时熄掉/撤下禁烟标识；中文‘把标志关掉’搭配错误。,2,49
1101660,パチンコ,8407,2,f9e111t2,example,major,次郎在弹珠机上一大笔赢钱，心情非常愉快。,次郎在弹珠机店里大赚一笔，心情好极了。,ガッポリもうけて表示大赚一笔；旧译‘一大笔赢钱’语法不通。,2,49
2103620,時間通り,8424,3,f105e1539t3,example,major,你赶不上准时的时间。,你没法准时到达。,时间通りには着けない意为不能准时到达；旧译‘赶不上准时的时间’不通。,2,49
1724730,門前払い,8426,7,f70e1862t7,xref,major,同上,奉行所（江户时代官署）,此 xref 指历史上的 magistrate's office，不是当前词头义；‘同上’没有提供引用对象的释义。,2,49
1605680,郵便,8479,6,f59e136t6,gloss,major,邮政事务,邮寄物品,postal matter 指邮寄的物品/邮件，不是邮政事务。,2,50
1605680,郵便,8479,8,f59e136t8,xref,major,邮件；邮政事务；邮政物品,邮件；邮寄物品,xref 对应邮寄物件一义；‘邮政事务’把物件误作行政事务。,2,50
2148740,そそられる,8518,2,f110e696t2,gloss,minor,令人诱人,令人心动；诱人的,tantalizing 是引人向往、令人心动；‘令人诱人’中文搭配不成立。,2,50
1767090,４００,8540,2,f74e1938t2,example,critical,大约四百年前，当印加人征服西班牙人时，少数印加人离开库斯科，前往秘鲁中部的马丘比丘。,大约四百年前印加人被西班牙人征服时，一些印加人离开库斯科，前往秘鲁中部的马丘比丘。,日文明示インカ族がスペイン人に征服された，原译把被动关系倒置成印加人征服西班牙人。,2,50
2829836,最高傑作,8542,5,f177e1432t5,example,minor,这本书是这位诗人杰作之一。,这本书是这位诗人的最佳作品之一。,原译漏了‘诗人的’与‘杰作’之间的结构助词，句子不通；英文和日文均为诗人的最佳作品之一。,2,50
1582320,頭数,8584,1,f54e1649t1,gloss,major,实力,人数规模,numerical strength 指人数/兵力数量，不是‘实力’。,2,50
1403780,促進,8593,3,f37e853t3,gloss,major,便利,促进；助力,facilitation 是促进、助力某事进行；‘便利’常指方便或便利设施，意义偏移。,2,50
1486380,美学,8599,2,f45e648t2,example,major,亲切是一种美德。,亲切本身就是一种美学。,日文明确为親切は一つの美学；当前中文跟随英文 virtue，未翻译日文的‘美学’。,2,50
1007890,ちょろちょろ,8805,0,f1e1780t0,gloss,minor,（水）滴答滴答地,（水）潺潺流动,ちょろちょろ describing water means trickling/flowing in a small stream; ‘滴答滴答’ suggests separate drops rather than a trickle.,2,51
1184360,下らない,8808,7,f16e350t7,example,major,空话已经听够了。,这种无聊的话已经听够了。,日文くだらない話是无聊/荒唐的话；英文偏译为空话，中文应优先忠实日文。,2,51
2028770,足元を見る,8823,3,f98e656t3,example,major,别让人看人下菜。,别让别人趁你的处境不利占你便宜。,足元を見られるな是别让人趁自己处境不利而占便宜；旧译‘看人下菜’成了泛指区别对待。,2,52
1286890,国土,8905,4,f25e1813t4,example,minor,美国国土辽阔，人们经常流动。,美国国土辽阔，居民流动性很强。,日文人々はよく移動する表示居民经常迁移/流动；‘人们经常流动’搭配不自然。,2,52
1239910,くせ者,8929,9,f21e1000t9,gloss,major,名不副实之物,看似平常却不简单的东西,something more than it seems 是看似普通实则不简单；‘名不副实’意为名声与实际不符，方向错误。,2,52
2854295,モール,8860,4,f201e134t4,xref,major,成型；模制；拱顶,模制；墙顶弧形线脚,coving 是墙与天花板交界处的弧形装饰线脚，不是建筑拱顶；该术语对应中文需谨慎，拟用描述性译法。,2,52
2053530,放心状態,9032,3,f100e1670t3,gloss,major,仰望星空,走神；发呆,这里的 stargazing 是走神、神游的比喻义；‘仰望星空’误作字面动作。,2,53
1165720,一肌脱ぐ,9043,2,f14e428t2,example,major,既然答应了，就出力帮一把吧。,虽知道这样做可能显得傻，我还是愿意出手帮你。,日文是明知可能被当成傻瓜仍愿意帮忙；旧译凭空增添‘既然答应了’。,2,53
2065010,ばたつく,9069,0,f101e1916t0,gloss,major,发出哧哧声,发出哐当声,clatter 指杂乱的碰撞声/哐当声，不是‘哧哧’的嘶声。,2,53
2065010,ばたつく,9069,1,f101e1916t1,gloss,major,发出哧哧声,发出嘎啦声,rattle 是物体连续碰撞发出的嘎啦/咔哒声，不是嘶声。,2,53
2582240,抵抗感,9092,1,f150e62t1,gloss,major,抵触,不情愿,reluctance 是不情愿/不愿意；‘抵触’表示反抗，程度和含义不同。,2,53
1396560,狙い打ち,9120,0,f36e1164t0,gloss,major,神射手,精准射击,sharpshooting 是精准射击这项活动/技艺，不是‘神射手’这个人。,2,53
1459650,凪,9123,1,f42e1684t1,gloss,minor,间歇,暂时平静,lull 是风浪暂歇/平静的一段时间；‘间歇’没有带出海上平静义。,2,53
2089280,手玉に取る,9155,2,f104e693t2,example,major,他对人的处理方式就像把人当手玉一样。,他总是把人耍得团团转。,日文表示把别人当作手玉般摆布；当前中文逐字照搬日语‘手玉’，读者无法理解。,2,53
1151180,葵,9236,1,f12e1524t1,gloss,critical,草菖蒲（姜科植物）,Asarum caulescens（细辛属植物）,学名是 Asarum caulescens（细辛属、马兜铃科），不是菖蒲，也不属于姜科；旧译将科属都译错。,2,54
1151180,葵,9236,2,f12e1524t2,xref,critical,草菖蒲（姜科植物）,Asarum caulescens（细辛属植物）,该 xref 指定同一植物种；旧译‘草菖蒲（姜科植物）’错认植物和科属。,2,54
2056470,雅,9263,3,f101e280t3,example,major,麿出身于一个优雅的家庭。,我出身于一个高雅的家庭。,麿是日文古典第一人称代词；中文残留汉字‘麿’不能表达‘我’。,2,54
1151160,逢瀬,9328,4,f12e1521t4,example,major,由里偶尔的约会让她兴奋不已。,友里子尽情享受着与恋人偶尔幽会的时光。,日文和英文都说友里子享受与恋人的幽会；旧译把‘约会’变成使她兴奋的主语，遗漏恋人。,2,54
1532850,銘柄,9368,2,f49e962t2,gloss,major,说明,品种；类别,銘柄描述商品或证券的种类/品种；‘说明’误作一般文字描述。,2,54
1532850,銘柄,9368,5,f49e962t5,gloss,major,发行,证券品种；发行的证券,交易所 listed issues 指上市证券/证券品种，不是‘发行’这一发行行为。,2,54
1614690,客足,9446,2,f60e433t2,gloss,minor,常客,顾客光顾,客足指顾客来访、光顾或客流；“常客”指常来的一类顾客，缩窄并改变了释义。,2,55
1003410,きっかり,9464,2,f1e833t2,gloss,minor,准时地,精确地,英文 precisely 与该义 exactly 对应，表示准确、恰好，不表示守时。,2,55
1225220,技術力,9471,2,f20e378t2,gloss,minor,技术巧,技术精湛程度,technical finesse 指技术上的娴熟/精湛；“技术巧”在中文中不通顺且没有表达该义。,2,55
1624130,度量,9538,0,f60e1909t0,gloss,minor,宽宏,气量,此义 generosity 是名词，指宽宏的气度；“宽宏”是形容词且表达不完整。,2,55
1624130,度量,9538,1,f60e1909t1,gloss,minor,宽宏,气量,此义 magnanimity 指宽宏大量/气量，现译“宽宏”作为名词释义不完整。,2,55
1259020,肩車,9561,0,f23e851t0,gloss,minor,肩车（用肩膀给人搭车）,让人骑在自己肩上,日语肩車是把人驮在肩上；括号中的“搭车”易被理解为乘车，与肩上骑坐不符。,2,55
1259020,肩車,9561,1,f23e851t1,example,minor,爸爸，用肩膀给我搭个车。,爸爸，让我骑在你肩上。,日语原句请求父亲把自己驮在肩上，中文“搭个车”误导为乘坐交通工具。,2,55
2402250,名を残す,9566,0,f133e1515t0,gloss,minor,留下名声,留名；被人铭记,名を残す是留下名声/留名而被记住；“留下名声”搭配生硬且未表达成为后世记忆的含义。,2,55
1044890,クリスマスプレゼント,9605,1,f4e1788t1,example,minor,她送了我一本圣诞礼物。,她送了我一本书作为圣诞礼物。,日文句子表示她把书作为圣诞礼物送给我；旧译把“一本书”误作礼物本身。,2,56
2869725,ジル,9656,0,f215e1429t0,gloss,major,指环,指钹（一种手指敲击的小钹）,英文明确为 finger cymbal，是指间夹持演奏的小钹，不是指环。,2,56
1535290,目移り,9646,0,f49e1482t0,gloss,minor,心猿意马,容易被许多事物吸引,being drawn to many things 指被多种事物吸引而难以专注；“心猿意马”偏指心神不定/欲念纷杂，语义不等同。,2,56
2021640,タメ口,9727,3,f97e1454t3,example,minor,最近，年纪比我小的却用随便口吻说话的人太多了。,最近，年纪比自己小却用平辈口吻说话的人太多了。,日文表达年下者对年长者使用タメ口；原译无据补入“比我”，并将重点写成随便口吻。,2,56
2402990,手を離れる,9731,2,f133e1679t2,gloss,minor,从手中滑落,脱手；离开自己的掌控,手を離れる在此指脱离自己手中/掌控，不是物品物理滑落。,2,56
2402990,手を離れる,9731,4,f133e1679t4,example,minor,傻瓜和钱很快就会分开。,愚人和钱财难以长久相伴。,日文格言指愚人的钱很快便会离手、被花掉；旧译“分开”是生硬直译，未表达惯用含义。,2,56
1631860,ぐんと,9766,2,f61e1403t2,example,minor,海拔升高时，会感到呼吸困难。,海拔大幅升高时，会感到呼吸困难。,日文ぐんと高くなる表示海拔大幅升高；原译漏掉程度信息。,2,56
2790300,道を開ける,9791,6,f170e695t6,gloss,minor,开辟机会,创造机会,open up opportunity 是创造/打开机会；“开辟机会”在现代中文中搭配不自然。,2,57
2266240,面,9825,1,f122e1459t1,gloss,minor,……的样子,装作……的样子,acting as if a ... 表示装作某种身份或样子，原译仅表示外观像，遗漏动作/假扮含义。,2,57
2138030,という所,9909,15,f109e470t15,example,minor,那处于既非可也非不可的状态。,那算是既非可也非不可吧。,日文是对事情状态的概括“既非可也非不可”；原译“那处于……”语法生硬，且结构没有表达原句语气。,2,57
1398540,創設,9946,2,f36e1579t2,gloss,minor,组织,设立,该义与英文 establishment/founding 一样指创设行为；“组织”通常指组织实体，容易误导为机构本身。,2,57
1398540,創設,9946,3,f36e1579t3,gloss,minor,机构,设立,该义的 organisation 是英式拼写的 establishment（创设行为），不是组织机构实体。,2,57
2871337,女の子っぽい,9951,0,f217e956t0,gloss,minor,女性化,女孩子气的,girly 是形容女孩气质/风格；“女性化”常指使之女性化的过程或特征，义项偏离。,2,57
1639440,気が紛れる,9974,0,f62e1003t0,gloss,minor,从抑郁、无聊、紧张等情绪中分心,转移注意力以排解抑郁、无聊、紧张等情绪,日语気が紛れる是借分散注意力排解烦闷等感受；原译“从情绪中分心”中文搭配不成立。,2,57
1507390,平手打ち,10081,3,f47e406t3,example,minor,那个孩子因为品行恶劣，被母亲打了掌掴。,那个孩子因为不懂礼貌，被母亲打了一巴掌。,日文お行儀悪くして/英文being rude指行为不礼貌；“品行恶劣”变成对品格的严重评判，且“打了掌掴”搭配不通。,2,58
1245190,愚鈍,10112,2,f22e12t2,gloss,minor,笨拙的,愚钝的,此处dense形容理解力差、迟钝，不是动作笨拙。,2,58
1228210,及第点,10119,1,f20e861t1,example,minor,及格线而已。这点小事算什么。,这算达到及格标准吧。没什么了不起的。,日文「及第点よ」是达到及格/过关标准，旧译名词“及格线”不成句；后句准确保留了“没什么大不了”。,2,58
1307960,子種,10170,5,f27e1969t5,xref,minor,精子；精子子,精子；精子,xref英词 sperm/spermatozoon 都译作精子；“精子子”是明显重复误字。,2,58
2799140,飲,10176,0,f171e520t0,gloss,minor,饮酒（有时特指酒精）,饮用（有时特指饮酒）,英文是泛指饮用、有时特指饮酒；旧译先限定饮酒又说特指酒精，意思重复且把酒精误作饮用对象。,2,58
1562390,話術,10218,1,f52e958t1,example,minor,他口才很巧。,他很有口才。,日文称赞他话术巧妙，英文为good art of talking；“口才很巧”搭配不成立。,2,59
1433630,摑み掛かる,10255,3,f40e433t3,example,minor,那个男人抓住了我。,那个男人朝我抓来。,英文made to grab at me及日文つかみかかった表达朝人扑抓/试图抓取；原译成了已经抓住。,2,59
1640010,心無い,10279,4,f62e1121t4,example,minor,你真是做了件不人道的事啊。,你做这种事真是太不体贴了。,英文thoughtless及日文心ない指欠缺体贴；“不人道”严重加重为违反人道，程度不符。,2,59
1659230,週明け,10287,0,f64e781t0,gloss,minor,下周一（通常指）,下周初（通常指周一）,原义是下周开始时，通常是周一；旧译将通常所指写成绝对的下周一。,2,59
1225800,義姉,10320,0,f20e465t0,gloss,major,大姨子（配偶者的姐姐或哥哥的妻子）,配偶的姐姐；嫂子（哥哥的妻子）,英文明确含配偶的姐姐或哥哥的妻子两种关系；“大姨子”只指妻子的姐姐，遗漏并误标后一关系。,2,59
1225800,義姉,10320,1,f20e465t1,example,major,哥哥两年前突然去世，大姨子一直坚强地守护着哥哥留下的一家小珠宝店。,哥哥两年前突然去世后，嫂子一直坚强地守着哥哥留下的一家小珠宝店。,日文说兄长去世后的義姉，指哥哥的妻子即嫂子，不是大姨子。,2,59
2172200,大船に乗る,10325,4,f112e1504t4,example,major,盲人引盲人,交给我吧。你们就放心好了，相信我就行。,英文和日文都表示可依靠说话者、可以放心；原译“盲人引盲人”完全无关。,2,59
2139680,何であれ,10338,2,f109e828t2,example,minor,无论是什么事物，抓住其本质才是关键。,无论是什么事，抓住事物的本质都很重要。,日文物事の本体是事物的本质；原译“无论是什么事物”搭配生硬且改变了无论事项的范围。,2,59
2218820,ちらっと見る,10384,2,f117e1290t2,example,minor,我只是瞥了一眼那个泥棒。,我只是瞥见了那个小偷。,中文句子残留日语词“泥棒”；日文句义是只短暂看见了小偷。,2,59
1493530,不誠実,10393,3,f45e1792t3,gloss,minor,恶意,不诚信,bad faith 指不诚信/不守信的行为或立场，不等同于带有恶意。,2,60
1226380,喫する,10441,6,f20e571t6,example,minor,我们的球队遭受了全败。,我们队输掉了全部比赛。,英文lost all its games及日文全敗を喫した都指所有比赛皆输；“遭受了全败”搭配不通顺。,2,60
1512640,便箋,10500,3,f47e1363t3,example,minor,那张便签上印有校章。,那张信纸上压印着校徽。,日文打ち出し及英文embossed表示压凸/浮雕压印；“印有”遗漏具体工艺。,2,60
1812310,面構え,10532,1,f79e979t1,gloss,minor,脸色,面相,此处look指人的面貌/相貌；“脸色”通常指面部气色，意义偏窄。,2,60
1599300,毒々しい,10547,2,f57e1657t2,gloss,minor,有毒的,看起来有毒的,poisonous-looking表示外观像有毒；旧译直接断言“有毒”，遗漏外观判断。,2,60
1782810,観察眼,10554,0,f76e1374t0,gloss,minor,观察眼,观察力,日语観察眼是善于观察的能力/眼力；“观察眼”是把英文词面硬译成不自然的中文。,2,60
2138570,無き,10587,3,f109e588t3,example,minor,这股无处发泄的怒气该往哪里发泄才好。,这股无处宣泄的怒气该往哪里发泄才好？,日文强调无处排解的怒气，原译连续重复“发泄”；以宣泄/发泄区分后语意清楚。,2,60
2843845,返,10600,3,f191e453t3,xref,minor,回词；回答；回应,回话；回答；回应,xref 的 reply/answer/response 都是回复、答话；“回词”不是自然中文用法。,2,61
1060260,シスコン,10608,0,f6e66t0,gloss,minor,妹妹情结,姐妹情结,英文sister泛指姐妹，不能限定为妹妹；原译缩窄成只依恋妹妹。,2,61
1060260,シスコン,10608,1,f6e66t1,gloss,minor,对妹妹的过度依恋,对姐姐或妹妹的过度依恋,英文明确是对 one's sister 的过度依恋，性别年龄关系没有限于妹妹。,2,61
1299690,皿洗い,10611,2,f27e306t2,example,major,请帮我洗碗。,让我来帮你洗碗吧。,英文及日文都是说话者主动提出帮对方洗碗；原译变成请求对方来帮自己，主客体反转。,2,61
1406770,損得,10688,2,f37e1333t2,example,minor,让我们各取所需吧。,咱们就公平交易吧。,JA 損得なしにしよう及英文 fair trade 都是希望交易公平；“各取所需”改成各自满足需求。,2,61
2397090,あれら,10696,5,f133e488t5,note,major,那时,用于指称与自己平辈或地位较低的人,英文说明refer to one's equals or inferiors；现译“那时”误将指称对象说明译成时间。,2,61
1279820,構内,10734,5,f25e536t5,example,minor,昨天我在院内遇见了她。,昨天我在校园里遇见了她。,英文明确为on campus；“院内”可能指医院或其他院落，不如校园准确。,2,61
1469540,捻挫,10737,1,f43e1354t1,gloss,minor,扭转,扭伤,此义的twist指扭伤（如脚踝），不是把某物旋转的“扭转”。,2,61
1573680,邁進,10743,3,f53e1219t3,example,major,“猫急”这个词，表现的是饲养的猫朝着食物奋力冲过去的样子。,“猫儿直扑”这一说法，形容家猫奋力直冲向食物的样子。,日文说的是ねこまっしぐら（猫儿径直扑向目标）；原译“猫急”错误造词，且误说成“饲养的猫”。,2,61
2424390,目を奪われる,10751,0,f136e65t0,gloss,minor,被吸引目光,目光被吸引住,captivated visually 表示目光被某物吸引住；旧译“被吸引目光”语序不通。,2,61
1338870,出向,10753,4,f30e1947t4,example,minor,我是被派往那家公司的。,我暂时被借调到那家公司。,英文on loan及词条义都指员工暂时借调；旧译只说被派往，遗漏借调和临时性。,2,61
1547470,浴場,10800,2,f50e1851t2,example,minor,因此，大多数街头的浴场都陷入了困境。,因此，当地大多数澡堂都陷入了困境。,英文local指当地；旧译“街头的浴场”误加了临街位置。,2,62
1881440,締り,10814,17,f85e1358t17,info,major,角部中两枚同色棋子被包围,角部由两枚同色棋子围成的区域,围棋术语定义是用两枚同色棋子在角上构成包围；现译把棋子写成被包围对象，主客关系颠倒。,2,62
2845361,ぐるぐる巻き,10869,0,f192e1170t0,gloss,minor,卷起来,一圈圈缠绕（某物）,ぐるぐる巻き及英文rolling up by spinning it around表示反复绕卷；单说“卷起来”遗漏缠绕动作。,2,62
1816050,羽虫,10883,0,f79e1731t0,gloss,major,吸血虱（Mallophaga目下的任何虱子）,咀嚼虱（Mallophaga目下的任何虱子）,词条英文同时给出Mallophaga及chewing louse，说明是咀嚼虱；旧译吸血虱与该分类信息冲突。,2,62
1816050,羽虫,10883,1,f79e1731t1,xref,major,吸血虱（Mallophaga目下的任何虱子）；咀嚼虱,咀嚼虱（Mallophaga目下的任何虱子）；咀嚼虱,xref同样明确为chewing louse；旧译将其误作吸血虱。,2,62
1413740,大佐,10886,1,f38e725t1,gloss,major,（海军）舰长,（海军）上校,该义对应日本海军军衔大佐；英文captain在此是军衔，不是舰长这一职务。,2,62
1409390,体系,11007,4,f37e1835t4,example,minor,他们费尽心思和劳力，将这一体系完善到了极致。,他们费尽心思和力气，完成了这一体系。,日文仕上げた及英文worked out a system表示完成/制定体系；原译无据增加“完善到了极致”。,2,63
1775630,落とし前,11022,2,f75e1751t2,gloss,major,和解,算账；报复,settling a score指清算旧账/报复，不是和解。,2,63
1702370,土煙,11035,0,f68e1293t0,gloss,minor,尘土,尘云,cloud of dust指扬起的尘云；单译“尘土”只表达物质而遗漏云团形态。,2,63
1980700,眩む,11120,0,f93e1238t0,gloss,minor,被……眩目,被……晃得眼花,be dazzled by 指强光令人眼花，原译“被……眩目”搭配不自然且含义不清。,2,63
1045090,クルー,11152,1,f4e1810t1,example,major,牛津大学的船员看起来胜券在握。,牛津大学赛艇队看起来胜券在握。,英语crew在Oxford crew语境指牛津大学赛艇队，不是船员；中文原译误判了团体类型。,2,63
2008190,こんがり,11160,3,f96e930t3,example,minor,今年夏天我想晒得黑黑的。,今年夏天我想晒出漂亮的古铜色。,日文こんがり焼こう及英文get a good tan指晒成漂亮健康的棕褐肤色；“黑黑的”把程度写重且带负面色调。,2,63
1005090,ご注意,11186,1,f1e1215t1,gloss,minor,公告,提醒,ご注意作名词是提醒/注意事项；“公告”通常指正式发布的通告，不是本义。,2,63
1473030,配給,11278,1,f44e32t1,example,major,《极道之妻》是一部1986年由东映发行网公演的黑帮电影。,《极道之妻》是一部1986年由东映发行网发行的黑帮电影。,原文说电影由发行网发行/公映；“公演”用于舞台演出，不适用于电影。,2,64
2860629,富士,11297,1,f207e164t1,xref,minor,富士山；Mt. Fuji；富士山；富士先生,富士山；富士山；富士山；富士山,xref中的Fuji-san是富士山的日语称呼，san是敬称，不是人名“先生”。,2,64
1214680,肝要,11300,1,f19e134t1,gloss,major,本质,必要的,essential作此义是“必要的”，不能译作名词“本质”。,2,64
1288510,惚れ惚れ,11326,5,f26e318t5,example,minor,她穿着让人一见钟情的衣服。,她穿的衣服美得令人着迷。,英文fit to kill及日文说明她的穿着让男性赞叹，意为打扮得极其动人；“一见钟情的衣服”把衣物说成令人立即坠入爱情，语义不当。,2,64
1346260,匠,11338,1,f31e1258t1,gloss,minor,艺人,手艺人,artisan指手工技艺从业者/工匠，不是中文“艺人”（表演者）。,2,64
1819830,濡れ衣,11421,0,f80e327t0,gloss,major,濡衣,莫须有的罪名,该义的日语惯用语指被诬告、背上莫须有的罪名；照抄日文汉字“濡衣”在中文里会被理解为湿衣服。,2,65
1389710,宣誓,11425,3,f35e1884t3,example,minor,他被宣誓就任市长。,他宣誓就任市长。,英文与日文都是宣誓就任市长；旧译“被宣誓就任”不合中文搭配。,2,65
1359910,侵略者,11432,2,f32e1862t2,example,minor,那个国家沦为了侵略者的手中之物。,那个国家落入了侵略者之手。,fall into someone's hand是落入其掌控；原译“沦为……手中之物”生硬且将国家写成物品。,2,65
1584790,問屋,11456,3,f55e333t3,example,major,批发商不会那么轻易地卖给你。,事情可不会那么顺利。,日语惯用句そうは問屋がおろさない表示事情不会轻易如愿；旧译按字面虚构批发商不肯卖货。,2,65
2854949,フルに,11488,2,f201e1285t2,example,major,没有电脑的人无法完全掌握这个MP3播放器的功能。,没有电脑的人无法充分使用这台MP3播放器的这项功能。,英文make full use及日文フルに使いこなす表示充分利用功能；“掌握功能”误成掌握/学会功能。,2,65
1432820,痛烈,11490,1,f40e299t1,gloss,minor,痛苦,尖刻的,此义bitter形容批评尖锐刻薄，不是痛苦的感受。,2,65
1535230,目を留める,11502,2,f49e1468t2,example,minor,母亲注意到了我的脚脏了。,母亲注意到我的脚是脏的。,英文及日文都是注意到脚脏了；原译“注意到了我的脚脏了”宾语从句结构不通顺。,2,65
1089440,ドロップ,11513,0,f8e298t0,gloss,minor,止咳糖,硬糖（如止咳糖）,英文泛指drop形糖果，日文例句才限定为止咳糖；原释义将泛指缩窄成止咳糖。,2,65
1309540,思索,11561,3,f28e223t3,example,minor,他们费尽心思和劳力，将这一体系完善到了极致。,他们花费大量心思和劳力，完成了这一体系。,原文仕上げた仅表示完成，并无“完善到了极致”的最高程度；此义与思索/劳力释义一致。,2,65
1237740,狭苦しい,11642,1,f21e637t1,example,minor,我想尽快离开这间拥挤的屋子。,狭窄逼仄的,狭苦しい表示空间狭小、令人觉得局促；“拥挤”通常说空间中人或物过多。,2,66
2859273,スンスン,11659,1,f205e1524t1,gloss,minor,闻,抽鼻子；抽鼻涕,sniffling是吸鼻涕/抽鼻子的动作，不是闻气味。,2,66
1131360,ミニスカート,11668,3,f11e606t3,example,minor,穿着迷你裙行走或坐着的女孩子们，对男性的目光来说非常具有吸引力。,穿迷你裙走路或坐着的女孩，对男性来说格外惹眼。,英文eye-openers及日文男の目を見はらす表示吸引男性目光；旧译“对男性的目光来说”主谓关系不自然。,2,66
1822040,乱戦,11698,3,f80e806t3,gloss,major,空战,混战,dogfight在此作为乱战/混战的同义词，不是航空器之间的空战。,2,66
2556690,ゴリ,11745,0,f147e1258t0,gloss,major,淡水鳅（Rhinogobius属的任何鱼类）,淡水虾虎鱼（Rhinogobius属的任何鱼类）,英文明确是freshwater goby（虾虎鱼），不是鳅；科属名称可保留拉丁文。,2,66
2556690,ゴリ,11745,1,f147e1258t1,xref,major,淡水鳅（Rhinogobius属的任何鱼类）,淡水虾虎鱼（Rhinogobius属的任何鱼类）,xref同样说明淡水goby，即虾虎鱼；旧译淡水鳅属于不同类群。,2,66
2556690,ゴリ,11745,2,f147e1258t2,gloss,major,暗色三齿鳅（Tridentiger obscurus）,暗色三齿虾虎鱼（Tridentiger obscurus）,英文common name明确为dusky tripletooth goby；“鳅”将鱼类名称译成错误类群。,2,66
2556690,ゴリ,11745,3,f147e1258t3,xref,major,暗色三齿鳅（Tridentiger obscurus）,暗色三齿虾虎鱼（Tridentiger obscurus）,xref对象同为dusky tripletooth goby，应译作虾虎鱼而非鳅。,2,66
2556690,ゴリ,11745,4,f147e1258t4,gloss,major,Gymnogobius urotaenia（鳅属的一种）,Gymnogobius urotaenia（一种虾虎鱼）,英文明确指出是goby species；旧译“鳅属”与虾虎鱼分类不符。,2,66
2556690,ゴリ,11745,5,f147e1258t5,xref,major,① 日本河鳅（Gymnogobius urotaenia）,① 普通淡水虾虎鱼（Gymnogobius urotaenia）,xref英文称common freshwater goby；旧译“河鳅”误成不同类群，保留物种拉丁名以准确指认。,2,66
2556690,ゴリ,11745,6,f147e1258t6,gloss,major,日本河鲈（Cottus pollux）,日本河杜父鱼（Cottus pollux）,英文sculpin指杜父鱼类，旧译“河鲈”误成鲈鱼类。,2,66
2556690,ゴリ,11745,7,f147e1258t7,xref,major,② 日本河鲈（Cottus pollux）,② 日本河杜父鱼（Cottus pollux）,xref明确为Japanese fluvial sculpin（Cottus pollux），应为杜父鱼类，不是河鲈。,2,66
2842419,シア,11749,0,f189e1784t0,gloss,minor,乳果树（Vitellaria paradoxa）,乳木果树（Vitellaria paradoxa）,shea tree的常用中文名为乳木果树；“乳果树”漏了“木”且不够准确。,2,66
2842419,シア,11749,1,f189e1784t1,xref,minor,乳果油,乳木果油,shea butter通常称乳木果油/乳木果脂；原译“乳果油”漏掉名称中的“木”。,2,66
1237260,教団,11840,2,f21e546t2,example,major,在宗教审判中，野心勃勃的律师将代理教团指导者。,在与宗教有关的审判中，野心勃勃的律师将代理教团指导者。,日文是宗教相关的审判（宗教がらみの裁判），不是‘宗教审判’；后者改变了案件关系。,2,67
1560560,労働力,11844,1,f52e589t1,gloss,minor,劳工,劳动力,此 gloss 是 labor/labour（劳动力），‘劳工’指劳动者，词义从劳动力整体变成了个人/群体。,2,67
1560560,労働力,11844,3,f52e589t3,gloss,minor,劳动力量,劳动队伍,working force 指劳动力群体/队伍，‘劳动力量’不是自然的中文表达。,2,67
2266790,顔合わせる,11881,3,f122e1556t3,xref,major,① 使……相遇；使……相对,① 相遇；面对某人,这是对引用义项的说明，英文为不及物 to meet/to face someone；旧译‘使……’误加使动和宾语。,2,67
1004250,ゲッソリ,11919,5,f1e1014t5,gloss,minor,面颊消瘦,看起来消瘦,英文义为看起来憔悴消瘦，日文ゲッソリ没有‘面颊’限定；旧译凭空缩窄到面颊。,2,67
1168660,よる,11939,7,f14e967t7,example,major,正因如此，关于作者的可靠性，是依据资料的可靠性而来的。,正因如此，作者的可信度取决于其资料来源的可信度。,JA 的‘資料の信憑性に拠っている’及英文 rests on the credibility of their sources 都表示作者的可信度取决于资料来源可信度；旧译‘关于作者的可靠性，是依据……而来的’关系含混且把来源说成一般资料。,2,67
1854790,内ポケット,11975,0,f83e1804t0,gloss,minor,内袋,内侧口袋,inside pocket 指衣服内侧的口袋，‘内袋’通常指包袋内衬/内袋，容易误解。,2,68
1854790,内ポケット,11975,1,f83e1804t1,example,minor,请把文件放在内袋里。,请把文件放在内侧口袋里。,日文明确为内ポケット（内侧口袋），旧译‘内袋’不自然且可能指袋子内层。,2,68
1298910,擦る,12024,8,f27e101t8,gloss,minor,连招,反复使用（某招式）,游戏语境 spam a move 是反复使用某个招式，‘连招’指连续组合技，含义不同。,2,68
1194890,花粉,12057,1,f17e221t1,example,major,花粉比黄砂还小，口罩能防住多少？我觉得它比花粉更让人头疼。,比花粉还小的黄砂，口罩能防住多少？我觉得黄砂比花粉更让人头疼。,JA 明确说黄砂比花粉小、且比花粉更麻烦；旧译把大小关系颠倒，并未明确‘它’指黄砂。,2,68
1309980,指南,12060,2,f28e293t2,gloss,minor,教练,指导,coaching 在此是指导/辅导这一行为，‘教练’是人，词性和语义对象都错。,2,68
1003390,きちっと,12088,2,f1e831t2,xref,minor,① 恰当地；准确地；精确地；准时地,① 恰当地；准确地；精确地；有规律地,xref 的 regularly 指有规律地，‘准时地’对应 punctually，语义不同。,2,68
2516270,微笑み返す,12103,0,f143e1796t0,gloss,minor,回以微笑,报以微笑,日英均为 smile back，汉语自然对应‘报以微笑’，‘回以微笑’搭配不当。,2,68
2516270,微笑み返す,12103,1,f143e1796t1,gloss,minor,回以微笑,报以微笑,此义同为回应他人的微笑，‘回以微笑’不符合自然中文搭配。,2,68
1400790,やせ我慢,12111,3,f37e138t3,example,major,别那么忍气吞声，早点来这边就好了。,你也不用那么逞强，早点来这边就好了。,やせ我慢是为了面子而强撑/逞强；‘忍气吞声’表示受气不反抗，误译了行为。,2,68
1642040,物悲しい,12147,4,f62e1504t4,example,major,我想让那位演奏家用小号吹一首悲伤的曲子。,我想让那位演奏家用长笛吹一首悲伤的曲子。,JA 明确为フルート（长笛），旧译小号是另一种乐器。,2,68
1634220,藪,12214,4,f61e1887t4,example,minor,捅草窝把蛇捅出来。,别没事找事，招惹麻烦。,该惯用句意为无端招惹麻烦，原译逐字翻成‘捅草窝把蛇捅出来’不成自然中文表达。,2,69
1509650,別居,12235,3,f47e776t3,example,minor,他与父母分居。,他与父母分开居住。,别居表示分开居住，中文‘与父母分居’通常特指夫妻分居，容易造成错误关系联想。,2,69
1754510,砂埃,12242,1,f73e1438t1,example,minor,汽车扬起滚滚尘土疾驰而去。,汽车行驶时扬起滚滚沙尘。,日文和英文只说汽车扬起尘土，原译无依据增加了‘疾驰而去’的速度与离开信息。,2,69
2026590,何と言っても,12346,5,f98e260t5,example,minor,《爱与哀愁》虽然很受欢迎，但怎么说呢，那是一部画面非常精美的电影。,《爱与哀愁》虽然很受欢迎，但归根结底是一部画面很美的电影。,JA 何と言っても表示‘毕竟/最重要的是’，没有‘怎么说呢’的迟疑语气；这里强调影片画面优美。,2,69
1569900,睾丸,12353,3,f53e364t3,example,major,那个,那儿疼，那儿……嗯，怎么说来着？睾丸？总之就是男性的重要部位。,现译只剩‘那个’，漏掉了完整例句内容。日文明确包含疼痛、询问名称及男性重要部位的上下文。,2,70
2835693,無駄のない,12364,0,f183e806t0,gloss,minor,经济实惠的,节省的,无駄のない指不浪费、精简，economical 在此是节省的；‘经济实惠’主要指价格便宜。,2,70
1265410,古参,12379,3,f24e63t3,example,minor,老议员们几乎在选举中失去了参议院的席位。,老资格议员们差点在选举中失去参议院席位。,古参議員指资深/长期任职的议员，不是年龄大的议员；旧译‘老议员’容易误解为年长。,2,70
2164680,仙台,12402,0,f111e1972t0,gloss,minor,仙台（宫城县市）,仙台（宫城县）,城市位于宫城县，原译‘宫城县市’不自然且像把宫城县误作市名。,2,70
2841177,人のこと言えない,12426,0,f188e1514t0,gloss,major,不能妄言,自己也没资格说别人,not one to talk 是指自己也不该/没资格批评别人，‘不能妄言’变成不应乱说话，意义不同。,2,70
2841177,人のこと言えない,12426,1,f188e1514t1,gloss,major,谁是你,你有什么资格说别人,who are you to say 是反问对方凭什么指责别人；旧译‘谁是你’是逐字误译。,2,70
2841177,人のこと言えない,12426,2,f188e1514t2,gloss,minor,看看你自己,说这话也不看看自己,look who's talking 是反讽对方也有同样问题，‘看看你自己’遗漏了指责别人这一语用义。,2,70
1640830,魔が差す,12465,4,f62e1265t4,example,major,他看到那东西，突然魔怔了，偷走了它。,他看到那东西，忽然鬼迷心窍，把它偷走了。,魔が差す指一时鬼迷心窍/受冲动诱使而做错事；‘突然魔怔了’误指精神异常。,2,70
1570850,臑,12496,3,f53e558t3,example,major,她还在啃父母的胫骨。,她还在靠父母养活。,亲のすねをかじる是依靠父母供养的惯用语，‘啃父母的胫骨’是把词面误当意思。,2,70
1416730,棚上げ,12518,1,f38e1248t1,gloss,minor,归档,搁置,pigeonholing a matter 意为搁置某事，不是归档文件。,2,70
1294380,宰相,12522,3,f26e1299t3,xref,minor,首相；宰相（德国、奥地利等）；总理,首相；总理（德国、奥地利等）；总理,现代德国、奥地利的 chancellor 是政府首脑‘总理’，不是历史意义上的‘宰相’。,2,70
1238460,蕎麦,12561,5,f21e758t5,gloss,major,荞麦（Fagopyrum esculentum）,中式小麦面条,该义项英文明确为 Chinese-style wheat noodles，旧译重复了前一义项荞麦，原料和食物种类都错。,2,71
1675330,空元気,12581,5,f66e50t5,gloss,major,借来的勇气,酒后壮胆,Dutch courage 专指饮酒后获得的虚勇/胆量，‘借来的勇气’遗漏了饮酒这一限定。,2,71
2864693,稽古を付ける,12589,0,f210e1950t0,gloss,minor,授教,授课,授ける/稽古を付ける意为授课、指导，‘授教’不是自然中文搭配。,2,71
1400400,巣くう,12591,2,f37e24t2,gloss,major,（不良团体）窝藏,（不良团体）盘踞,不良团体巣くう指其盘踞、聚集于某处，‘窝藏’是他人收留藏匿团体，施事关系颠倒。,2,71
1663910,雨風,12617,2,f64e1709t2,gloss,minor,外界环境,风雨等自然因素,the elements 在此指天气/自然风雨侵袭，不是抽象的外界环境。,2,71
2611400,咎,12629,5,f152e1818t5,gloss,minor,冒犯,罪行,offense 在罪、恶行的语义组中指违法罪行，‘冒犯’是对人的失礼，义项不符。,2,71
2168700,ちり,12645,0,f112e908t0,gloss,minor,将鱼（肉等）、豆腐、蔬菜一同煮制，配 ponzu 蘸汁食用的料理,将鱼（肉等）、豆腐、蔬菜一同煮制，配日式柑橘醋蘸汁食用的料理,ponzu 是日式柑橘醋酱油蘸汁，保留英文会让中文词条不完整。,2,71
2168700,ちり,12645,1,f112e908t1,xref,minor,将鱼（肉等）、豆腐、蔬菜一同煮制，配 ponzu 蘸汁食用的料理；用于烹制此类料理的锅,将鱼（肉等）、豆腐、蔬菜一同煮制，配日式柑橘醋蘸汁食用的料理；用于烹制此类料理的锅,xref 同样含未译的 ponzu dipping sauce，应给出中文料理术语并保留其锅具义。,2,71
1229870,泣き寝入り,12656,1,f20e1160t1,example,major,哭着睡着什么的，我才不干。,我才不想就这样委屈认栽。,泣き寝入りなんて嫌だ是拒绝委屈认栽/无奈接受，JA 为惯用义，不是哭着睡着。,2,71
2423900,由々しき,12669,1,f135e1957t1,gloss,minor,严肃的,严重的,由由しき的 serious 指情况严重，‘严肃’主要形容态度、表情，义项不匹配。,2,71
1848860,盛りつける,12694,0,f83e493t0,gloss,minor,盛装,盛盘,to dish up 是把食物盛入盘中，‘盛装’通常指穿着华丽，搭配错误。,2,71
1596080,赤裸々,12699,3,f57e447t3,gloss,minor,坦率的（如事实）,直白的（如事实）,plain (e.g. fact) 指直白、不加修饰的事实，‘坦率’是人的表达态度，且与后面的 frank 重复。,2,71
1237060,教義,12721,3,f21e497t3,example,major,那个宗教团体被相当可疑的教义所困扰。,那个宗教团体信奉的教义相当离谱。,英文明确说教义/观点很离谱；日文とりつかれている是受其控制的修辞，现译‘被教义困扰’扭转为遭受困扰。,2,71
1765520,神頼み,12738,1,f74e1666t1,example,minor,患难时的祈祷。,只有在危难时才求神。,"日语谚语强调只在艰难时求神，英文 Danger past, God forgotten 也强调危险过去就忘神；旧译仅写患难时祈祷，遗漏对比/临时求助含义。",2,72
2132890,勤務中,12749,3,f108e1452t3,example,major,明明在上班，却偷着职员的眼沉迷于互联网。,明明在上班，却瞒着职员偷偷沉迷于互联网。,職員の目を盗んで意为瞒着职员、趁其不注意，旧译‘偷着职员的眼’是逐字误译且不通顺。,2,72
1835980,好敵手,12828,2,f81e1799t2,gloss,minor,好局,旗鼓相当的对手,good match 在此指势均力敌的对手，‘好局’指一场好比赛/局面，不是对手。,2,72
1072500,スピン,12890,2,f6e1898t2,gloss,minor,公关宣传,（公关、政治等领域的）宣传话术,spin 在公关、政治语境中指带有引导性的宣传包装/话术，不等同于一般公关宣传。,2,72
1010970,フーフー,12899,0,f2e370t0,gloss,minor,反复吹地,反复地吹（如给东西吹凉）,该义项是副词‘反复吹’，旧译‘反复吹地’中文语法不通。,2,72
1163520,一条,12925,5,f13e1991t5,example,minor,洒水器正在向草坪喷出一条条水流。,洒水器正向草坪喷出一股水流。,日文和英文均为单股水流，原译‘一条条水流’数量不符且搭配生硬。,2,72
2238730,口の悪い,12983,1,f119e1597t1,gloss,minor,口无遮拦,满口脏话,foulmouthed 指说脏话、粗话，‘口无遮拦’指说话不谨慎，语义不同。,2,73
2238730,口の悪い,12983,2,f119e1597t2,gloss,minor,口尖,说话尖刻,sharp tongue 指言语尖刻，‘口尖’不是自然中文表达。,2,73
2238730,口の悪い,12983,3,f119e1597t3,gloss,minor,口尖且刻薄,说话尖刻而刻薄,sharp nasty tongue 指说话尖刻刻薄，旧译‘口尖且刻薄’不自然。,2,73
2238730,口の悪い,12983,4,f119e1597t4,example,minor,那家伙是个口尖的人。,那家伙说话很尖刻。,例句的 sharp tongue 是说话尖刻，‘口尖的人’不合中文搭配。,2,73
2238730,口の悪い,12983,5,f119e1597t5,xref,minor,尖酸刻薄；口尖；口尖且刻薄,尖酸刻薄；说话尖刻；说话尖刻而刻薄,xref 同样使用 sharp tongue 相关释义，应改正不自然的‘口尖’并保留原义区分。,2,73
1075090,セント,12999,2,f7e252t2,example,minor,你只给了我50分。,你只给了我50美分。,英文明确为货币单位 cents，且同组另一例已译作美分；‘50分’会被理解为人民币分或分数。,2,73
1171820,羽目,13058,3,f14e1725t3,example,minor,因为最后没有进行细致处理，结果成了画龙点睛的遗憾。,就因为忽略了最后的收尾，结果成了缺少画龙点睛之笔的局面。,日文的‘画竜点睛を欠く’意为缺少关键收尾；旧译‘画龙点睛的遗憾’表达关系不清。,2,73
1171820,羽目,13058,10,f14e1725t10,xref,major,被甩上（某项工作）；落到（不愉快的事物）,被迫接下（某项工作）；落得（某种不愉快的结果）,get stuck with a job 是被迫接下工作，‘被甩上’是误译；end up with 是落得某种结果。,2,73
1233100,魚屋,13075,0,f20e1825t0,gloss,minor,鱼市,鱼店,鱼屋指卖鱼的店，fish market 是鱼市场，易误解为集市而非商店。,2,73
2399590,心を通わせる,13111,1,f133e972t1,gloss,minor,伸出援手,与……建立联系,心を通わせる指心灵交流/建立情感联系，‘伸出援手’具体表示帮助对方，增加了原义没有的援助行为。,2,73
2856715,幸いにして,13168,2,f203e475t2,gloss,minor,高兴地,幸好,happily 在此是幸运地/幸而的副词义，不是心情高兴地。,2,74
2571170,見境なく,13169,1,f148e1932t1,example,minor,不加选择地做性爱的人，难道不怕艾滋病等性病吗？,毫无节制地发生性关系的人，难道不怕艾滋病等性病吗？,見境なくセックスしまくる强调毫无节制地发生性关系，旧译‘做性爱’不合中文搭配。,2,74
2423690,目を配る,13170,1,f135e1918t1,gloss,minor,保持警惕,密切留意,to keep a watchful eye on 是密切观察/留意对象，‘保持警惕’指保持戒备状态而非看护对象。,2,74
1061470,シャットアウト,13204,5,f6e266t5,gloss,major,封场,零封,体育语境 shutout 指让对手未得分的零封，‘封场’不是中文体育术语。,2,74
1061470,シャットアウト,13204,4,f6e266t4,example,major,下个月他记录了NHL的首场封场比赛，展现了NHL超级守门员的才能。,下个月，他首次在NHL比赛中零封对手，展现了自己作为NHL顶级守门员的才能。,NHL shutout 是守门员零封对手；旧译‘封场比赛’生硬且不能清楚表达未失球。,2,74
2402180,泥を塗る,13214,2,f133e1501t2,example,major,那个通知将玷污他的诚实名声。,这个消息会玷污他诚实的名声。,知らせ在此为消息/news，不是通知；‘诚实的名声’也应自然表达为诚实名声。,2,74
2839796,悲壮感,13282,2,f187e818t2,gloss,minor,决心感,决心,sense of determination 指决心，‘决心感’是生硬的逐字组合。,2,74
1822250,因果応報,13298,6,f80e877t6,example,minor,虽然通过肮脏的手段收购了公司，但被自己曾认为腹心的人背叛，真是报应啊。,他用肮脏手段收购了公司，却被自己曾视为心腹的下属背叛，真是报应。,原译‘曾认为腹心的人’不自然。JA 指他曾信任的部下背叛他，改为自然中文并保留因果报应语气。,2,74
2400040,手中におさめる,13339,2,f133e1060t2,example,minor,电信行业完全可以据为己有。,电信市场完全有待各方争夺。,up for grabs 表示尚待人争取/争夺，‘据为己有’把开放竞争说成已经可以独占市场。,2,74
1856280,朱に染まる,13362,0,f84e60t0,gloss,minor,血淋淋的,浑身浴血,to welter in blood 表示浑身沾满鲜血，‘血淋淋的’是状态形容词，未表达原动词义。,2,75
1856280,朱に染まる,13362,1,f84e60t1,gloss,minor,被血覆盖,浑身是血,to be covered in blood 是浑身是血，‘被血覆盖’不合中文习惯。,2,75
1907690,便宜を図る,13431,1,f87e731t1,gloss,minor,迁就,提供便利,便宜を図る是替人提供便利，‘迁就’指顺从对方要求，语义偏离。,2,75
2068570,落っことす,13448,3,f102e674t3,xref,major,① 掉落；遗失；让……落下；脱落（光线）；投射（目光）；倾倒（液体）；留下,① 掉落；遗失；让……落下；阐明（问题）；投射（目光）；倾倒（液体）；留下,shed light (on) 是阐明/说明，‘脱落（光线）’误解了固定搭配。,2,75
1664440,出会い頭,13480,3,f64e1894t3,example,minor,因为我没看清前方，在相遇时撞上了。小川君没有错。,因为我没注意看前面，所以碰面时撞上了他。这不是小川君的错。,JA 前をよく見てなかった是没有注意看前方，不是看不清；原译也没有明确表达撞到了他。,2,75
1847250,こね回す,13500,2,f83e57t2,gloss,major,搅混,使复杂化,to complicate 是使事情复杂化，‘搅混’只表示混合或搅乱。,2,75
1847250,こね回す,13500,3,f83e57t3,gloss,minor,搅混,搅成一团糟,to turn into a mess 指弄得一团糟，‘搅混’未表达结果变糟。,2,75
1382750,石頭,13538,3,f35e507t3,gloss,major,硬着头皮,像石头一样坚硬的脑袋,hard head like a rock 是字面上的硬脑袋，‘硬着头皮’是另一个汉语惯用语，意为勉强去做。,2,75
1751910,睥睨,13555,3,f73e896t3,gloss,minor,俯视,居高临下地蔑视,睥睨在此为带轻蔑的俯视/傲视，单写‘俯视’只表示视线方向，遗漏了轻蔑态度。,2,76
1751910,睥睨,13555,4,f73e896t4,gloss,minor,以威势俯视,用逼人的目光压人,domineering with a coercive look 是以逼人的目光压制他人，旧译‘以威势俯视’仍只是向下看。,2,76
1533180,免罪符,13603,0,f49e1033t0,gloss,major,（尤其天主教中的）赦罪,（尤其指天主教会中的）赎罪券,indulgence 是天主教特定术语，旧译‘赦罪’只解释概念，没有译出词条所指的赎罪券。,2,76
2235670,磔,13645,0,f119e874t0,gloss,major,钉十字架处刑,将受刑者绑在柱子上并用长矛刺杀的处刑方式,原义明确是绑在柱上再以长矛刺杀，旧译‘钉十字架’误写成钉入十字架，遗漏并改变处刑方式。,2,76
1492200,不健全,13656,3,f45e1582t3,example,minor,领导们之间的不和导致了不健康的宗派主义。,领导者之间的冲突导致了不健康的派系主义。,sectionalism 指派系/部门之间的分裂主义，此处不涉及宗教；‘宗派主义’会误导为宗教派别。,2,76
1459540,内輪,13669,4,f42e1653t4,example,minor,那段恋情是家庭秘密。,那段婚外情是家里的秘密。,日文浮気明确指不忠/婚外情，旧译‘恋情’可被理解为正常恋爱关系，弱化了原义。,2,76
1830810,性感,13721,0,f81e637t0,gloss,major,性感,性的感受,性感在例句中指性的感觉/敏感度；‘性感’在中文通常指有性吸引力，是假朋友。,2,76
1073320,スポーツドリンク,13747,0,f7e16t0,gloss,critical,体育博览会,运动饮料,sports drink 是运动饮料，‘体育博览会’是体育展览活动，词义完全错误。,2,76
1012700,もりもり,13830,0,f2e742t0,gloss,minor,（吃得）津津有味,（吃得）很起劲,もりもり食べる指胃口好、大口且起劲地吃，‘津津有味’仅表示觉得好吃，遗漏进食旺盛的语义。,2,77
1358160,食い荒らす,13845,0,f32e1565t0,gloss,minor,吃坏（如庄稼等）,啃食并毁坏（如庄稼）,食い荒らす表示吃掉并破坏，‘吃坏’可被理解为吃坏肚子或食物变质。,2,77
2599590,二人暮らし,13849,0,f151e1498t0,gloss,minor,两人同居,两人同住,此处仅指两个人一起生活，‘同居’在中文常特指未婚伴侣共同居住，带入不必要的关系限定。,2,77
1271150,語調,13857,1,f24e1172t1,gloss,minor,语气,用语,parlance 指某种说法/用语，‘语气’指说话态度或声调，不是其核心含义。,2,77
2831105,尿道口,13909,1,f178e1983t1,gloss,major,尿道内口,尿道口,urinary meatus 是尿道口；‘尿道内口’是尿道内部开口，解剖位置不同。,2,77
1478290,抜刀,13930,1,f44e1209t1,gloss,minor,拔刀,出鞘的刀,drawn sword 指已经出鞘的刀，‘拔刀’是拔出刀的动作，重复了前一义项。,2,77
1719640,横倒し,13934,2,f70e875t2,example,major,倒下的自行车妨碍了通行。,侧翻的汽车挡住了通道。,英文和日文都明确是汽车横倒，旧译自行车是车辆类别错误。,2,77
1658450,持ち出し,13961,1,f64e589t1,gloss,minor,执行,带出,持ち出し在此是把物品带离某处，‘执行’指实施计划或任务，义项不同。,2,78
1212750,慣例,13967,2,f18e1790t2,gloss,minor,约定,惯例,convention 在慣例的同义词组中指社会惯例/约定俗成做法，不是双方达成的约定。,2,78
2602950,フェス,13981,0,f152e121t0,gloss,minor,节日（尤其指音乐、电影等）,节庆活动（尤其指音乐节、电影节等）,音乐、电影等 festival 是节庆活动，不是日历上的节日。,2,78
2602950,フェス,13981,1,f152e121t1,xref,minor,节日（尤其指音乐、电影等）,节庆活动（尤其指音乐节、电影节等）,xref 与本义相同，festival 在此指音乐、电影等节庆活动。,2,78
1092890,ネス,13990,0,f8e834t0,gloss,minor,-ness,表示性质或状态的后缀（常译作“……性”）,-ness 是英语构词后缀，中文需解释其功能；原译原样保留英文没有提供中文释义。,2,78
1514750,補導,14020,3,f47e1815t3,gloss,major,青少年保护性收容,预防青少年违法行为的辅导,英文原义是对青少年进行辅导以预防不良行为，不是保护性收容；现译把它与下一义项拘留混淆。,2,78
1020810,イージー,14040,1,f2e1959t1,example,minor,我要一份橙汁和两份半熟蛋。,我要一份橙汁和两个双面煎的半熟蛋。,over easy 指两面煎、蛋黄仍半熟的煎蛋，不是通常煎法不明的‘半熟蛋’。,2,78
1846900,かち合う,14041,3,f82e1993t3,gloss,minor,巧合,重合,to coincide 指时间等重合，‘巧合’是名词，不能准确作此释义。,2,78
1700050,酔いつぶれる,14145,2,f68e855t2,example,minor,那个男人三杯下肚便醉倒在地。,那名男子喝了三杯后便醉倒了。,passed out 是醉倒/失去意识，原译增加了‘在地’这一无依据地点。,2,78
1865180,飾り気のない,14151,2,f84e1237t2,gloss,minor,纯真,自然的,natural 在此指朴实自然、不做作；‘纯真’增加了天真无邪的人格含义。,2,78
1562800,湾,14262,2,f52e1030t2,gloss,minor,河口,海湾,湾可指海湾或海岬内侧水域；河口是河流入海处，缩窄了 inlet 的含义。,2,79
1329240,首を切る,14315,1,f30e190t1,gloss,major,辞退,解雇,此处 idiom 义为因工作解雇某人；辞退通常是主动离职或拒绝，不符合英文 dismiss。,2,79
2714240,薄ら笑い,14333,0,f163e71t0,gloss,major,苦笑,淡淡的笑,薄ら笑い是淡淡、浅浅的笑；苦笑带有苦涩或无奈意味，语义增加了原词没有的态度。,2,79
2714240,薄ら笑い,14333,1,f163e71t1,xref,major,苦笑,淡淡的笑,xref 引用同一词义 faint smile，应译为淡淡的笑；苦笑额外加入苦涩意味。,2,79
1413030,大尉,14371,1,f38e604t1,gloss,major,中尉（海军）,海军上尉,英语 lieutenant (Navy) 对应的军阶与陆军 captain 同级，中文应为海军上尉而非中尉。,2,79
1413030,大尉,14371,2,f38e604t2,gloss,major,飞行中尉（英国皇家空军、澳大利亚皇家空军、新西兰皇家空军等）,空军上尉（英国、澳大利亚、新西兰等）,flight lieutenant 在英联邦空军对应上尉军阶，飞行中尉会误降一级。,2,79
1413030,大尉,14371,3,f38e604t3,note,minor,旧日本海军使用的“大尉”,“だいい”这一读音由旧日本海军使用,原注限定的是读音だいい的使用者，旧译遗漏读音范围，变成笼统的大尉用法。,2,79
1904600,品位,14390,6,f87e361t6,gloss,major,精细,成色,品位用于金属时 fineness 指纯度/成色；精细表示细致程度，不是此处专业义。,2,79
1861290,枝分かれ,14397,1,f84e707t1,example,major,平原被横切，水路呈分枝状。,水路在平原上分支延伸。,日文和英文都说水路横贯平原并分支，原译把平原误作被动受事。,2,79
2272370,宙ぶらりん,14432,0,f123e769t0,gloss,major,悬而未决,悬垂的,该 sense 对应 dangling 的物理悬挂义，悬而未决只适用于事情待定的比喻义。,2,80
2272370,宙ぶらりん,14432,4,f123e769t4,gloss,major,半途而废,做到一半的,half done 表示做到一半，原译半途而废额外断言放弃，原义不包含此意。,2,80
2272370,宙ぶらりん,14432,6,f123e769t6,gloss,major,悬而未决,犹豫不决的,indecisive 描述拿不定主意，悬而未决描述事项尚未解决，词义主客体不符。,2,80
1271090,語源,14448,1,f24e1163t1,gloss,minor,词的派生,词源,此词条的 sense 是語源，英文 derivation of a word 指词源；词的派生会误指构词过程。,2,80
1462490,二人三脚,14452,0,f43e228t0,gloss,major,三人四脚,两人三足赛,日语二人三脚及英文 three-legged race 都指两人绑腿的三足赛，三人四脚误了人数和脚数。,2,80
2172190,上半身裸,14457,0,f112e1503t0,gloss,minor,腰以上赤裸,腰部以上裸露,naked above the waist 指腰部以上裸露，原译“腰以上”表达不完整且不自然。,2,80
2861081,気取った,14485,1,f207e1005t1,gloss,major,自负,装腔作势的,pretentious 指故作姿态、装腔作势；自负是自信过度，并非同一含义。,2,80
1494580,不発,14488,0,f45e1955t0,gloss,critical,失火,哑火,不発的 misfire 指枪炮未能击发或装置未能发动，失火则是发生火灾，词义相反。,2,80
1477110,鉢植え,14650,1,f44e850t1,example,minor,冬天期间将幼苗进行盆栽。,冬天期间将幼苗移植到盆中。,鉢植えにする在这里是把幼苗栽到盆里，进行盆栽不能自然表达移植动作。,2,81
1334870,十全,14653,0,f30e1225t0,gloss,minor,十全,完美,perfection 指完美，直接把词头十全当作中文释义没有提供释义信息。,2,81
1334870,十全,14653,1,f30e1225t1,gloss,minor,十全,周全,thoroughness 是周全、周密，不能用十全替代英文释义。,2,81
1334870,十全,14653,2,f30e1225t2,gloss,minor,十全,圆满,consummation 指完成、圆满达成，原译十全未表达该释义。,2,81
1436660,締結,14686,1,f40e947t1,gloss,major,（合同）执行,签订（合同）,締結指正式签订、缔结合同，execution of a contract 在此是正式订立合同，不是签约后的履行。,2,81
2080600,ピリッと,14689,2,f103e926t2,gloss,major,刺痛,辛辣地,pungently 描述刺激、辛辣的味道，刺痛表示痛觉，不适用于味道义。,2,81
1586220,明き巣,14703,6,f55e790t6,gloss,major,扒手,潜入空宅行窃者,prowler 在此为趁空屋行窃的潜入者；扒手专指趁人不备从身上偷窃的人。,2,81
1586220,明き巣,14703,8,f55e790t8,xref,major,入室盗窃；入室窃贼；窃贼；扒手,入室盗窃；入室窃贼；潜入空宅行窃者；潜行窥探者,xref 的 prowler 不是扒手，应译为潜行窥探者；其余所引义保持原意。,2,81
1603900,巻き物,14717,11,f58e1429t11,xref,major,卷寿司；回转寿司；寿司卷,卷寿司；卷寿司；寿司卷,xref 中 rolled sushi 是卷寿司，回转寿司指传送带寿司店/形式，与卷物无关。,2,81
2520460,一巻の終わり,14725,0,f144e704t0,gloss,major,一败涂地,彻底完了,一巻の終わり表示事情彻底结束或完蛋，end of the line 不必然表示失败或一败涂地。,2,81
2520460,一巻の終わり,14725,1,f144e704t1,gloss,major,一败涂地,彻底完了,end of the road 表示走到尽头，中文一败涂地把结果限定为失败。,2,81
2520460,一巻の終わり,14725,2,f144e704t2,gloss,major,一败涂地,彻底完了,curtains 在此表示事情告终，并非必定一败涂地。,2,81
1571500,茫然自失,14797,0,f53e711t0,gloss,major,昏厥,茫然发愣,stupor 是茫然发愣的状态，并不必然失去意识；昏厥误译成身体失去知觉。,2,81
2862037,いっちゃん,14803,1,f208e820t1,gloss,minor,最多,最……,most 是最高级副词，单译最多只适用于数量，未覆盖形容词等其他语境。,2,81
1839870,飼い猫,14811,1,f82e612t1,example,major,“猫急”这个词，表现的是饲养的猫朝着食物奋力冲过去的样子。,“猫儿直冲”这个说法，表现的是家猫朝着食物奋力冲过去的样子。,日文明确释为家猫朝食物奋力直冲的样子；“猫急”不是这一动作表达，英文例句也讲直奔目标。,2,81
1240130,曲目,14791,3,f21e1039t3,gloss,minor,乐曲,音乐节目；演奏曲目,EN为 musical program，指音乐节目安排或演奏曲目；单译“乐曲”只指单首音乐作品，未表达节目/安排这一集合义。,2,81
2446880,織り込み済み,14832,2,f138e410t2,gloss,major,折价,已纳入考虑,织り込み済み及 discounting 在此指已把某事纳入考量，折价表示降价或折扣。,2,82
2857842,お先にどうぞ,14855,1,f204e683t1,gloss,minor,请让,您先请,after you 是礼貌地请对方先行，原译请让缺少宾语且语义未完成。,2,82
1020070,アンダー,14883,2,f2e1853t2,gloss,major,发育不足,显影不足,摄影术语 underdevelopment 指显影不足，不是生长发育不足。,2,82
2590010,意地が悪い,14893,0,f150e1519t0,gloss,minor,恶意,恶毒的,该日语词条为形容词，malicious 在此也是形容词；恶意是名词，词性不对应。,2,82
1223940,起用,14905,2,f20e102t2,gloss,major,晋升,启用,起用可指选拔并任用人选；英文 pinch hitter 的例句也是启用代打，不是升职晋升。,2,82
2136960,素晴らしき,14956,1,f109e264t1,gloss,minor,奇妙,美妙,wonderful 表示美好、极好，奇妙容易带有奇特意味，未准确传达褒义。,2,82
1160810,ひとっ走り,15010,3,f13e1512t3,gloss,major,旋转,兜风,spin 作名词指短途兜风或骑行，不是物体旋转。,2,82
1160810,ひとっ走り,15010,5,f13e1512t5,xref,major,（短）跑；驾驶；骑行；旋转,（短）跑；驾驶；骑行；兜风,spin 的名词义是兜风/短途乘车，旋转是动词义，不能作为此处释义。,2,82
1324200,酌み交わす,15020,2,f29e1191t2,example,minor,彻夜不断互相斟香槟。,大家彻夜共饮香槟。,日文被动态及英文都说彻夜饮香槟，原译强调互相斟酒，改变了句意。,2,82
1924250,ドタキャン,15070,1,f88e1099t1,note,minor,源自“临阵取消”,源自“在最后关头取消”,ドタキャン来自土壇場でキャンセル，土壇場意为最后关头；临阵取消额外引入战场语境。,2,83
2523990,シコシコ,15090,2,f144e1443t2,gloss,minor,恰到好处的,煮得有嚼劲的,al dente 描述煮后仍有嚼劲的口感，恰到好处没有表达食物质地。,2,83
2523990,シコシコ,15090,5,f144e1443t5,gloss,major,啪啪,打手枪声,该性俚语中的 fap fap 指手淫动作/声音，普通啪啪无法明确表达这一动作。,2,83
2523990,シコシコ,15090,6,f144e1443t6,gloss,major,啪啪,手淫,jerking off 是手淫，啪啪并非同义。,2,83
2523990,シコシコ,15090,7,f144e1443t7,gloss,major,啪啪,手淫,masturbation 是手淫，啪啪并非同义。,2,83
1438620,天蓋,15152,2,f40e1299t2,gloss,major,法华宗僧侣的芦苇头巾,普化宗僧侣所戴的芦笠,天蓋的此义是虚无僧（普化宗僧侣）所戴的芦笠；法华宗是不同宗派。,2,83
1438620,天蓋,15152,3,f40e1299t3,gloss,major,法华宗僧侣佩戴的芦苇头巾,虚无僧所戴的芦笠,Komuso 是普化宗的虚无僧，并非法华宗僧侣。,2,83
1438620,天蓋,15152,4,f40e1299t4,xref,major,身披蓑衣、吹奏尺八的丰协宗乞僧,普化宗的乞食禅僧（戴着斗笠并吹奏尺八）,Fuke sect 应为普化宗，“丰协宗”误译；其余释义照顾了原文戴笠吹尺八的限定。,2,83
1163620,一新,15195,2,f14e16t2,gloss,major,改革,复兴,restoration 指恢复、复兴，不等于制度或社会层面的改革。,2,83
1868450,ガラの悪い,15198,3,f84e1670t3,xref,major,粗野；粗俗；粗鲁,没教养；粗俗；粗野,xref 首义 ill-bred 是没教养，原译粗野不能完整对应这一释义。,2,83
2860488,キャン,15208,0,f206e1919t0,gloss,critical,蒙古马,藏野驴,kiang（Equus kiang）是藏野驴，不是蒙古马。,2,83
2860488,キャン,15208,1,f206e1919t1,gloss,critical,蒙古马,藏野驴,kyang 是 kiang 的异体拼法，同指藏野驴，不是蒙古马。,2,83
1514780,穂,15222,0,f47e1821t0,gloss,major,谷（禾本科植物的穗）,（禾本科植物的）穗,穂的此义对应谷物的 ear/head，谷是谷物或粮食，不是穗部。,2,83
1747000,郵便受け,15242,3,f72e1771t3,gloss,minor,投信口,信箱投递口,mail slot 是投递信件的信箱口，“投信口”容易理解为投资信托或寄信动作。,2,84
1607200,低音,15267,2,f59e689t2,gloss,minor,低声音,低沉的嗓音,low voice 指音调低沉的声音，低声音是生硬的直译。,2,84
1126070,マーカー,15368,1,f10e1872t1,example,critical,破坏,取下墨水补充瓶的瓶盖，用滴管吸取墨水，再向记号笔的吸墨芯滴入适量墨水。,日文及英文都说明取下墨水瓶盖并用滴管给笔芯补充墨水，旧译“破坏”与句意完全无关。,2,84
1377160,正妻,15381,2,f34e1282t2,gloss,major,正妻（在复婚关系中）,第一位妻子（一夫多妻关系中）,polygamous relationship 指一夫多妻/多配偶关系；复婚是再婚，概念不同。,2,84
1872180,口を慎む,15412,0,f85e174t0,gloss,minor,谨言慎行,说话谨慎,口を慎む专指谨慎言语，原译“谨言慎行”还扩展到行为。,2,84
2855548,どこから見ても,15414,0,f202e414t0,gloss,major,表面上,怎么看都像,to all appearances 指从外表看、怎么看都像；表面上暗示表象与实情相反。,2,84
2855548,どこから見ても,15414,4,f202e414t4,xref,major,表面上；无论怎么看,怎么看都像；无论怎么看,xref 的 to all appearances 是显而易见、怎么看都像，不是带有表里不一暗示的表面上。,2,84
1457610,のろま,15422,4,f42e1099t4,gloss,major,笨蛋,慢吞吞的人,slowcoach 指动作迟缓的人，不是笨蛋。,2,84
1457610,のろま,15422,5,f42e1099t5,gloss,major,笨蛋,慢吞吞的人,slowpoke 指做事慢吞吞的人，中文笨蛋遗漏了速度慢这一核心义。,2,84
1324460,若葉,15451,2,f29e1245t2,gloss,major,新鲜蔬菜,新鲜的绿叶,fresh verdure 指新鲜的绿色枝叶，verdure 是草木青翠，不是新鲜蔬菜。,2,85
2003490,ドッグ,15470,4,f95e1981t4,gloss,critical,火狗,壁炉柴架,firedog 是壁炉中支撑木柴的金属架，并非字面上的火狗。,2,85
2003490,ドッグ,15470,5,f95e1981t5,gloss,critical,火狗,壁炉柴架,andiron 是壁炉中架柴用的金属架，不是火狗。,2,85
1006560,せびる,15473,3,f1e1498t3,example,major,向我借钱也没用。,向我讨钱也没用。,日语せびる及英文 ask me for money 是向人索要钱财；借钱暗示可偿还，改变了行为性质。,2,85
1639760,子供騙し,15478,1,f62e1073t1,gloss,major,透明的诡计,一眼就能看穿的把戏,transparent ploy 是容易识破的把戏，不能直译为透明的诡计。,2,85
1639760,子供騙し,15478,6,f62e1073t6,gloss,major,透明的,一眼就能看穿的,transparent 的比喻义是显而易见、容易识破，不是物理透明。,2,85
2842604,かぶ,15506,4,f190e160t4,xref,major,花札（传统赌博游戏）,日本传统赌博游戏（おいちょかぶ）,xref 明确指 oicho-kabu 赌博游戏；花札是另一种牌类/纸牌，不是游戏名。,2,85
2036990,炊ける,15558,2,f99e326t2,gloss,minor,完成,煮好了,炊ける用于米饭等煮熟做好，完成泛指任务结束，未表达烹饪结果。,2,85
1392110,船旅,15571,3,f36e504t3,gloss,minor,邮轮,乘邮轮旅行,cruise 在此与 trip/voyage 并列，指邮轮旅行，不是邮轮这种交通工具本身。,2,85
1566050,娑婆,15663,3,f52e1587t3,gloss,minor,此世,浊世,佛教义 this corrupt world 指污浊的尘世；此世遗漏了腐败、污浊限定。,2,86
1259000,肩こり,15703,0,f23e847t0,gloss,major,脖子僵硬,肩膀僵硬,日文词头肩こり及日文例句均指肩膀僵硬，脖子僵硬偏离词义。,2,86
1259000,肩こり,15703,2,f23e847t2,example,major,脖子很僵硬。,肩膀僵硬得厉害。,日文例句写肩こり，中文应表达肩膀僵硬；英文 neck 与日文不同，按日文原句取义。,2,86
2641270,乗りかかった船,15751,0,f155e1742t0,gloss,major,覆水难收,既然已经上了船，就只能继续做下去,乗りかかった船是既然开始就继续做到底，覆水难收只表达无法挽回，语义不同。,2,86
1262730,儼然,15835,4,f23e1531t4,gloss,major,严峻,确凿的（事实）,hard fact 指确凿、无可争辩的事实，不是严峻的事实。,2,86
1182820,臆面もなく,15839,3,f16e75t3,gloss,major,毫不胆怯地,毫不羞怯地,unabashedly 指毫不羞愧、毫不遮掩地，毫不胆怯是勇气而非羞耻维度。,2,86
1061280,シャープ,15848,1,f6e240t1,gloss,critical,尖锐的,升号,音乐术语 sharp 是升号，尖锐描述声音或刀具，不是升降记号。,2,86
1061280,シャープ,15848,2,f6e240t2,xref,critical,参见③“平的”,③ 降号,音乐术语 flat 是降号，不能按普通形容词 flat 译成平的。,2,86
1653080,投合,15894,0,f63e1601t0,gloss,major,投合,一致,agreement 指意见或立场一致，投合指彼此意气相投，语义不同。,2,87
1653080,投合,15894,1,f63e1601t1,gloss,major,投合,巧合,coincidence 是巧合、同时发生，投合不表示偶合。,2,87
1664250,手間暇,15898,0,f64e1826t0,gloss,major,时间,时间和精力,手間暇及英文 time and effort 同时包括时间和功夫/精力，原译漏了 effort。,2,87
1664250,手間暇,15898,2,f64e1826t2,example,major,多亏这个机会，我们大大节省了时间。,多亏这个机会，我们省下了不少时间和精力。,日文说大幅省下手間暇，指时间和劳动；中文只说节省时间，遗漏了精力。,2,87
1758410,利き腕,15915,0,f74e168t0,gloss,major,惯用手,常用手臂,日文及英文都指惯用的手臂，惯用手通常指手本身，范围较窄。,2,87
1319000,辞任,15944,1,f29e4t1,example,major,他辞去了统帅的职务。,他辞去了总统职务。,日文大統領及英文 president 指总统，统帅是军事指挥官。,2,87
2857260,ズー,16046,1,f203e1526t1,xref,major,动物园；植物园,动物园；动物园,zoological gardens 是动物园的另一种说法，植物园是植物园。,2,87
1320210,失明,16068,4,f29e222t4,example,major,他险些失去一只眼睛。,他险些一只眼睛失明。,日文原句明确说差点一只眼睛失明；中文现译按英文改成险些失去眼球，按日语原句校正。,2,87
1441360,転用,16098,0,f40e1813t0,gloss,minor,挪用,转用,転用是改作他用、转用；挪用额外带有擅自占用或不当使用的意思。,2,88
1391560,煎餅,16112,1,f36e406t1,gloss,major,煎薄饼,日式米饼,senbei 是日本米饼，煎薄饼指另一类以面粉制成的薄饼。,2,88
1608730,怜悧,16173,6,f59e1059t6,example,major,我认为，面对那样的对手，我那华而不实的聪明技巧，一旦被识破，便会落败。,我认为，面对那样的对手，我那些看似聪明的技巧一旦被识破，就会落败。,日文見せ掛けだけの表示徒有其表/看似如此，华而不实额外判断技巧无用。,2,88
2228250,捕れる,16181,0,f118e1392t0,gloss,major,（野生动物、鱼、棒球等）被捕获,（野生动物、鱼等）被捕获；（棒球）被接住,捕れる用于棒球时是球被接住，不是被捕获。,2,88
1163590,一心に,16213,0,f14e11t0,gloss,minor,全心,全心全意地,wholeheartedly 是全心全意地，原译全心单独作状语不完整。,2,88
1007940,ちんこ,16228,1,f1e1792t1,example,critical,一般的护士，不仅会在阴茎上放置尿瓶，手术时还会剃毛。,一般护士会递上尿壶，并在手术前为病人剃毛！,日文和英文说护士协助使用尿壶并在术前剃毛；原译把尿壶放在阴茎上，误解助尿用具的照护场景。,2,88
1705770,身一つ,16252,4,f69e86t4,example,minor,离婚后，她孤身一人经营家务，想必十分辛苦。,离婚后她独自一人操持家务，想必十分辛苦。,日文所带手一つで表示独自承担；经营家务不是自然中文表达。,2,88
1436100,底本,16272,0,f40e848t0,gloss,critical,帝道,原文,底本的 original text 应译原文，帝道与词义无关。,2,88
1436100,底本,16272,1,f40e848t1,gloss,critical,帝德,底本,source book 是作为依据的底本/原本，帝德与词义无关。,2,88
1436100,底本,16272,2,f40e848t2,gloss,critical,帝日,草稿,draft 是草稿，帝日与词义无关。,2,88
1392080,船舶,16305,4,f36e500t4,example,major,怀中的电灯向船舶以及街上行驶的汽车传递信号。,手电筒发出的闪光在船只之间以及向城市街道上的汽车传递信号。,懐中電灯是手电筒，不能按字面译成怀中的电灯；其闪光用于船与车辆间传递信号。,2,89
1325870,主題,16320,2,f29e1465t2,gloss,major,动机,母题,motif 指作品中反复出现的主题意象/母题，不是行动动机。,2,89
2064750,ヒリつく,16325,4,f101e1858t4,xref,minor,刺痛；刺痛感；刺痛,刺痛；刺痛感；麻刺感,tingling 是麻刺、发麻的感觉，不能与 sting/smarting 都译为刺痛。,2,89
1426730,虫の息,16379,0,f39e1166t0,gloss,major,临终遗言,临终气息,虫の息是奄奄一息、临终气息，不是临终遗言（临终前说的话）。,2,89
1725780,凄絶,16486,1,f71e40t1,gloss,minor,阴森,骇人的,lurid 指骇人、耸动或血腥，不等于阴森。,2,89
1978300,確信犯,16494,0,f93e815t0,gloss,critical,明知故犯,确信犯（出于信念而实施的犯罪）,该词原义是出于信念、确信行为正当而实施犯罪；明知故犯是词条另列的现代俗用义。,2,89
1475260,白刃,16512,0,f44e530t0,gloss,major,拔刀,出鞘的刀,drawn sword 指已经拔出的刀，拔刀是拔刀的动作而不是刀本身。,2,90
1457170,突き崩す,16515,2,f42e992t2,gloss,minor,拆除,夷平,level 作及物动词指把建筑等夷平，拆除未体现夷为平地的结果。,2,90
1457170,突き崩す,16515,3,f42e992t3,gloss,minor,拆除,夷为平地,raze 是彻底拆毁至夷为平地，拆除范围过宽。,2,90
1767750,死に損ない,16520,3,f75e50t3,gloss,major,寿终正寝者,老不死的人,此贬义义项是苟活过久的老朽之人；寿终正寝者表示已经安然去世，时态和含义都相反。,2,90
1586400,鰺,16606,0,f55e882t0,gloss,critical,鰤鱼（鲈科鱼类，尤其是日本鰤鱼，Trachurus japonicus）,竹荚鱼（鲹科鱼类，尤指日本竹荚鱼，Trachurus japonicus）,Trachurus japonicus 是日本竹荚鱼（鲹科），并非鰤鱼；原译鱼种和科名均错。,2,90
1586400,鰺,16606,1,f55e882t1,gloss,major,鲹鱼,竹荚鱼,jack mackerel 通常指竹荚鱼，鲹鱼过于宽泛，不能准确指向该鱼种。,2,90
1586400,鰺,16606,3,f55e882t3,gloss,critical,鲱鱼,鲹鱼,scad 是鲹科鱼类，鲱鱼属于鲱科，鱼类分类完全不同。,2,90
1275820,口汚い,16636,0,f24e1858t0,gloss,major,口无遮拦,满口脏话,口汚い指说话粗俗、满口脏话；口无遮拦只表示不加掩饰地说话，不一定说脏话。,2,90
2741150,身に余る,16694,0,f165e1059t0,gloss,major,过分的,受之有愧的,身に余る表示超出自身应得/应受的程度，过分的没有表达受之有愧的含义。,2,90
1283870,高騰,16705,1,f25e1223t1,gloss,major,陡峭上升,大幅上升,steep rise 是大幅、急剧上升，陡峭用于地形或坡度，不适用于价格。,2,90
1265230,古株,16718,3,f24e39t3,example,minor,我原本只打算在这家公司干几年，不知不觉间，我也成了这里的老人了。,我原本只打算在这家公司干几年，不知不觉间，我也成了这里的老员工。,古株指在组织中待得久的老成员，日文和英文 old timer 都是资历/年头义；老人容易被理解为年长者。,2,91
2864573,揚がる,16743,25,f210e1710t25,gloss,minor,大声提高（指声音）,（声音）响亮地提高,此义是声音/呼声高扬，原译“大声提高”搭配不通顺，且未表达声音响亮地扬起。,2,91
1962360,オブラートに包む,16797,3,f91e1905t3,info,minor,用薄纸包裹,用糯米纸包裹,オブラート是可溶的糯米纸/药用扁圆薄片，原译泛称薄纸，丢失了构词中的具体物件。,2,91
1402060,草履,16799,0,f37e475t0,gloss,major,草鞋,草履（日本式夹趾凉鞋）,zori 是日本式夹趾凉鞋；信息字段也明确如此。草鞋指编织草制、通常系带的鞋，不能准确对应。,2,91
1292150,催し物,16837,4,f26e977t4,gloss,major,游乐设施,看点,此词指活动中的吸引人之处/看点；游乐设施是实体设备，偏离 attractions 在活动语境中的含义。,2,91
2402380,ごく最近,16841,0,f133e1542t0,gloss,minor,极最近,就在最近,ごく最近意为 very recently，原译“极最近”不符合中文表达习惯。,2,91
2402380,ごく最近,16841,1,f133e1542t1,gloss,minor,就在刚才,就在不久前,in the very recent past 指近期某个过去时点，不限于“刚才”这种极短间隔。,2,91
2870410,なし得る,16875,2,f216e1006t2,gloss,minor,可获得的,可达到的,attainable 指目标等可达到/实现，原译可获得的偏向取得物品，语义范围不合。,2,91
1297160,榊,16879,0,f26e1752t0,gloss,critical,榉树（神道教神圣的常绿植物，Cleyera japonica）,红淡比（Cleyera japonica，神道教视为神圣的常绿植物）,该拉丁学名对应红淡比，榉树是另一类树种。熊本大学药学部药用植物数据库及台湾野生植物资料库均将 Cleyera japonica 标为紅淡比。,2,91
2329700,ペタ,16960,0,f127e796t0,gloss,major,拍塔（前缀）,拍（前缀）,SI 前缀 peta- 的中文名称是“拍”，对应 10^15；“拍塔”是错误的音译。,2,92
2432190,気配を殺す,16971,0,f136e1583t0,gloss,major,消除一切痕迹,隐藏自己的气息,気配を殺す是收敛气息、隐藏自己的存在以免被察觉；“消除一切痕迹”误指抹掉物证或痕迹。,2,92
1357930,色目,16976,3,f32e1499t3,example,minor,我看得出你对长岛先生使色目。,我看见你对长岛先生抛媚眼了。,色目をつかう是向人抛媚眼，原译“使色目”不成中文。,2,92
1171400,宇宙飛行士,17041,1,f14e1618t1,example,minor,那位宇航员被看到在月球上着陆。,有人看到那位宇航员在月球上着陆。,日文和英文都说有人看见宇航员着陆；原译被动句“被看到”不自然。,2,92
1065840,ジャンパー,17047,5,f6e897t5,gloss,minor,跳远运动员,跳跃项目运动员,英文释义泛指参加跳跃项目的运动员，原译限缩为跳远运动员，排除了其他跳跃项目。,2,92
1425030,中途,17065,2,f39e856t2,gloss,minor,部分,途中,partway 作副词表示到中途/途中，译为“部分”改变了词义和词性。,2,92
2162210,糞爺,17103,0,f111e1428t0,gloss,major,老男人,臭老头,词条标明贬义口语，糞爺是辱骂人的老头称呼；中性的“老男人”没有保留贬义。,2,92
2162210,糞爺,17103,1,f111e1428t1,gloss,major,老山羊,臭老头,old goat 在此是对讨厌老人的贬称，不是字面上的“老山羊”。,2,92
1003560,ギザギザ,17109,4,f1e867t4,example,minor,锯齿状的边缘勾破了裤子的破洞。,锯齿状的边缘勾破了他的裤子。,原句是裤子被锯齿状边缘划破，旧译“裤子的破洞”重复且改变结果表达。,2,92
1481960,煩わす,17120,4,f44e1781t4,example,minor,我没有时间被这么小的事烦恼。,我没有时间被这种小事困扰。,日文被动形与英文 be bothered 都指被小事打扰/困扰，旧译“被烦恼”搭配不成立。,2,92
1726930,自警団,17168,2,f71e248t2,gloss,major,自卫队,民间自卫组织,此义是居民组成的 vigilante/self-defense group；“自卫队”会被理解为日本自卫队这一正式军事组织。,2,93
2855111,ライム,17214,0,f201e1640t0,gloss,major,柠檬（酸橙）,来檬（青柠，Citrus aurantifolia）,Citrus aurantifolia 是 lime（来檬/青柠），不是 lemon（柠檬）；中国植物志将该学名列为来檬，二者为不同柑橘。,2,93
2225240,までなら,17259,0,f118e780t0,gloss,major,直到……（例如物品）,最多到……（例如数量）,以物品数量为例的 up to 表示上限，原译“直到”通常表达时间终点，不能准确表达最多可到的数量。,2,93
1347800,少尉,17280,0,f31e1523t0,gloss,major,中尉,少尉,second lieutenant 是少尉军衔；中尉高一级。,2,93
1347800,少尉,17280,1,f31e1523t1,gloss,major,副中尉,海军中尉,sublieutenant 是海军军衔，现译“副中尉”不是规范中文军衔称谓。,2,93
2083420,飽く,17271,5,f103e1484t5,gloss,major,对……感到恶心,对……感到厌烦,get sick of 在此是厌烦、厌倦的习语义；译成“感到恶心”会误指生理恶心。,2,93
1318690,自明,17293,4,f28e1957t4,gloss,major,琐碎,显而易见的,自明表示不证自明/显而易见；trivial 在此是显然、易证的逻辑义，“琐碎”误取了无关紧要的含义。,2,93
2014080,近日中に,17300,3,f97e47t3,gloss,major,总有一天,这几天内,近日中に限定在近期，one of these days 是近期某天；“总有一天”可指遥远且不确定的将来。,2,93
1306520,刺殺,17349,1,f27e1711t1,gloss,minor,接杀,刺杀（使击球员出局）,棒球 sense 的 putout 是使击球员出局的刺杀记录；接杀只涵盖接住球完成出局的一种方式，范围过窄。,2,93
1067080,スイート,17383,5,f6e1070t5,gloss,major,delightful,令人愉快的,此字段残留英文 delightful，未提供中文释义。,2,94
1206920,学生証,17416,2,f18e590t2,example,major,请给我三张学生证。这是学生证。,请给我三张学生票。这是我的学生证。,日文“学生3枚ください”结合随后出示学生证，指购买三张学生票；“学生证”是出示用的身份证明，不能作为购买对象。,2,94
1982240,それからというもの,17468,0,f93e1479t0,gloss,critical,该死，是谁,从那以后（发生了实质性变化）,それからというもの意为从那以后/自此，此处旧译“该死，是谁”与日英释义完全无关，属明显串译。,2,94
2180620,浮気相手,17476,1,f113e1090t1,gloss,minor,婚外情情人,婚外情人,adulterous lover 是婚外情人，旧译“婚外情情人”语义重复且不自然。,2,94
1578830,行き方,17486,0,f54e579t0,gloss,minor,去法,前往的方式,way of going 指前往的方式/路线，“去法”不是自然的中文释义。,2,94
1640560,臭み,17498,1,f62e1217t1,example,major,借助最新的生物技术，将红薯的异味降至最低，是一款极易入口的“红薯烧酎”。,如今借助最新生物技术将红薯的异味降至最低，这种红薯烧酒非常容易入口。,日文和英文说异味减少后烧酒更容易入口；原译把异味降低误说成“一款”产品，句子结构和因果关系失当。,2,94
1385470,接戦,17500,0,f35e1060t0,gloss,major,激烈竞争,势均力敌的竞争,接戦是结果胶着、难分高下的竞争；“激烈”只说明强度，没有表达势均力敌。,2,94
1385470,接戦,17500,1,f35e1060t1,gloss,major,激烈比赛,势均力敌的比赛,close match 指双方比分/表现接近、难分胜负，不能只译成激烈比赛。,2,94
1385470,接戦,17500,2,f35e1060t2,gloss,major,激烈游戏,比分胶着的比赛,close game 强调比赛胶着、差距小，不等同于单纯激烈的游戏。,2,94
1385470,接戦,17500,3,f35e1060t3,gloss,major,激烈竞赛,势均力敌的竞赛,close race 表示竞争者成绩接近、难分胜负，旧译只保留了竞赛而漏掉 close 的关键限定。,2,94
1385470,接戦,17500,4,f35e1060t4,example,major,比赛变得激烈起来。,比赛一直胶着到最后一刻。,race went down to the wire 是直到终点都难分胜负，旧译仅说比赛变激烈，丢失了胶着到最后的意思。,2,94
1287830,黒人,17504,1,f26e125t1,example,major,马丁·路德·金·小是黑人牧师之子。,小马丁·路德·金是黑人牧师之子。,英文名后缀 Jr. 应译作“小”，通常置于姓名前称“小马丁·路德·金”；旧译“金·小”不符合中文姓名写法。,2,94
2519800,病める,17511,0,f144e572t0,gloss,minor,病,患病的,病める是形容患病状态的古语形容词，单字“病”通常是名词或动词，未表达该词性。,2,94
2519800,病める,17511,1,f144e572t1,gloss,minor,病,生病的,ill 在此作形容词，现译“病”缺少形容词表达。,2,94
2519800,病める,17511,2,f144e572t2,gloss,minor,病,患病的,ailing 是患病的形容词，单字“病”未体现词性。,2,94
1206420,隔壁,17527,1,f18e476t1,gloss,major,隔壁,隔舱壁,bulkhead 是船舶/舱室中的隔舱壁；“隔壁”指相邻房间或位置，容易误解为方位。,2,94
2526880,トコトコ,17561,0,f144e1978t0,gloss,minor,小步快跑,迈着小碎步快走,トコトコ形容迈着小步 briskly 行走，旧译“小步快跑”把步行误成跑步。,2,94
2526880,トコトコ,17561,1,f144e1978t1,gloss,minor,小步快跑,迈着小碎步快走,trotting 在该拟态词语境表示轻快地迈小步走，旧译“小步快跑”过度明确为跑步。,2,94
1752180,名代,17564,2,f73e941t2,example,minor,我最大的哥哥代替父亲出席了那个会议。,我大哥代替父亲出席了那个会议。,一番上の兄是最大的/年长的哥哥，汉语惯称“大哥”；“最大的哥哥”容易理解为体格最大。,2,94
1521710,撲殺,17571,0,f48e1022t0,gloss,major,击毙,殴打致死,撲殺及 beat to death 都明确指用殴打致死；“击毙”常指枪击或其他武力击毙，未体现殴打方式。,2,95
2064730,がせ,17574,2,f101e1854t2,gloss,minor,伪装,冒牌货,sham 作名词指假冒/伪造的东西；“伪装”是掩饰的行为，不是物品。,2,95
1551340,立ち行く,17598,0,f51e620t0,gloss,minor,维持自身,维持下去,to maintain itself 表示得以维持、继续运转，现译“维持自身”不自然。,2,95
1208050,割愛,17600,5,f18e904t5,gloss,minor,让出,割舍,parting with 在割愛语境指不舍地放弃/割舍，旧译“让出”更像把位置或权利让给别人。,2,95
1510910,変化球,17645,2,f47e1007t2,gloss,major,螺丝球,螺旋球,棒球 screwball 的中文术语是螺旋球，“螺丝球”是按词面误译。,2,95
1054410,ゴシック,17698,4,f5e1200t4,gloss,major,哥特式,黑体字,印刷 sense 中 gothic 指日式ゴシック体，即无衬线/黑体字，不是哥特式风格。,2,95
1075760,ターミナル,17706,1,f7e335t1,example,minor,在航站楼那里向右拐了。,出了航站楼后向右拐。,英文明确说先走出 terminal 再右转，原译只说在航站楼那里转弯，漏掉离开的动作。,2,95
2733690,差しつかえなければ,17716,3,f164e1557t3,example,major,如果方便的话，请多多关照。,如果您不介意的话，希望您别那么做。,日文“差し支えなければ遠慮していただきたい”及英文都委婉请求对方不要做某事；“请多多关照”反成了请对方帮忙。,2,95
2859281,相容れる,17728,0,f205e1540t0,gloss,minor,相合,相容,相合不是自然的现代中文词，compatible with 对应相容/兼容；此词通常用于否定的提示仍保留。,2,95
1435540,定休日,17746,0,f40e764t0,gloss,minor,固定假日,固定休息日,定休日是店铺按固定周期休息的日子；“固定假日”容易指公共节假日。,2,95
1435540,定休日,17746,3,f40e764t3,example,minor,今天固定停业。,今天是我们固定的休息日。,regular closing day 指店铺固定休息日，旧译缺少系词且“固定停业”不自然。,2,95
1159730,医院,17756,3,f13e1265t3,example,minor,手术在医院内三十分钟内完成。,这项手术在我们的诊所进行，半小时后就结束了。,原文明确说手术在诊所进行并在半小时后结束；旧译把 clinic 泛化成医院，且表达为30分钟内完成。,2,95
2012120,大儲け,17802,1,f96e1714t1,gloss,minor,暴利,大赚一笔,a killing 是赚大钱/大赚一笔的习语；“暴利”额外带有不正当或过高利润的贬义，日文并无此限定。,2,96
1201960,灰汁,17804,10,f17e1654t10,note,minor,也常被误写为“恶”,也有误写为日文“悪”的情况,注释指日语字形“悪”的误写，旧译改成简体字“恶”，丢失了被讨论的原字。,2,96
2716780,最新作,17864,2,f163e552t2,gloss,minor,最近作品,最近的作品,most recent work 指最近创作/推出的作品，旧译“最近作品”缺少必要的结构助词，中文不自然。,2,96
1347270,商売道具,17915,0,f31e1423t0,gloss,major,经营手段,谋生工具,stock-in-trade 指从业者赖以工作的工具/本领，“经营手段”偏向经营策略，改变了词义。,2,96
1347270,商売道具,17915,1,f31e1423t1,gloss,minor,行内工具,行业工具,tools of one's trade 是某行业的工具，旧译“行内工具”搭配不自然。,2,96
1475240,白身,17971,3,f44e528t3,gloss,critical,白肉鱼（如鲈鱼、比目鱼、鲽鱼）,白肉鱼（如鲷鱼、比目鱼、鲽鱼）,英语 tai 指鲷鱼/海鲷（sea bream），不是鲈鱼；其余举例相符。,2,96
2036480,餌付け,17978,0,f99e241t0,gloss,major,人工饲养,人工投喂（野生动物）,artificial feeding 是人工投喂野生动物，不是把动物人工饲养/圈养。,2,96
2036480,餌付け,17978,2,f99e241t2,gloss,minor,人工喂养,手喂,hand-feeding 指用手喂食，现译“人工喂养”没有保留手喂这一方式。,2,96
2261920,ぽっちゃり,18020,0,f122e520t0,gloss,minor,胖乎乎地,胖乎乎的,be plump 描述体态，旧译“胖乎乎地”是副词形，缺少形容词结构。,2,96
2261920,ぽっちゃり,18020,1,f122e520t1,gloss,minor,圆滚滚地,圆滚滚的,be chubby 描述体态，旧译“圆滚滚地”是副词形，缺少形容词结构。,2,96
1332910,終熄,18063,0,f30e879t0,gloss,minor,熄灭,终止,終熄表示终止/结束（如战事或火势），熄灭通常指把火或灯熄掉，语义过窄。,2,97
1332910,終熄,18063,1,f30e879t1,gloss,minor,（走向）熄灭,（走向）结束,coming to an end 指走向结束，不限于熄灭火焰。,2,97
1668040,骨折る,18079,2,f65e710t2,gloss,major,费尽心机,努力,to make efforts 是付出努力，“费尽心机”带有算计、谋划的负面含义，原日文无此语气。,2,97
1668040,骨折る,18079,3,f65e710t3,gloss,minor,不惜代价,不遗余力,to go to great lengths 指竭尽努力，译作“不惜代价”额外引入牺牲代价的含义。,2,97
2078950,背に腹は変えられない,18102,0,f103e578t0,gloss,critical,不能为了鸡蛋而打破鸡蛋,为了达到目的，难免要有所牺牲,英语谚语 you can't make an omelet without breaking eggs 意为成事难免有所牺牲；旧译“不能为了鸡蛋而打破鸡蛋”把因果关系译反。,2,97
1099360,バトンタッチ,18105,3,f8e1756t3,gloss,major,交接棒,交接（工作、责任等）,idiom sense 的 passing the baton 是比喻交接工作/责任，不是字面的接力棒。,2,97
1505550,文通,18131,2,f47e55t2,example,minor,我有通信的朋友。,我有一位通信往来的朋友。,correspond with 指通过书信通信，旧译“通信的朋友”搭配不自然。,2,97
1579590,磁場,18134,1,f54e813t1,example,minor,这个磁场的磁力线在两极之间，从北极的磁力延伸到南极的磁力。,这个磁场的磁力线在两极之间，从磁北极延伸到磁南极。,原译把磁北极和磁南极写成“北极的磁力、南极的磁力”，混淆了磁极与磁力；英文和日文指磁力线连接磁极。,2,97
2099780,思いを寄せる,18149,0,f105e702t0,gloss,major,寄托心意,倾心于,思いを寄せる是对某人怀有爱慕之情，give one's heart to 也指倾心；“寄托心意”改变了恋爱情感的含义。,2,97
2024730,明るみ,18166,4,f97e1953t4,gloss,minor,公众所知,为公众所知,public knowledge 指为公众所知/众所周知，旧译“公众所知”缺少谓语结构。,2,97
1387790,先取り,18190,5,f35e1561t5,gloss,major,抢答（即替他人说完句子）,抢先接完（即替他人说完句子）,linguistics 中 anticipatory completion 是在说话者停顿前替其接完句子；“抢答”会被理解为竞赛中抢先回答。,2,97
2082930,欠陥品,18195,3,f103e1388t3,example,major,因贵方所订购的商品为缺陷品，我方无法予以付款。,贵方向我方收费的商品存在缺陷，因此我方无法支付这笔货款。,日文和英文说对方向我方开账单的商品有缺陷，因此我方拒付；旧译“贵方所订购”颠倒了订购方。,2,97
1610230,脱衣,18225,2,f59e1400t2,gloss,minor,剥去,脱衣,stripping 在该条对应脱下衣物，旧译“剥去”可指剥除表皮或外层，未体现脱衣。,2,97
1736390,船頭,18275,2,f71e1775t2,example,major,船多得像登山一样。,人多手杂反坏事。,日文谚语和英文 Too many cooks spoil the broth 都表示人多反而误事；旧译“船多得像登山一样”既不成中文也没有传达寓意。,2,98
2836063,親交を深める,18302,3,f183e1509t3,gloss,major,增进关系,结识,get acquainted 是结识/相识，现译“增进关系”表示已有关系加深，语义相反。,2,98
1899550,名を挙げる,18309,2,f86e1734t2,example,minor,他在比赛中出了名。,他在比赛中表现出色。,distinguished himself 表示表现突出/取得显著成绩；“出了名”只表示变得知名，漏掉表现优异的含义。,2,98
1602990,振り出し,18363,5,f58e1119t5,gloss,major,抽取（如汇票）,开具（如汇票）,drawing a bill 指开具/签发汇票，不是抽取汇票。,2,98
1927900,ワンツー,18379,2,f88e1710t2,gloss,major,一二（足球传球）,二过一（足球传球配合）,足球 one-two pass 是二过一配合；“一二”只是数字直译，不能说明战术。,2,98
1653030,闘士,18490,2,f63e1589t2,gloss,major,冠军,倡导者,champion of 是某事业的倡导者/支持者，不是比赛中的“冠军”。,2,99
1205030,各社,18524,2,f18e233t2,example,major,求职活动的时期有提前趋势，各媒体公司的面试处于其前列。,求职季一年比一年提前，这一趋势由各媒体公司的面试日程提前带动。,日文说媒体公司的面试走在求职季提前趋势的前头；原译将各公司的面试说成处于“其前列”，关系不清且不通顺。,2,99
1390060,川岸,18541,2,f35e1970t2,example,minor,几个人在河边垂线钓鱼。,几名男子在河岸边钓鱼。,fish from the riverbank 是在河岸边钓鱼，旧译“垂线钓鱼”不自然且多添了垂线方式。,2,99
2672080,タイミング良く,18559,3,f158e1878t3,example,major,比赛变得混战模样的，但四宫因套圈了集团，在终盘，确实地适时地叠加了点数而优胜了。,比赛陷入混战，但四宫套过整支车群后，在最后阶段把握时机稳定得分，最终获胜。,日英都说比赛陷入混战，四宫套过一组对手并在最后阶段把握时机持续得分而获胜；旧译“混战模样的”“适时地叠加点数”等多处误译、不通顺。,2,99
1250760,敬称,18626,0,f22e949t0,gloss,major,敬语,敬称,honorific title 是敬称，不是敬语这一整类礼貌语言。,2,99
1250760,敬称,18626,1,f22e949t1,gloss,major,敬语,敬称,honorific term of address 指敬称/尊称，旧译“敬语”范围更广且词义不同。,2,99
1629420,ブリキ,18643,0,f61e913t0,gloss,major,锡板,马口铁,ブリキ是镀锡薄钢板（tinplate，马口铁），不是锡制板材。,2,99
1629420,ブリキ,18643,1,f61e913t1,example,major,于是，猴子拿着一个小锡杯走来走去。,于是，猴子拿着一个小马口铁杯走来走去。,布里キ杯是用镀锡薄钢板制成的铁皮杯，旧译“小锡杯”误称为锡制。,2,99
1280890,綱引き,18665,1,f25e728t1,example,minor,国会的动向成了围绕这一问题执政党与在野党之间的政治拔河。,国会动向变成了执政党与在野党围绕这一问题展开的政治角力。,此处政治 tug of war 是双方围绕问题的角力，旧译“政治拔河”是生硬的字面翻译。,2,99
1581280,早合点,18667,0,f54e1364t0,gloss,minor,草率结论,贸然下结论,jumping to a hasty conclusion 表示贸然作出结论，旧译“草率结论”只是名词且未体现跳到结论的动作。,2,99
2088960,大洪水,18695,0,f104e639t0,gloss,minor,严重洪水,严重洪灾,heavy flooding 指严重的洪水灾害，“严重洪水”搭配不自然。,2,99
1416590,脱兎のごとく,18756,1,f38e1208t1,gloss,minor,尽快,以最快速度,脱兎のごとく表示速度极快；“尽快”偏向尽早完成，不一定表示速度快。,2,100
1559990,櫓,18804,2,f52e444t2,gloss,major,高木台,木制高台,high wooden stage 是木制高台/平台，原译“高木台”不是自然的中文词。,2,100
2268020,一本取られた,18837,0,f122e1828t0,gloss,major,触到了（对方）,说得有理,touché 作回应语表示承认对方说得有理/被说中，旧译“触到了对方”是把法语词面直译，无法表达该用法。,2,100
1093780,ノイローゼ,18878,0,f8e960t0,gloss,major,神经病,神经症,neurosis 的医学中文是神经症；“神经病”通常是对精神疾病患者的泛称/贬称，并非该病名。,2,100
1093780,ノイローゼ,18878,5,f8e960t5,example,major,真正的神经病会自称自己是神经病吗？,真正患神经症的人会自称自己有神经症吗？,原文问真正的 neurotics 是否会自称如此；为与病名对应，应译作神经症患者，避免用贬义泛称。,2,100
2116670,太め,18884,2,f107e32t2,example,minor,把切成四分之一的白菜切成稍粗的千丝状。,把四分之一颗白菜切成稍粗的细丝。,日文太めの千切り指稍粗的细丝；旧译“稍粗的千丝状”搭配不自然且不清楚。,2,100
2243900,共通認識,18907,0,f120e716t0,gloss,major,常识,共同认识,共通認識是多方共有的认识/理解，不是日常判断力意义的“常识”。,2,100
1157300,為政者,18918,2,f13e900t2,gloss,minor,政客,政治家,politician 在英文中是中性词，“政客”在中文通常带贬义，超出了日文和英文的语气。,2,100
1614640,義務付ける,18952,4,f60e423t4,example,minor,全员出席是义务。,所有成员都必须出席。,all members attendance is compulsory 表示所有成员都必须出席；现译“出席是义务”不自然。,2,101
2255280,ニコッと,18979,0,f121e1137t0,gloss,minor,微笑地,微笑着,ニコッと作副词表示带着微笑地，中文“微笑地”搭配生硬。,2,101
1007210,たじたじ,18981,1,f1e1660t1,gloss,minor,踉跄地,犹豫不决地,falteringly 在此是受压时犹疑、退缩的状态；“踉跄地”通常指身体步态不稳，与该义项不合。,2,101
1778530,苛立たしい,19024,2,f76e322t2,example,major,他以令人烦恼的表情回答了。,他一脸烦躁地回答。,look of annoyance 是他脸上流露出烦躁，旧译“令人烦恼的表情”说成表情令人烦恼，施受关系错了。,2,101
2646370,単,19135,4,f156e749t4,gloss,major,赢赌注,独赢投注,win bet 是投注某匹马/选手夺冠的单项投注，“赢赌注”是把赢的对象误作赌注。,2,101
1537850,厄介払い,19180,2,f49e1938t2,example,major,就这样能赶走麻烦，真是便宜，大家都非常高兴。,能以这么小的代价摆脱他，大家都很高兴。,cheaply quit of him 指以很小代价摆脱他，旧译“真是便宜”把代价说成商品价格，句义不通。,2,102
1265850,古着,19211,2,f24e132t2,example,major,我把自己的旧衣服寄卖给了跳蚤市场。,我把自己的旧衣服捐给了跳蚤市场义卖。,日文明确说将旧衣服捐给跳蚤市场的义卖；现译“寄卖”表示委托出售并取回款项，与捐赠相反。,2,102
2843320,耳につく,19243,1,f190e1514t1,gloss,minor,引起耳朵的注意,（声音等）特别引人注意,catch one's ear 指声音/表达特别引人注意，旧译“引起耳朵的注意”是生硬的逐字翻译。,2,102
1910030,右に出る,19268,4,f87e1037t4,example,minor,一旦要跳舞，就没有人能胜过迈克尔·杰克逊。,说起跳舞，没人能比得上迈克尔·杰克逊。,when it comes to dancing 限定比较领域是跳舞；旧译“一旦要跳舞”误作条件关系，表达不自然。,2,102
1126510,マート,19283,0,f10e1938t0,gloss,major,马特,商店,mart 是商店/市场类店铺，旧译“马特”只是音译，未给中文词义。,2,102
1171970,雨戸,19438,0,f14e1753t0,gloss,major,推拉式防风百叶窗,推拉式防雨板,雨戸是日本住宅的推拉式防雨风窗板，并非百叶窗。,2,103
1171970,雨戸,19438,1,f14e1753t1,example,major,暴风雨把雨户吹得嘎吱嘎吱响。,暴风雨把防雨板吹得嘎嘎作响。,日文雨戸指防雨风窗板；旧译沿用不自然的“雨户”。,2,103
2157760,揉みくちゃ,19445,2,f111e463t2,gloss,major,被围困,被人群围住,being mobbed 是被人群围住/围攻，不是被围困或遭包围困守。,2,103
1659460,取りまとめる,19506,3,f64e816t3,gloss,major,组装,汇总,取りまとめる意为收拢、整理汇总；英语 assemble 在此不表示物理组装。,2,103
1655550,調べ直す,19510,0,f64e64t0,gloss,major,重新调查,重新审查,調べ直す是再次调查或检查，重新调查过窄且不适用于复核内容。,2,103
1655550,調べ直す,19510,1,f64e64t1,gloss,major,重新调查,重新复查,review 在此是对已查内容再检查，不能一律缩窄成重新调查。,2,103
1655550,調べ直す,19510,2,f64e64t2,gloss,major,重新调查,再次核对,recheck 对应再次核对；旧译重新调查偏离核验动作。,2,103
1658900,車中,19526,0,f64e717t0,gloss,major,在火车（电车、巴士等）上,在车内（火车、电车、巴士等）,車中 泛指在车辆内，词头及英语括注包括列车、电车和巴士，不只在火车上。,2,103
1443910,電話中,19531,2,f41e349t2,example,major,通话中挂断了。,通话中断了。,日文切れてしまいました表示通话中断，未说明是有人挂断；旧译增添了挂断动作。,2,103
1265720,古巣,19564,0,f24e116t0,gloss,major,旧居,旧时常去的地方,古巣的比喻义 old haunts 指旧时熟悉或常去之处，不限于旧居。,2,103
1158200,移り変わり,19604,1,f13e1043t1,example,major,青年期被视为变化的时期。,青年期被视为过渡时期。,移り変わりの時期和 transition 指过渡阶段；“变化的时期”未表达阶段转换。,2,103
1064440,ジェラシー,19607,1,f6e720t1,example,major,嫉妒最终成为史诗的一页。,嫉妒最终点缀了史诗的一页。,日文飾りる对应装点、点缀；原译“成为……的一页”改变了谓语关系。,2,103
1317990,自信過剰,19657,2,f28e1850t2,example,major,必须注意不要变得自负。,必须注意不要过度自信。,自信过剰是过度自信，例句的 overconfidence 并不等于自负。,2,104
1177580,縁者,19711,1,f15e875t1,gloss,major,关系人,亲属,縁者的 relation 指亲属、亲戚，不是泛指关系人。,2,104
2208970,磨きをかける,19718,4,f116e954t4,example,major,肯想打磨一下自己的英语。,肯想提高自己的英语水平。,日文是想精进英语；中文“打磨英语”搭配不自然且不完整。,2,104
1014910,アウトロー,19727,0,f2e1130t0,gloss,major,亡命徒,法外之徒,outlaw 是不受法律约束或逃避法律的人，亡命徒强调逃亡，义项不等同。,2,104
1373400,雛,19740,10,f34e624t10,example,major,卢西亚诺也许能凭借强大的支持者进行战斗，但他还只是个雏鸟。,卢西亚诺或许有观众支持他，但他还只是个新手。,日文ヒヨコ及英语 wet behind the ears 都比喻新手；雏鸟在此不自然且可能被理解为幼鸟。,2,104
1903810,左耳,19750,1,f87e277t1,example,major,左耳有耳垢流出。,我左耳有分泌物流出。,耳だれ是耳部分泌物/耳漏，不是耳垢。,2,104
2200070,こよなく愛する,19757,0,f115e1141t0,gloss,major,非常地,深深地爱着,こよなく愛する是深深喜爱，原文“非常地”缺少中文谓语且语义不全。,2,104
1318700,自明の理,19762,2,f28e1958t2,gloss,major,陈词滥调,不言而喻的道理,truism 指显而易见的真理或道理，不是陈词滥调。,2,104
1432140,鎮痛剤,19795,2,f40e155t2,gloss,major,镇静剂,止痛药,鎮痛剤是止痛药；镇静剂属于另一类药物，与词头及 analgesic 不符。,2,104
1432140,鎮痛剤,19795,3,f40e155t3,gloss,major,安定剂,镇痛药,tranquilizer 是镇静剂而非鎮痛剤的释义；词头及痛感例句明确指镇痛药。,2,104
1053890,コンペ,19806,0,f5e1127t0,gloss,critical,连击,比赛,コンペ是 competition（比赛/竞赛）的缩略说法，“连击”是完全不同义项。,2,104
1300920,三色,19819,3,f27e534t3,info,major,包含三种花色相同顺子的和牌,包含三种花色各有一组相同顺子的和牌,日麻三色顺要求三种花色各有相同的顺子；原译结构不清，像是三种花色共享一个顺子。,2,104
2863131,口を叩く,19853,0,f209e969t0,gloss,major,胡言乱语,大放厥词,口を叩く在此指厚颜地说大话，英语 brazenly 不表示胡言乱语。,2,104
1701420,諸外国,19902,1,f68e1100t1,gloss,major,若干外国,一些外国,諸外国是若干外国或各个外国，‘若干外国’缺少量词，中文不成立。,2,105
1218680,危篤,19910,2,f19e927t2,example,major,你母亲危重了。,你母亲病情危重。,危篤形容病情危急；‘危重了’搭配不通顺，例句应表达病情危重。,2,105
2064070,へっぴり腰,19927,0,f101e1716t0,gloss,major,驼背,弯腰屈膝的姿势,へっぴり腰指弯腰、屈膝而畏缩的姿势，不是驼背。,2,105
2064070,へっぴり腰,19927,1,f101e1716t1,gloss,major,俯卧姿势,畏缩的姿势,英语 prone 在此指俯身姿势，非俯卧；词头描述畏缩弯身的姿态。,2,105
1897420,得になる,19959,2,f86e1476t2,example,major,任何风都能吹出好处来。,任何坏事都会让某些人受益。,日文说明任何风都会使某人得利，英语习语也指不幸会使某些人受益；旧译中文生硬且未体现坏事。,2,105
2802050,見張り役,20023,0,f171e1106t0,gloss,major,站岗,守望的人,person standing watch 指站岗守望的人，原译“站岗”是动作而非人。,2,105
2711180,尺,20046,0,f162e1429t0,gloss,major,尺,尺子,さし在此是测量用的 ruler，中文“尺”易被理解为长度单位，应译尺子。,2,105
1611880,無期限,20096,1,f59e1777t1,example,major,工会进入了无期限罢工。,工会举行了无限期罢工。,JA 入った表示开始罢工；原译‘进入了罢工’是生硬搭配。,2,105
1152050,悪酔い,20163,1,f12e1785t1,gloss,major,因饮酒而生病,喝酒后身体不适,悪酔い是饮酒后难受/醉酒不适，不是因饮酒生病。,2,106
1152050,悪酔い,20163,2,f12e1785t2,example,major,廉价的日本酒容易让人醉后生病。,廉价的日本酒容易让人醉后难受。,JA 悪酔いします表示喝了廉价日本酒后醉酒不适，并非会生病。,2,106
1978310,確定的,20234,1,f93e816t1,gloss,major,确信的,确定的,確定的意为确定、明确；“确信的”表示主体相信某事，语义不同。,2,106
2705680,様方,20239,0,f162e326t0,gloss,major,转交,由……转交,様方是地址中某户主姓名后的 c/o 标记，意为由该人转交，并非单独的转交动作。,2,106
2705680,様方,20239,1,f162e326t1,gloss,major,转交,由……转交,c/o 在地址中标注由收件人名下联系人转交，旧译没有说明代收/转交关系。,2,106
1359380,信心,20244,3,f32e1781t3,gloss,major,奉献,虔敬,信心的 devotion 是宗教虔敬/虔诚，不是奉献这一行为。,2,106
2826185,重い腰を上げる,20252,0,f174e446t0,gloss,major,振作起来,终于采取行动,重い腰を上げる指不情愿地终于开始行动，不是振作精神。,2,106
2826185,重い腰を上げる,20252,1,f174e446t1,gloss,major,振作起来,终于行动起来,bestir oneself 是鼓起劲采取行动，原译振作起来改变为情绪状态。,2,106
2835420,欲を言えば,20267,1,f183e326t1,gloss,major,若有所求,如果还要奢求的话,欲を言えば表示若要再多提要求/奢求的话；若有所求意思不同且不自然。,2,106
1468110,年の功,20276,3,f43e1132t3,example,major,不如龟甲，不如年长的智慧。,姜还是老的辣。,日文例句是年の功的谚语，意为年长者凭经验更有智慧；现译把龟甲拆字并误解成比较。,2,106
1527720,未然,20322,2,f49e127t2,example,major,政府未采取适当措施，未能防患于未然地阻止感染扩散。,政府没有采取适当措施防止感染扩散。,JA 说政府没有采取合适措施以防止感染扩散；旧译结构‘未能防患于未然地阻止’不通顺且重复表达否定。,2,106
2837240,何故に,20351,1,f184e1854t1,gloss,major,如何,为什么,何故に是‘为什么/为何’，不是 how（如何）。,2,106
1389740,専ら,20388,3,f35e1889t3,gloss,major,排他地,专门地,もっぱら表示专门、仅限，中文‘排他地’对应的排他概念不适用于此处。,2,107
1630040,垢抜ける,20392,0,f61e1048t0,gloss,major,变得有教养,变得优雅,垢抜ける指变得时髦、优雅或老练，不表示变得有教养。,2,107
1249620,刑期,20416,1,f22e762t1,example,major,他服了十年的刑期。,他服了十年刑。,中文通常说‘服刑’，不说‘服刑期’；日文与英文都明确是服刑十年。,2,107
2835936,思いを巡らせる,20418,4,f183e1278t4,gloss,major,反省,思索,思いを巡らせる是沉思、思索，不是带有自我检讨含义的反省。,2,107
1625840,白骨,20427,1,f61e220t1,gloss,major,白骨,骨骼,skeleton 对应骨骼；白骨描述遗骸/白骨，与 t0 重复且范围不同。,2,107
2258570,猛り狂う,20440,2,f121e1778t2,example,major,像狂暴的海浪一样，一个部落猛烈地奔跑。,一族猛烈地奔跑，如同狂暴海上的风暴。,JA 比喻猛跑如狂暴海上的风暴；原译把风暴改成海浪，并把一族处理成单个部落。,2,107
2012460,溺れ死ぬ,20444,1,f96e1768t1,gloss,major,溺水,淹死,词头明示溺れ死ぬ，译为溺水没有说明死亡。,2,107
2012460,溺れ死ぬ,20445,1,f96e1767t1,gloss,major,溺水,淹死,词头明示溺れ死ぬ，译为溺水没有说明死亡。,2,107
1776380,すきま風,20491,4,f75e1923t4,gloss,major,两人之间产生的冷风,两人关系的冷淡,此处冷风是关系疏远的比喻义，不是两人之间真的吹起冷风。,2,107
2863347,栄養補給,20520,0,f209e1372t0,gloss,major,膳食补充剂,营养补充,栄養補給指补充营养的行为，不是作为产品的膳食补充剂。,2,107
2860391,学術的,20543,1,f206e1735t1,gloss,major,学者的,学术性的,scholarly 作形容词表示学术性的；‘学者的’表示归属学者。,2,107
1593470,衣更え,20591,0,f56e1502t0,gloss,critical,可怕的,季节性换衣,衣更え意为换季更衣；现译‘可怕的’明显是字段内容错位。,2,108
1593470,衣更え,20591,1,f56e1502t1,gloss,critical,令人恐惧的,换季更衣,原文是为季节变化更换衣物，现译‘令人恐惧的’与源义无关。,2,108
1593470,衣更え,20591,2,f56e1502t2,note,critical,阴森森的,读作“ころもがえ”时是“更衣”的训读,备注说明该读音是更衣的训读；现译阴森森的与日文备注无关。,2,108
1593470,衣更え,20591,3,f56e1502t3,example,critical,可怕的,我该开始换季更衣了。,JA そろそろ衣替えしなくちゃ表示差不多该换季更衣；现译可怕的完全错位。,2,108
1593470,衣更え,20591,4,f56e1502t4,xref,critical,他以为你在害怕蛇。,① 换衣服,xref 英文是 changing one's clothes；现译关于害怕蛇的句子与引用义无关。,2,108
1593470,衣更え,20591,5,f56e1502t5,gloss,critical,可怕的,翻新,衣更え的比喻义为翻新/改装；现译可怕的明显错位。,2,108
1593470,衣更え,20591,6,f56e1502t6,gloss,critical,令人恐惧的,翻新改造,facelift 在此表示外观翻新改造；现译令人恐惧的与词义无关。,2,108
1593470,衣更え,20591,7,f56e1502t7,gloss,critical,阴森森的,重新设计,redesign 是重新设计；现译阴森森的明显来自错位内容。,2,108
1593470,衣更え,20591,8,f56e1502t8,gloss,critical,可怕的,重新装修,redecoration 是重新装修；现译可怕的与源义无关。,2,108
1593470,衣更え,20591,9,f56e1502t9,gloss,critical,他以为你在害怕蛇。,新面貌,new appearance 指新的外观/面貌；现译害怕蛇的句子明显错位。,2,108
1593470,衣更え,20591,10,f56e1502t10,gloss,critical,（水流）湍急的,焕然一新,fresh look 指焕然一新的面貌；现译（水流）湍急的与源义无关。,2,108
1795430,記憶障害,20608,3,f77e1910t3,example,major,他的失忆与其说是物理性的记忆障碍，不如说是心理性的障碍。,他的失忆与其说是躯体性记忆障碍，不如说是心理障碍。,JA 对比物理性与心理性障碍；中文‘物理性的’搭配不当，应表达躯体性/器质性记忆障碍。,2,108
1573140,賽銭,20612,0,f53e1109t0,gloss,major,供钱,供奉的钱,賽銭是投入神社或寺庙赛钱箱的供奉钱，不是普通的供钱。,2,108
1573140,賽銭,20612,1,f53e1109t1,gloss,major,供品,捐款,offertory 在此是宗教捐献的钱款，不是实物供品。,2,108
2250400,通用口,20643,1,f121e127t1,gloss,major,店员入口,货运入口,tradesman's entrance 是供送货/维修人员使用的服务入口，不只是店员入口。,2,108
2845325,実によく,20659,4,f192e1092t4,example,major,他是个非常能干的人，所以我相信他在新工作中一定会成功。,他工作非常卖力，所以我相信他能在新工作中取得成功。,JA 实によく働く指工作非常努力；现译‘非常能干’遗漏了努力工作的含义。,2,108
1068660,スクリュー,20719,0,f6e1331t0,gloss,major,螺旋,螺旋桨,例句日文指船舶螺旋桨（渔网缠在其中），不是抽象的螺旋。,2,108
1068660,スクリュー,20719,4,f6e1331t4,gloss,major,螺旋,螺旋桨,该英文义是 screw propeller 的简称，应译螺旋桨，不是螺旋形状。,2,108
1233230,享楽,20726,2,f20e1854t2,example,major,除了享受出生与死亡之间的时光，对这两者别无他法。,除了尽情享受生与死之间的人生，我们对生死别无他法。,日文强调在诞生与死亡之间享乐；原译将其说成享受两者之间的时光，中文结构生硬。,2,108
2836111,気前よく,20751,3,f183e1617t3,example,major,那位不动产中介在银花钱花得很大方。,那位房地产经纪人在银座花钱很大方。,JA 明确为银座（銀座），原译‘银’漏掉‘座’，且‘不动产屋’应按语境译为房地产经纪人。,2,108
2851292,安全策,20777,0,f198e72t0,gloss,major,安全对策,稳妥方案,安全策指稳妥、安全的方案，不是安全对策。,2,108
2851292,安全策,20777,1,f198e72t1,gloss,major,安全对策,稳妥的一步,safe move 指稳妥的一步棋/行动，‘安全对策’改变了词义。,2,108
2851292,安全策,20777,2,f198e72t2,gloss,major,安全对策,稳健的打法,safe play 指稳健的策略或打法，不是安全对策。,2,108
2851292,安全策,20777,3,f198e72t3,gloss,major,安全对策,预防措施,precautions 应译预防措施，不是‘安全对策’这一不自然搭配。,2,108
2860801,シット,20786,3,f207e461t3,note,major,狗指令,犬类训练口令,note 说明这是对狗的口令，中文‘狗指令’搭配不当。,2,108
2250990,コミュ,20822,2,f121e235t2,example,major,有付费会员专属社区加入的特典。,有加入付费会员专属社区的特权。,日文说明可加入付费会员专属社区的优惠；原译语序不自然且关系不清。,2,109
1203280,他に,20830,3,f17e1914t3,example,major,除了别人，还有谁参加了派对？,还有谁参加了派对？,日文他に誰が与英文 who else 都是‘还有谁’，原译‘除了别人’重复且改变句意。,2,109
1252420,警察庁,20833,0,f22e1498t0,gloss,major,国家警察厅,日本警察厅,警察庁是日本国家警察机构；‘国家警察厅’缺少国家名，可能被理解为其他国家机构。,2,109
1252420,警察庁,20833,1,f22e1498t1,gloss,major,国家警察厅,日本警察厅,NPA 在本条指日本警察厅，不是笼统的国家警察厅。,2,109
1732510,番手,20881,3,f71e1117t3,example,major,泰德是该棒球队的二垒手。,泰德是该棒球队的第二投手。,原文称他为球队第二顺位选手，英语明确为 second pitcher；‘二垒手’是不同的防守位置。,2,109
1370060,尽かす,20910,4,f33e1941t4,gloss,major,耗尽某人的礼貌,耗尽某人的耐心,愛想尽かされる及词义说明与厌烦、失去耐心相关，‘礼貌’不能表达这里的词义。,2,109
1635800,潤滑,20939,1,f62e194t1,gloss,major,润滑,顺滑,smoothness 是顺滑、流畅的状态，不是润滑这一动作。,2,109
1694930,お題目,20951,0,f67e1942t0,gloss,critical,南岳真言,南无妙法莲华经,日莲宗唱题是称念‘南无妙法莲华经’，不是南岳真言。,2,109
1694930,お題目,20951,1,f67e1942t1,xref,critical,③ 南岳真言,③ 南无妙法莲华经,xref 指日莲宗唱题，现译南岳真言是错误的佛教名词。,2,109
1522320,本格化,21005,0,f48e1121t0,gloss,major,正规化,全面展开,本格化指进入全面/正式阶段，不是 regularization（正规化）。,2,109
1522320,本格化,21005,1,f48e1121t1,gloss,major,正规化,全面展开,本格化意为全面展开或正式化；‘正规化’是另一概念。,2,109
1934110,健康管理,21051,3,f89e962t3,example,major,没有足够的医生能给孩子们提供适当的医疗保健。,没有足够的医生来为孩子们提供适当的健康管理。,JA 说缺少能为孩子提供适当健康管理的医生；这里不是泛指医疗保健服务。,2,110
1445210,度数,21068,3,f41e624t3,example,major,NTT已废止300度以上的电话卡。,NTT已废止余额超过300度数的电话卡。,日文指电话卡剩余的使用单位度数，不是温度或角度；原译‘300度’会误解为物理度数。,2,110
1621130,男勝り,21113,1,f60e1413t1,gloss,major,有精神的,豪爽的,男勝り形容女性有男子气概、豪爽，不是一般的精神状态。,2,110
2031180,自由奔放,21170,1,f98e1128t1,gloss,major,恣意妄为,不受拘束地行事,自由奔放描述不受拘束、随性而为，不带恣意妄为的负面指责。,2,110
2031180,自由奔放,21170,2,f98e1128t2,gloss,major,肆意放纵,自由自在,freewheeling 对应自由随性，‘肆意放纵’无依据地添加负面意味。,2,110
2034310,鼻にかける,21185,2,f98e1784t2,example,major,别那么夸夸其谈。,别太拿那件事炫耀。,鼻にかける是把某事当作资本而炫耀，例句不是泛指夸夸其谈。,2,110
1157950,異端者,21188,0,f13e1009t0,gloss,major,异端者,异教徒,heathen 指异教徒，不等于泛指异端者。,2,110
1157950,異端者,21188,2,f13e1009t2,gloss,major,异端者,异教徒,pagan 指异教徒；原译异端者会混淆宗教身份与教义异端。,2,110
1157950,異端者,21188,3,f13e1009t3,gloss,major,异端者,特立独行者,nonconformist 指不墨守成规者，不必是宗教异端。,2,110
1157950,異端者,21188,4,f13e1009t4,gloss,major,异端者,自由思想者,freethinker 是自由思想者，非泛指异端者。,2,110
1157950,異端者,21188,5,f13e1009t5,gloss,major,异端者,破除传统者,iconoclast 比喻挑战或打破传统观念的人，不只是异端者。,2,110
1157950,異端者,21188,6,f13e1009t6,gloss,major,异端者,叛逆者,rebel 指叛逆者/反叛者，与异端者的宗教教义含义不同。,2,110
1383710,跡目,21214,0,f35e677t0,gloss,major,家业,家族继承人之位,跡目指家族或家业的继承权/继承人身份，不是家业本身。,2,110
1383710,跡目,21214,1,f35e677t1,gloss,major,家产,家族财产,family property 是家族财产，原译家产可用，但为对应义项明确其所属。,2,110
1895930,手間を取る,21238,0,f86e1275t0,gloss,major,耽搁,耽误时间,手間を取る指占用/耽误时间，不是被动地遭到耽搁。,2,110
2533190,息急き,21263,0,f145e1200t0,gloss,major,喘息,气喘,息急き是气喘吁吁，不是作为疾病名称的喘息。,2,111
2533190,息急き,21263,1,f145e1200t1,gloss,major,喘息,喘气,gasp 指喘气/倒吸气，‘喘息’易被理解为哮喘疾病。,2,111
1335280,従兄,21348,1,f30e1317t1,example,major,史密斯一家是我们的堂（表）兄。,史密斯一家是我们的堂（表）亲。,例句说史密斯一家是我们的 cousins，未限定为年长男性堂表兄。,2,111
1361950,新進気鋭,21350,2,f33e324t2,example,major,他就是被报纸作为后起之秀学者介绍的男子吗？,他就是报纸报道的那位新锐学者吗？,JA 指报纸把他介绍为新进锐气的学者；现译语序生硬且误把‘作为’理解成比较对象。,2,111
1399490,奏者,21363,2,f36e1792t2,example,critical,保姆,比如双簧管演奏者中，有些人觉得与其寻找适合自己的簧片，不如自己做来得快。,日英原文都描述双簧管演奏者自制簧片；现译‘保姆’与内容完全无关。,2,111
2852347,レイヤー,21388,0,f199e349t0,gloss,major,cosplayer,角色扮演者,cosplayer 指角色扮演者，原文保留英文未译。,2,111
2852347,レイヤー,21388,1,f199e349t1,xref,major,cosplayer,角色扮演者,xref 指 cosplayer，应给出中文释义而非原样保留英文。,2,111
1573210,贔屓にする,21404,4,f53e1127t4,gloss,major,对……有偏见,偏爱,to be partial to 是偏爱某人/物，不是带有负面含义的偏见。,2,111
2843586,妹君,21418,0,f190e1979t0,gloss,major,（妹妹）,（敬称）令妹,妹君是对他人妹妹的敬称；原译只写普通称谓且未体现敬意。,2,111
1466460,入籍,21422,0,f43e880t0,gloss,major,登记（婚姻等）于户籍,办理婚姻等户籍登记,入籍指将婚姻等事项登记入户籍，旧译‘登记于户籍’不自然。,2,111
1600060,猫なで声,21438,3,f57e1923t3,example,major,就算用那种猫抚声说话，我也不会被骗。,就算用那种甜腻的声音说话，我也不会被骗。,猫なで声指讨好、甜腻的声音；‘猫抚声’是生硬直译。,2,111
1663950,使い走り,21463,4,f64e1720t4,gloss,major,临时工,杂役,dogsbody 指被差遣做杂务的人，不是临时雇员。,2,111
2402170,調子を合わせる,21531,2,f133e1500t2,example,major,他几乎能和任何人协调一致。,他几乎能迎合所有人。,调子を合わせる表示顺着对方、迎合对方；协调一致不自然地改变为双方达成一致。,2,112
1631740,がましい,21539,5,f61e1388t5,example,major,虽然催促归还，但恐怕会让您感到为难，能否请您归还前几天借出的钱？,虽然这样说可能显得催促，但很抱歉，能否请您归还前几天借给您的钱？,催促がましくて恐縮ですが表示担心听起来像在催促；原译结构不顺且漏掉了借出关系。,2,112
1853350,斜に構える,21558,0,f83e1523t0,gloss,major,横架（刀剑）,斜持（刀剑）,斜に構える的字面义是斜持刀剑；横架改变了姿势方向。,2,112
1467190,任期,21607,1,f43e991t1,example,major,肯尼迪总统遇刺时，林登·约翰逊接任了总统任期。,肯尼迪总统遇刺时，林登·约翰逊接任了总统一职。,任期是职务任期而非接任对象；英语与日文都说约翰逊接任总统。,2,112
2104110,発破を掛ける,21620,1,f105e1641t1,gloss,major,激怒某人,鼓动某人,发破を掛ける的比喻义是激励、催促某人行动，不是使某人发怒。,2,112
2830279,いい子ちゃん,21652,2,f178e351t2,gloss,major,乖孩子,老师的宠儿,teacher's pet 指老师特别偏爱的学生，不是一般的乖孩子。,2,112
1633160,肩をいからせる,21698,0,f61e1703t0,gloss,major,耸肩（以示威）,耸起双肩（以示威）,肩をいからせる是耸起/挺起肩膀摆出威吓姿势，不是普通的耸肩动作。,2,112
1592700,検死,21724,2,f56e1248t2,gloss,major,验尸官的验尸,验尸官调查（死因调查）,coroner's inquest 是验尸官主持的死因调查，不是验尸官亲自验尸。,2,113
1795760,理屈っぽい,21743,0,f77e1975t0,gloss,major,爱讲道理的,好争辩的,りくつっぽい带有爱争辩、爱抬杠的意味；‘爱讲道理’容易被理解为褒义。,2,113
1601130,針鼠,21848,0,f58e411t0,gloss,critical,刺猬（鼯鼠科的任何哺乳动物）,刺猬（刺猬科的任何哺乳动物）,英语明确为 Erinaceidae（刺猬科），原译误写成鼯鼠科。,2,113
1011380,へぼ,21852,3,f2e460t3,gloss,major,拙手,差劲的玩家,へぼ作名词指技艺差的人/玩家；‘拙手’不是自然的中文释义。,2,113
2798090,隠れ住む,21874,0,f171e306t0,gloss,major,隐居,躲藏起来生活,隠れ住む是躲藏着生活，‘隐居’通常指主动退隐，不含躲避藏匿。,2,113
2074160,ＰＴＡ,21926,0,f102e1632t0,gloss,major,家长会,家长教师协会,PTA 是家长教师协会（组织），不是家长会（一次会议）。,2,113
2846985,コスパ,21931,0,f194e86t0,gloss,major,cosplay 舞会,角色扮演舞会,英语释义 cosplay dance party，应译为角色扮演舞会；原译保留英文。,2,113
2846985,コスパ,21931,1,f194e86t1,xref,major,cosplay舞会,角色扮演舞会,xref 同样指 cosplay dance party，需译为中文释义。,2,113
1331410,宗教団体,21983,1,f30e654t1,example,major,那个宗教团体被相当可疑的教义所困扰。,那个宗教团体有着相当古怪的教义。,JA 说该宗教团体受可疑教义影响，英语说教义古怪；原译‘被……所困扰’误成受困扰。,2,114
1130110,マンツーマン,22021,2,f11e439t2,example,major,能得到一对一的指导，这一点也让这次实习变得非常充实。,光是一对一的指导，就让这次训练课变得非常充实。,マンツーマン指导使实习/练习课充实；这里是 practice session，不是工作实习。,2,114
1368400,人生観,22027,2,f33e1657t2,gloss,major,展望,人生观,人生観的 outlook 是生活观/人生观，不是对未来的展望。,2,114
2258070,ワゴン車,22039,0,f121e1653t0,gloss,major,旅行轿车,旅行车,station wagon 在中文中是旅行车；旅行轿车易误解为轿车。,2,114
2258070,ワゴン車,22039,1,f121e1653t1,gloss,major,旅行轿车,旅行车,estate car 对应旅行车，不是旅行轿车。,2,114
2258070,ワゴン車,22039,2,f121e1653t2,xref,major,旅行轿车；旅行轿车,旅行车；旅行车,xref 的 station wagon 和 estate car 都应译作旅行车。,2,114
2673090,打たれ強い,22059,2,f159e56t2,gloss,major,被击打时仍能保持冷静,投手被打出安打时仍能沉着应对,棒球义指投手面对击球员打出安打仍有韧性，不是投手本人被击打。,2,114
1250410,形無し,22063,2,f22e881t2,gloss,major,一无是处,化为乌有,coming to nothing 指结果落空/化为乌有；‘一无是处’说某人或物毫无价值。,2,114
1559680,連隊,22139,0,f52e354t0,gloss,major,旅团,团,連隊是 regiment（团级部队），‘旅团’对应 brigade，军队编制层级不同。,2,114
1559680,連隊,22139,1,f52e354t1,example,major,这只狗是我们连队的吉祥物。,这只狗是我们团的吉祥物。,JA 我が連隊与英语 regimental mascot 均指所属团，中文‘连队’通常是更低一级单位。,2,114
1083160,デスクワーク,22182,0,f7e1393t0,gloss,major,桌面工作,办公室工作,desk work 指在办公桌前做的办公室工作；桌面工作误解为在桌面上进行的工作。,2,115
1083160,デスクワーク,22182,1,f7e1393t1,example,major,这项工作跟桌面工作完全不同。,办公室工作,同一释义中的 desk work 应译为办公室工作，而非桌面工作。,2,115
1432120,鎮静,22224,7,f40e143t7,example,minor,因此流通的货币减少，物价上涨趋于平静。,因此流通中的货币减少，物价涨势趋于平息。,JA 为物价上涨趋于鎮静，结合 EN quietens down，原文“物价上涨趋于平静”搭配不通，改为涨势趋于平息。,2,115
1693760,御子,22250,0,f67e1603t0,gloss,minor,神之子,圣子,基督教语境的 Son of God 是规范称谓“圣子”；同条例句也用圣子。,2,115
1306440,刺し傷,22264,4,f27e1694t4,gloss,major,刺痛,扎伤,prick 在刺伤类伤口释义中指被尖物扎伤；“刺痛”指疼痛感觉，不是伤口。,2,115
1507210,平均値,22364,3,f47e384t3,gloss,minor,期望,期望值,数学语境 expectation 指期望值；“期望”漏掉作为数值量的值义。,2,115
1335710,縦断,22384,1,f30e1449t1,gloss,major,横穿,贯穿,该词头縦断指南北方向的纵贯；“横穿”会误导为东西方向，与本义及同条横断的反义交叉引用冲突。,2,115
1335710,縦断,22384,2,f30e1449t2,gloss,major,横越,纵向穿越,縦断为沿南北方向穿越；“横越”误标方向，且横断才对应东西横越。,2,115
2865065,媚肉,22398,0,f211e693t0,gloss,minor,诱人肉（如乳房、臀部、生殖器）,诱人的肉体（如乳房、臀部、生殖器）,原译“诱人肉”是生硬直译；该俚俗释义指令人欲念的肉体，改为通顺且保留举例的中文。,2,115
1151550,悪漢,22426,5,f12e1606t5,example,major,恶棍要求登记机里的全部金额。,恶棍索要收银机里的全部现金。,register 在该语境是 cash register 收银机，不是登记机；JA 也说金钱登记机里的钱。,2,116
1501480,覆い,22432,0,f46e1227t0,gloss,major,覆盖,覆盖物,覆い是名词，cover 在此为覆盖物；原译“覆盖”是动词，词性不符。,2,116
1501480,覆い,22432,1,f46e1227t1,gloss,major,覆盖,覆盖层,mantle 作名词指覆盖层/罩层，原译“覆盖”仍为动词，词性不符。,2,116
1501480,覆い,22432,2,f46e1227t2,gloss,major,覆盖,罩布,shroud 是遮盖物/裹布，原译“覆盖”不是对应名词。,2,116
1501480,覆い,22432,3,f46e1227t3,gloss,major,覆盖,罩子,hood 在该名词释义中是罩子，原译“覆盖”词性不符。,2,116
1454530,得意先,22448,0,f42e258t0,gloss,major,（常客）,（固定）客户,regular customer 是固定/常来往的客户；原译仅括注“常客”，没有可用的中文释义。,2,116
1432590,追体験,22543,0,f40e259t0,gloss,major,追体验,替代性体验,追体験/vicarious experience 指通过他人经历获得的替代性体验；“追体验”是生硬照搬日文汉字。,2,116
1983100,しょぼしょぼ,22559,1,f93e1610t1,gloss,major,无精打采地,睡眼惺忪地,blearily 描写眼睛朦胧不清的状态；无精打采描述精神状态，不是该义。,2,116
1983100,しょぼしょぼ,22559,2,f93e1610t2,gloss,minor,微弱地（眨眼）,无力地眨眼,weakly 修饰眨眼，中文应表达无力地眨眼；原译“微弱地（眨眼）”搭配不成立。,2,116
2039280,自由人,22565,1,f99e795t1,gloss,major,自由精神,自由奔放的人,free spirit 指不拘一格、自由奔放的人；“自由精神”把人物译成抽象精神。,2,116
1543900,余り物,22589,5,f50e1118t5,example,major,滑雪季快结束了，虽然在进行滑雪服等商品的打折促销，但剩下的都是些杂七杂八的东西，没有正好合适尺码的。,滑雪季快结束了，打折出售的滑雪服都是剩下的货，找不到正好合身的尺码。,日文和英文都说打折商品只剩余货、没有合身尺码；旧译把滑雪服剩货误作杂七杂八的东西，并弱化了尺码不合。,2,116
2831120,二度見,22622,0,f179e12t0,gloss,major,二次反应（尤指因惊讶）,（尤指因惊讶而）又看一眼,double take 是惊讶之下回头/再看一眼，不是“二次反应”。,2,116
1519360,暴れ狂う,22623,0,f48e626t0,gloss,major,暴怒,发狂肆虐,暴れ狂う是猛烈地发狂闹腾；“暴怒”只表示情绪，未表达动作和失控。,2,116
1519360,暴れ狂う,22623,1,f48e626t1,gloss,major,暴行,横冲直撞,run amok 指失控地横冲直撞/大闹；“暴行”是名词犯罪行为，词性和义项均不符。,2,116
1104070,ヒューマン,22636,0,f9e448t0,gloss,major,人类的,人类；人类的,该词兼有名词和形容词标签，human 的名词义是人/人类；原译只含形容词义。,2,116
1784670,折り紙付き,22694,1,f76e1819t1,gloss,major,保证,正宗的,折り紙付き作形容词义“authentic”是正宗/货真价实；“保证”并不表达真实性。,2,117
1784670,折り紙付き,22694,2,f76e1819t2,gloss,major,保证,经认证的,certified 指经过认证，旧译“保证”漏掉认证义。,2,117
1447140,投球,22718,3,f41e981t3,gloss,major,投球,投出的球,pitched ball 指投出的球这一结果物，不是投球动作；同组其他 gloss 已涵盖动作义。,2,117
1093430,ノータッチ,22729,2,f8e913t2,example,major,我对那个计划不感兴趣。,我没有参与那个计划。,JA ノータッチ及 EN not concerned 指未参与/未涉入，原译“不感兴趣”错误地表示主观兴趣。,2,117
2658850,動物好き,22816,0,f157e1282t0,gloss,major,动物爱好者,喜爱动物,love of animals 是对动物的喜爱；“动物爱好者”是 t1 animal lover 的人物义，造成两个字段重复且漏译抽象义。,2,117
1517520,泡を食う,22862,3,f48e247t3,example,major,突如其来的质问让他哑口无言。,他被突如其来的问题弄得不知所措。,JA/EN 说被突然提问弄得慌乱或困惑；“哑口无言”表示说不出话，擅自增加了结果。,2,117
1599920,俄,22886,14,f57e1872t14,gloss,major,锦上添花者,只在顺境时支持的粉丝,fair-weather fan 指只在顺利/有利时支持的人；“锦上添花者”表示助长好事，义项不同。,2,118
1169850,飲み明かす,22909,0,f14e1316t0,gloss,critical,逃酒,通宵喝酒,のみ明かす指彻夜饮酒；“逃酒”相反地表示躲避喝酒。,2,118
2844089,文明の利器,22956,0,f191e866t0,gloss,minor,现代便利,现代便利工具,文明の利器/modern convenience 指现代文明带来的实用器具或便利工具，不是抽象的“现代便利”。,2,118
2851982,お茶の間,22960,0,f198e1501t0,gloss,major,茶室,（日式）起居室,お茶の間指家庭起居室；“茶室”是用于饮茶的房间，属于误义。,2,118
1584940,他所行き,22963,1,f55e379t1,gloss,major,外出时的,最好的衣服,one's best clothes 是最好的衣服；原译“外出时的”缺少中心名词，且漏掉 best。,2,118
1120520,ペースト,22970,0,f10e1012t0,gloss,major,粘贴（食物、粘合剂等）,糊状物（食物、黏合剂等）,paste 在该义是食物或黏合剂等糊状物，原译“粘贴”是动词，词性错误。,2,118
1985120,トントン拍子,22985,5,f93e1990t5,example,critical,顺利,近年来，该国经济发展一日千里。,该字段只有“顺利”，漏掉整句；日文与英文均说该国经济近年来快速发展。,2,118
1838160,立ち退き,23081,0,f82e249t0,gloss,major,拆迁,驱逐；迁出,立ち退き/eviction 是要求迁出或驱逐；“拆迁”专指拆除建筑并搬迁，范围过窄且易误解为拆楼。,2,118
1838160,立ち退き,23081,1,f82e249t1,example,major,收到了退租通知。,收到了搬离通知。,eviction notice/立ち退きの予告是搬离或驱逐通知；“退租通知”特指终止租赁，未覆盖原义。,2,118
1830320,生き恥,23089,0,f81e537t0,gloss,minor,生前耻辱,活着时的耻辱,生き恥指人在世时承受的耻辱；“生前耻辱”生硬且容易读成死前某事的耻辱。,2,118
1830320,生き恥,23089,1,f81e537t1,gloss,minor,生前羞耻,活着时蒙受的羞耻,该义描述生存期间经历的羞耻，不是“生前”作为时间标签的普通表达。,2,118
1830320,生き恥,23089,2,f81e537t2,example,major,最近，我不再害怕“生前耻辱”和“当众出丑”了。,最近，我不再害怕“活着时蒙羞”和“当众出丑”了。,日文写生き恥、赤恥，即活着蒙羞和当众出丑；原译“生前耻辱”生硬并使活着的羞耻误成生前事件。,2,118
1274880,公約,23107,4,f24e1722t4,example,major,那位无所属的候选人将堕胎问题从公约中删除了。,那位无党派候选人将堕胎问题从竞选纲领中删除了。,campaign platform 是竞选纲领，不是公约；無所属候補者是无党派候选人。,2,118
1348670,小判,23110,2,f31e1684t2,example,major,那就像是对猫说小判。,那就像把小判金币给猫一样。,猫に小判是把有价值的小判金币给猫的惯用比喻；原译“对猫说小判”杜撰了说话动作，既误读日文也未表达英文casting pearls before swine的浪费感。,2,118
1567390,拵える,23215,11,f52e1830t11,gloss,major,化妆,穿上（衣服）；化（妆）,"put on a dress, makeup, etc. 包括穿衣和化妆；旧译只保留化妆，遗漏衣物义。",2,119
1567390,拵える,23215,18,f52e1830t18,gloss,major,结识,有（孩子、伴侣、恋人等）,"to have (a child, partner, lover, etc.) 是有/生育这些对象；“结识”表示认识，误译其核心动作。",2,119
1567390,拵える,23215,20,f52e1830t20,gloss,minor,开始交往,开始（婚外）恋情,start an affair 指开始一段恋情（常指婚外情）；“开始交往”过于宽泛且缺少该义的恋情色彩。,2,119
2105200,監視員,23231,3,f105e1841t3,example,major,暴动发生时，当班的监工只有一个人。,暴动发生时，值班看守只有一人。,warden on duty 指当班看守/监视员；“监工”是施工现场主管，与JA監視員及情境不符。,2,119
1459750,馴れ合い,23250,2,f42e1702t2,gloss,major,同居,事实婚姻,common-law marriage 是事实婚姻，不等同于一般同居。,2,119
2023870,足運び,23347,3,f97e1830t3,gloss,minor,重心保持低位的移动特征,保持低重心的移动方式,相扑术语描述保持低重心的典型移动/步法；原译“移动特征”不成中文。,2,119
1432960,通り雨,23384,1,f40e325t1,gloss,major,过雨,短暂阵雨,通り雨/passsing rain 是短暂飘过的阵雨；“过雨”不是自然中文词。,2,120
1432960,通り雨,23384,2,f40e325t2,example,major,因为是过雨，很快就会停的。,因为只是一阵短暂的雨，很快就会停。,JA/EN 表示一阵很快会过去的雨；“过雨”属生硬误译。,2,120
1771700,増水,23438,1,f75e852t1,gloss,major,水位膨胀,水位上涨,swelling water 指水位/水势上涨；“水位膨胀”把涨水误说成水位本身膨胀。,2,120
1178930,おける,23455,2,f15e1146t2,gloss,major,为了,对于,おける的 for 表示涉及/针对某对象，常译“对于”；“为了”表示目的，语义错误。,2,120
2025140,明太子,23473,0,f98e18t0,gloss,critical,大眼鲑鱼籽（通常以盐渍并加红辣椒调味食用）,黄线狭鳕卵（通常以盐腌并加红辣椒调味）,Theragra chalcogramma 是黄线狭鳕/阿拉斯加狭鳕，不是鲑鱼；鱼卵亦应随物种名更正。中华人民共和国生态环境部名录列作“黄线狭鳕”。,2,120
2025140,明太子,23473,1,f98e18t1,xref,critical,① 大眼鲑（学名：Theragra chalcogramma）；阿拉斯加鲑,黄线狭鳕（Theragra chalcogramma）；阿拉斯加狭鳕,该学名对应黄线狭鳕/阿拉斯加狭鳕，而非“大眼鲑”；官方物种名录及台湾鱼类数据库均对应黄线狭鳕。,2,120
1518350,飽和,23480,1,f48e473t1,gloss,major,饱和,饱腹感,satiation 指吃饱后的饱腹感，不是 saturation 的饱和。,2,120
1904560,ひどい仕打ち,23572,2,f87e351t2,gloss,major,严厉的惩罚,当头一棒,kick in the pants 是比喻性的挫折/打击，不是字面惩罚；“严厉的惩罚”把比喻误作处罚。,2,120
1371600,水車,23601,1,f34e258t1,example,major,每个磨坊主都往自己的水车引水。,每个磨坊主都把水引到自己的磨坊。,EN mill 指磨坊，JA也说水车小屋；原译误把水引进水车，而非磨坊。,2,120
1633150,捲れる,23608,1,f61e1701t1,gloss,major,翻卷,翻到反面,to be turned inside out 指翻到里面/反面，原译“翻卷”只描述向上卷，与 t0 重复。,2,121
1633150,捲れる,23608,2,f61e1701t2,gloss,major,翻卷,（衣物）往上卷,ride up 指衣物穿着时往上窜/卷起；泛译“翻卷”未表达衣物位置上移。,2,121
2869002,所帯,23658,3,f214e1957t3,example,major,火灾中四户人家被烧死。,火灾中有四户人家遇难。,EN/JA 说四户人家在火灾中丧生；“四户人家被烧死”生硬且容易理解为每户所有成员均被烧死。,2,121
2861276,詰め,23710,5,f207e1403t5,gloss,major,从事,在……驻点工作,名词后缀詰め表示被派驻/在该地点工作；“从事”没有表达地点任职。,2,121
2861276,詰め,23710,6,f207e1403t6,gloss,major,被分配,被派驻于……,assigned to 在此后缀中指被派到某地驻守/任职；原译“被分配”遗漏派驻地点义。,2,121
2722790,下種野郎,23728,0,f163e1654t0,gloss,major,下种野郎,卑劣小人,下種野郎意为卑鄙、下流的人；“下种野郎”只是日文汉字照搬，在中文中不是该义。,2,121
1350760,焦げ付く,23882,1,f32e154t1,example,major,别把锅烧干。,别把锅烧糊了。,日文焦げつかせるな是别让锅底烧焦粘住；原译“烧干”只对应英文 gloss，违背例句日文。,2,122
1846760,肩肘張る,23927,3,f82e1959t3,example,major,逞强活着是没用的。,没必要逞强过活。,日文说不必肩肘张って生きる，即不必硬撑/摆架子过活；“逞强活着”中文搭配不通。,2,122
2418780,足の踏み場も無い,23937,0,f135e877t0,gloss,critical,千丈の堤も蟻の一穴より崩れる,非常凌乱,足の踏み場も無い指杂乱到连下脚处也没有；原译是与词义无关的中文谚语。,2,122
2418780,足の踏み場も無い,23937,1,f135e877t1,gloss,critical,千里も一里,（东西）到处都是,stuff all over the place 描述东西散得到处都是；原译为不相关谚语。,2,122
2418780,足の踏み場も無い,23937,2,f135e877t2,info,critical,栴檀は双葉より芳し,连下脚的地方都没有,日文惯用语和英文信息均为连脚下落点都没有；原译“栴檀は双葉より芳し”是另一句日文谚语的汉字照搬。,2,122
1304850,仕官,23978,0,f27e1369t0,gloss,major,仕官,入仕；为官,仕官表示出仕/担任官职；照抄日文汉字“仕官”不是自然简体中文释义。,2,122
1304850,仕官,23978,1,f27e1369t1,gloss,major,仕官,入仕；进入政府任职,entering government service 是进入政府任职/出仕，旧译仍只是日文汉字照搬。,2,122
1793790,心霊現象,24105,0,f77e1590t0,gloss,major,灵媒现象,灵异现象,psychic phenomenon 是灵异/超自然现象，“灵媒现象”只指与灵媒有关的现象，范围错误。,2,123
1481270,帆立,24161,1,f44e1643t1,gloss,critical,鄂霍次克扇贝,虾夷扇贝,Patinopecten yessoensis 的中文名为虾夷扇贝（虾夷盘扇贝），不是“鄂霍次克扇贝”；中国生态环境部物种名录明确列出该对应。,2,123
1481270,帆立,24161,2,f44e1643t2,xref,critical,日本扇贝（Patinopecten yessoensis）；鄂霍次克扇贝,日本扇贝（Patinopecten yessoensis）；虾夷扇贝,该学名的中文物种名为虾夷扇贝；原交叉引用沿用了错误的“鄂霍次克扇贝”。,2,123
2088980,がさっ,24180,2,f104e642t2,example,major,夜里在屋顶上积起的雪，嗖地落了下来。,夜里积在屋顶上的雪哗啦一声落了下来。,日文拟声词ガサッ描述积雪突然簌簌落下；“嗖地”表达高速掠过的风声，不符合场景。,2,123
2863237,お義兄さん,24242,0,f209e1142t0,gloss,major,大舅子（配偶的哥哥或姐姐的丈夫）,配偶的哥哥或姐姐的丈夫,英文明示 brother-in-law 包括配偶的哥哥或姐姐的丈夫；“大舅子”只指妻子的兄弟，漏掉姐夫义。,2,123
1572030,とんぼ返り,24294,5,f53e869t5,example,major,去了仙台，又折了回来。,我去了仙台，没停留便折返回来。,とんぼ返り及 without resting 表示到达后立即折返；旧译遗漏了不作停留/连续往返的关键含义。,2,123
1046760,グラマー,24312,1,f5e61t1,gloss,major,乳房的,胸部丰满的,full-breasted 指胸部丰满；“乳房的”只指出部位，没有表达丰满程度。,2,123
1046760,グラマー,24312,3,f5e61t3,gloss,major,乳房的,胸部丰满的,busty 指胸部丰满；“乳房的”遗漏了该词的核心程度义。,2,123
1257550,建立,24327,0,f23e523t0,gloss,major,建立,建造（寺庙、纪念碑等）,建筑物的 building 是建造；原译“建立”更常指机构制度，未准确表达施工建造。,2,123
1257550,建立,24327,1,f23e523t1,gloss,major,设立,建造,erection 在该建筑语境指建造/建成，不是机构“设立”。,2,123
1604110,真っ平,24362,3,f58e1544t3,gloss,major,（绝不）,受够了,had enough 表示受够/忍无可忍；原译“绝不”对应其他拒绝义项，漏掉此义。,2,124
1530900,無味乾燥,24421,2,f49e663t2,gloss,major,干燥的,枯燥的,無味乾燥中的 dry 是乏味、枯燥，不是物理上的干燥；原译只给字面义。,2,124
1356910,蒸らす,24452,0,f32e1306t0,gloss,major,蒸,焖熟,蒸らす指加热后盖焖至熟，不是单纯蒸制；中文烹饪用语“焖熟”更准确。,2,124
1496660,婦女子,24465,0,f46e377t0,gloss,major,妇女,妇女儿童,妇女子此义对应 women and children；“妇女”遗漏了儿童。,2,124
2038810,謎めく,24485,3,f99e700t3,example,critical,那件事似乎有什么东西在跟着。,那起事故一直笼罩着某种神秘感。,JA/EN 说事故带有神秘之处；旧译误译成有东西跟着某人，偏离词义。,2,124
2692690,鉄槌を下す,24558,2,f160e1827t2,gloss,major,挥下铁锤,严厉打击,bring down the hammer on 是严厉打击/处置的习语，不是挥下实体铁锤。,2,124
1000200,阿吽の呼吸,24580,2,f1e19t2,gloss,major,心往一处想,配合默契,dancing to the same beat 比喻共同活动时合拍协同；“心往一处想”只表达想法一致。,2,124
1786450,大根おろし,24754,1,f77e116t1,gloss,major,白萝卜磨,白萝卜擦丝器,daikon grater 是擦萝卜的工具；“白萝卜磨”不是自然的器具名称。,2,125
2838080,何よりも先ず,24787,1,f185e1563t1,gloss,minor,尤其是,最重要的是,above all 在本例是“最重要的是”的优先次序义；“尤其是”表示尤其/特别，容易误解为举例强调。,2,125
1563040,仄めかす,24816,2,f52e1086t2,gloss,major,建议,暗示,仄めかす是含蓄暗示，不是提出建议；政界腐败的例句也印证此义。,2,125
1360850,心停止,24819,1,f33e94t1,example,major,我们用急救措施使心脏骤停的患者恢复了生命。,我们采取急救措施使心脏骤停患者复苏。,revive a cardiac-arrest patient 是使患者复苏；“恢复了生命”生硬且不像急救处置的中文表述。,2,125
2567960,嗜虐,24832,0,f148e1346t0,gloss,major,施虐,施虐癖,sadism 是施虐癖/施虐倾向，不是动作“施虐”；同条 xref 也把施虐与施虐狂分别列出。,2,125
1363030,申し分,24854,5,f33e506t5,example,major,那个人虽然没有缺点，但并不意味着就会坠入爱河。,你不会因为某个人完美无缺就爱上他。,英文与日文都说不会仅仅因为对方完美就爱上对方；原译改成对方有缺点且没法坠入爱河，主客体和逻辑关系都变了。,2,126
1582100,天道,24866,5,f54e1581t5,gloss,major,天界（梵天界）,天界,deva realm/svarga 对应六道中的天界；括注“梵天界”将天界窄化到特定梵天层次，原文并无此限定。,2,126
2214820,早食い,24911,1,f117e502t1,gloss,major,速食,快速进食,speed-eating 是快速吃东西；“速食”在中文指方便食品，误解为食物种类。,2,126
2438190,適さない,24917,2,f137e685t2,gloss,major,不合身的,不适合的,ill-fitted 在此意为不适合、不合宜；该日语词不表示衣服尺寸不合身，旧译造成狭窄的具体衣物义。,2,126
1952660,醤蝦,24970,0,f91e377t0,gloss,critical,对虾（Mysida spp.）,糠虾（Mysida spp.）,Mysida/opossum shrimp 是糠虾类，并非对虾；科研与政府生态名录均使用“糠虾类”。,2,126
1952660,醤蝦,24970,1,f91e377t1,gloss,critical,对虾,糠虾,mysid 指糠虾；“对虾”属于不同的动物类群。,2,126
2513480,好まれる,24973,0,f143e1276t0,gloss,major,喜欢,受人喜爱,好まれる是被喜欢/受欢迎的被动形式；“喜欢”译成主动喜欢，主客体倒置。,2,126
2513480,好まれる,24973,1,f143e1276t1,gloss,major,欣赏,受到赏识,to appreciate 在该被动词条下表示被欣赏/认可；旧译“欣赏”是主动形式。,2,126
2513480,好まれる,24973,2,f143e1276t2,gloss,major,偏好,受到偏爱,to have a preference 在好まれる下指受到偏爱/被优先选择；“偏好”把被动转成主动名词。,2,126
1371050,垂涎,25074,2,f34e150t2,gloss,major,口渴,渴望,thirst 在欲望义项中是渴望/渴求；生理口渴已由另一 sense 的流口水义覆盖，旧译混淆字面义。,2,126
1017250,アドレス帳,25145,1,f2e1485t1,example,major,我把地址簿忘在办公室了。,我把地址簿忘在房间里了。,日文明确说忘在部屋（房间）里，中文误译成办公室。,2,127
1570760,耄碌,25408,1,f53e545t1,gloss,minor,衰老,年老昏聩,dotage专指年老体衰并常含心智衰退；原译“衰老”过于泛化。,2,128
2779950,大音響,25640,0,f169e591t0,gloss,minor,大声,巨响,大音響指响亮的声音，中文“大声”通常指音量大的人声，容易误解为嗓音。,2,129
2779950,大音響,25640,1,f169e591t1,gloss,minor,大声回响,响亮的回声,原译“大声回响”生硬且将响声理解为人声；该义为很响的回声/回响。,2,129
1598870,飛び切り,25650,4,f57e1514t4,example,minor,迈克觉得你妹妹特别时髦。,迈克觉得你妹妹特别有魅力。,日语“とびきりいかしてる”是特别酷、出众有魅力，不专指时髦。,2,129
2611230,どぶ,25737,0,f152e1788t0,gloss,minor,未过滤的 sake,未过滤的清酒,sake是日本清酒，原译残留英文；这里指未过滤的日本酒。,2,129
2611230,どぶ,25737,1,f152e1788t1,xref,minor,参见：浊酒（未过滤的 sake）,参见：浊酒（未过滤的清酒）,xref指向doburoku的释义；保留交叉引用并将残留英文sake译为清酒。,2,129
1917800,同性愛者,25922,1,f88e28t1,gloss,minor,同性恋,同性恋者,英文明确是 gay person，原译“同性恋”指身份/取向，遗漏人的限定。,2,130
2761370,遺憾ながら,25954,0,f167e981t0,gloss,minor,遗憾地,遗憾的是,固定表达“I regret to say”在中文中应作“遗憾的是”，原译副词搭配不自然。,2,130
2871209,背に腹,25990,0,f217e733t0,gloss,major,破釜沉舟,为保全大局，有时不得不牺牲局部,英文释义强调解决更紧迫问题需有所牺牲；“破釜沉舟”意为下决心拼到底，语义不符。,2,130
1615430,肥沃,26041,3,f60e578t3,example,minor,肥沃的土壤能产出丰产的作物。,肥沃的土壤能带来好收成。,JA/EN均指肥沃土壤产出好作物；原译“产出丰产的作物”重复且不通顺。,2,130
1575160,いんこ,26044,0,f53e1521t0,gloss,major,鹦鹉（特指小型鹦鹉，如鹦鹉、红嘴鹦鹉和锥尾鹦鹉）,鹦鹉（特指小型鹦鹉，如长尾小鹦鹉、吸蜜鹦鹉和锥尾鹦鹉）,限定语中的parakeet是长尾小鹦鹉，lory是吸蜜鹦鹉；原译重复写“鹦鹉”并误写红嘴鹦鹉。,2,130
1737870,水質,26058,1,f72e20t1,example,minor,随着人口增加，大气和水质的污染问题将会加剧。,随着人口增加，大气和水污染问题将会加剧。,日文指大气污染和水质污染问题；中文“水质的污染问题”搭配生硬，常用术语为水污染。,2,130
2068970,いじめられっ子,26106,1,f102e742t1,xref,minor,欺凌,欺凌者,xref英文是施暴者bully，原译“欺凌”是行为而非人。,2,131
1600940,鼻高々,26126,1,f58e330t1,gloss,minor,凯旋,得意洋洋,triumphant描述洋洋得意的状态；“凯旋”指胜利归来，词义不符。,2,131
1020770,イーグル,26222,0,f2e1955t0,gloss,major,老鹰（高尔夫术语）,低于标准杆两杆的成绩,高尔夫术语eagle指一洞成绩比标准杆少两杆，原译误作鸟类。,2,131
2406310,交際相手,26267,1,f134e317t1,gloss,minor,重要的人,另一半,significant other指恋爱/亲密关系中的伴侣，不是泛指重要的人。,2,131
2864852,聞いての通り,26280,0,f211e260t0,gloss,minor,正如（刚才）所听,正如你（刚才）所听到的,日文和英文都指对听者说“正如你刚才听到的”，原译遗漏对象且不自然。,2,131
1464160,日照り,26303,2,f43e498t2,example,minor,因持续日照，那个池塘干涸了。,连日干旱使那个池塘干涸了。,日文“日照り続き”指持续干旱/连日干燥天气；“持续日照”含义不准确。,2,131
1212890,敢然,26330,4,f18e1810t4,example,minor,基督徒剑士们信赖神明，毅然迎战敌人，击倒了众多对手。,这位基督徒剑斗士信赖神明，毅然迎战敌人，击败了许多对手。,日文与英文均为单数的基督徒剑斗士，原译改成复数“剑士们”。,2,131
1397030,粗大ごみ,26355,1,f36e1264t1,gloss,minor,超大垃圾,大件垃圾,oversized garbage在中文中是“大件垃圾”；“超大垃圾”不自然且易误解为尺寸特别大的垃圾。,2,132
2085140,ああでもないこうでもない,26379,4,f103e1842t4,example,minor,她不是这样，也不是那样，纠结不已。,她为该怎么办而犹豫不决。,日文和英文都说她因不知如何是好而苦恼；原译按字面拆译成“不是这样也不是那样”，不符合该例句含义。,2,132
2008240,ごみごみ,26446,2,f96e942t2,example,minor,难民们住在拥挤的后街里。,难民们住在一条狭窄、脏乱的后街上。,英文明确有narrow和squalid，日文ごみごみ也指拥挤杂乱；原译漏译狭窄与脏乱。,2,132
1575640,槙,26485,0,f53e1641t0,gloss,major,榧树（榧属植物，学名：Podocarpus macrophyllus）,罗汉松（Podocarpus macrophyllus）,学名Podocarpus macrophyllus对应罗汉松，不是榧树；原译植物名错误。,2,132
1575640,槙,26485,1,f53e1641t1,xref,major,榧树（榧属植物，学名：Podocarpus macrophyllus）,罗汉松（Podocarpus macrophyllus）,xref沿用该物种释义；学名对应罗汉松，不是榧树。,2,132
2183020,鼻の先,26490,2,f113e1497t2,example,minor,他们嘲笑我们和解的尝试，将其拒之门外。,他们当面嘲笑我们的和解尝试，并断然拒绝了。,日文写当面嘲笑并拒绝，英文为scorned；原译“拒之门外”遗漏当面嘲笑且改变为实体拒之门外。,2,132
1141900,リップサービス,26688,0,f12e91t0,gloss,major,口头上的,口惠而实不至,lip service指口头表示支持但并无实际行动；原译“口头上的”缺失核心含义。,2,133
2068470,裏工作,26693,3,f102e655t3,example,minor,他们在最终谈判时，背后有不正当交易。贿赂被传递了。,他们谈判最后那份合同时，暗中做了手脚，还私下送了贿赂。,英文明确说暗箱操作且私下交付贿赂；原译“贿赂被传递了”生硬且未表达暗中行贿。,2,133
2032850,面目躍如,26784,4,f98e1502t4,example,major,又开始说教了。真是爱出风头的人啊。,又开始说教了。真是个什么事都要发表意见的人啊。,日语“一言居士”指对什么事都要发表意见的人，原译“爱出风头”语义不符。,2,133
1719200,狂信的,26844,0,f70e767t0,gloss,minor,狂信,狂热的,狂信的作形容词，英文fanatic在此是形容词义；原译“狂信”是名词。,2,133
1369990,痛く,26891,3,f33e1930t3,example,minor,我对他的演讲深感感动。,我深受他的演讲感动。,deeply impressed应译为深受感动/触动，原译“深感感动”重复且不自然。,2,134
1189050,何処までも,26896,3,f16e1274t3,example,major,他从头到尾都像个绅士。,他看起来十足是位绅士。,日文是どこからどこまでも紳士らしい、英文是every inch a gentleman，意为十足像绅士；“从头到尾”误解成时间过程。,2,134
1466320,入所,26938,0,f43e861t0,gloss,major,入院（指进入机构、幼儿园、设施等）,入所（进入机构、托儿所、设施等）,入所适用于各类机构、托儿所和设施，原译“入院”无依据地限定为医院。,2,134
1138090,ライナー,26927,4,f11e1565t4,xref,major,同上,不定期货船,xref英文tramper (ship)指不定期航行的货船，原译“同上”没有给出释义。,2,134
2648200,伝説上,26973,2,f156e1183t2,gloss,minor,不可思议的,神话中的,此处fabulous受日文“伝説上”限定，指神话/传说义，不是“不可思议”。,2,134
1108730,ファンデーション,26979,1,f9e1209t1,gloss,major,衬裙,塑身内衣,foundation garment指支撑或塑造体形的内衣（如束腹、紧身胸衣），不等于衬裙。,2,134
2837902,村娘,27009,0,f185e1253t0,gloss,minor,村姑,村里的女孩,village girl是中性“村里的女孩”；“村姑”在中文中常带贬义或粗俗联想。,2,134
2839279,ちわ,27037,2,f186e1907t2,xref,minor,你好；日好；下午好,你好；日安；下午好,good day应译“日安”，原译“日好”是误译。,2,134
1725570,髭面,27057,0,f70e1995t0,gloss,minor,胡须脸,一脸胡须,bearded face指长着胡须的脸，原译“胡须脸”不自然。,2,134
1366380,震度,27061,1,f33e1338t1,xref,minor,地震烈度表,地震烈度等级,xref明确指地震烈度的分级量表，原译“烈度表”不够准确。,2,134
1434560,低速,27069,1,f40e635t1,gloss,minor,缓慢,慢速,slow speed作名词短语应为“慢速”；“缓慢”单独作形容词/副词，词性不匹配。,2,134
1003360,キーキー,27090,0,f1e817t0,gloss,minor,嘎吱嘎吱地,发出刺耳的吱呀声,sharp creak指尖锐刺耳的吱呀声，原译“嘎吱嘎吱”缺少尖锐刺耳的特点。,2,134
1003360,キーキー,27090,2,f1e817t2,gloss,minor,嘎啦嘎啦地,发出尖锐刺耳的声音,screech指尖锐刺耳的高声，原译“嘎啦嘎啦”不表达该含义。,2,134
1219150,基点,27099,0,f19e1009t0,gloss,major,数据点,基准点,datum point是测量/参照基点，不是data point（数据点）。,2,135
1112690,フロート,27108,1,f9e1815t1,gloss,minor,浮动；浮体,浮筒,pontoon指浮筒或浮箱，原译“浮动；浮体”未表达该具体物件。,2,135
2863236,お義姉さん,27122,0,f209e1141t0,gloss,major,大姨子（配偶的姐姐或哥哥的妻子）,配偶的姐姐或嫂子（配偶的哥哥的妻子）,原译“大姨子”只对应配偶姐姐的一种情形，括注还包括配偶哥哥的妻子；修订保留两种关系。,2,135
2084750,止めておく,27157,3,f103e1753t3,example,minor,喂，差不多该停止内裤笑话了，读者会离开的，变态。,喂，差不多该停止讲内裤笑话了，会让读者反感的，变态。,日文“読者が退く”指读者会反感/被吓退，原译“读者会离开”误作实体离开。,2,135
2760150,ダブルデート,27223,0,f167e746t0,gloss,major,双人约会,两对情侣一起约会,double date指两对情侣（四人）共同约会，原译“双人约会”误作两个人约会。,2,135
1497050,敷設,27319,2,f46e462t2,example,minor,铁路在这个城镇铺设了。,这座城镇铺设了铁路。,英文和日文都说该镇修建/铺设了铁路，原译“铁路在城镇铺设了”语序不通。,2,135
1324620,弱り切る,27352,3,f29e1271t3,example,major,他（かれ）身体虚弱（よわ），食欲不振。,他已经虚弱不堪，毫无食欲。,日语说明他精疲力竭、没有食欲；原译夹杂日文读音并语义残缺。,2,136
1150900,愛想のいい,27359,2,f12e1477t2,gloss,minor,健谈的,善于交际的,sociable指善于与人交往，不等于健谈。,2,136
2009930,もんどり打つ,27427,1,f96e1264t1,example,minor,司机从驾驶座上被甩了出去。,司机被甩出座位，翻了个跟头。,head over heels表示被甩得翻滚；原译只说被甩出去，漏掉关键动作。,2,136
1270000,後年,27430,0,f24e873t0,gloss,minor,未来的年份,未来岁月,future years指未来的岁月，原译“未来的年份”不自然。,2,136
2851477,犯行声明,27370,0,f198e423t0,gloss,minor,认领声明（例如对爆炸事件等）,（例如爆炸案的）声称负责声明,claim of responsibility是犯罪组织声称对事件负责的声明，原译“认领声明”不准确。,2,136
1706900,乗り物酔い,27455,1,f69e370t1,gloss,minor,晕船,晕动症,travel sickness是乘车、乘船等造成的晕动症，不只限于晕船。,2,136
1706900,乗り物酔い,27455,2,f69e370t2,example,major,请给我一些晕车药。,请给我一些晕机药。,日文只说交通工具晕眩药，英文明确是airsickness medicine（晕机药），原译误为晕车药。,2,136
1403430,憎まれ役,27474,2,f37e770t2,example,major,看来是要自讨没好话，不过我想问一句，要是没有一位客人抱有期待的话，该怎么办呢？,我可能是在故意唱反调，但我得问一句：如果最终客流达不到预期，我们该怎么办？,英文指未能达到预期客流，原译误成没有客人“抱有期待”；日文也指预期的客人一个都没来。,2,136
1250960,渓流,27492,1,f22e983t1,gloss,minor,山洪,山间急流,mountain torrent是山间的急流，不是洪水意义的“山洪”。,2,136
1275440,好遇,27577,0,f24e1814t0,gloss,minor,好遇,热情接待,cordial welcome指热情友好的接待，“好遇”不是自然的现代汉语释义。,2,136
1275440,好遇,27577,1,f24e1814t1,gloss,minor,好遇,热烈欢迎,hearty welcome应译为热烈欢迎，原译“好遇”不自然。,2,136
1275440,好遇,27577,2,f24e1814t2,gloss,minor,好遇,善待,kind treatment指善待，原译“好遇”不自然。,2,136
1275440,好遇,27577,3,f24e1814t3,gloss,minor,好遇,款待,hospitality作名词可译为款待，原译“好遇”不自然。,2,136
1095850,ハスキー,27601,0,f8e1245t0,gloss,major,哈士奇,（嗓音）低沉沙哑的,此处husky是形容嗓音低沉沙哑，不是犬种哈士奇。,2,136
1095850,ハスキー,27601,1,f8e1245t1,gloss,major,哈士奇,（嗓音）低沉沙哑的,huskie是husky的异拼，此处同指嗓音低沉沙哑，不是犬种。,2,136
1438490,天下一,27608,0,f40e1281t0,gloss,critical,命令（上级对下级、政府对私营部门等）,独一无二的东西,天下一指天下无双/独一无二，原译“命令”完全错义。,2,136
1438490,天下一,27608,1,f40e1281t1,gloss,critical,指令,天下第一,best on earth指天下第一，原译“指令”完全错义。,2,136
1138960,ラジカセ,27618,0,f11e1686t0,gloss,minor,收音机卡座,收录机,ラジカセ是收音机与磁带录音机一体的收录机；“卡座”是单独的磁带播放设备。,2,137
1402910,遭難者,27670,0,f37e642t0,gloss,minor,遇难者,受害者,victim是受害者；“遇难者”在中文通常指死亡者，英文并未限定死亡。,2,137
1402910,遭難者,27670,1,f37e642t1,gloss,minor,受灾者,受难者,sufferer指承受灾祸或痛苦的人，不专指受灾者。,2,137
1419750,断頭台,27775,3,f38e1984t3,example,major,查理一世被处以死刑。,查理一世在断头台上被处死。,英语与日文都明确指出查理一世在断头台被斩首；原译泛化为死刑。,2,137
1167780,逸物,27780,6,f14e783t6,gloss,major,上等品,杰出人物,此义英文是superb person，指优秀人物，不能沿用物品义“上等品”。,2,137
1167780,逸物,27780,7,f14e783t7,gloss,major,上等品,优秀人物,此义英文是excellent person，指优秀人物，不能沿用物品义“上等品”。,2,137
1107920,ファウル,27808,1,f9e1080t1,example,major,裁判判定那个球为犯规。,裁判判定那个球为界外球。,棒球中foul ball是界外球，原译“犯规”不合球类判罚术语。,2,137
1154030,安全保障,27813,0,f13e289t0,gloss,minor,（保障）安全,安全保障,security这里指安全的保障，原译括号式表达不自然。,2,137
2788160,そうこうしている内に,27815,2,f170e212t2,xref,minor,这个和那个；某事或某事,这事那事；各种事情,this and that; one thing or another指各种事情，原译“某事或某事”重复且不通顺。,2,137
1332560,拾い物,27836,0,f30e832t0,gloss,major,失物,拾得物,found article是捡到的物品，原译“失物”反而指遗失的物品。,2,137
1139680,ラブロマンス,27841,1,f11e1797t1,gloss,minor,浪漫,爱情故事,romance在此指爱情题材故事，不能只译抽象的“浪漫”。,2,137
2576850,永遠の眠り,27857,0,f149e952t0,gloss,minor,永恒的睡眠,永眠,eternal slumber是死亡的委婉说法，中文“永眠”比“永恒的睡眠”自然。,2,137
1863710,会社勤め,27911,0,f84e998t0,gloss,minor,公司职员,在公司工作,会社勤め指在公司受雇/工作，原译“公司职员”指人而非行为。,2,138
1863710,会社勤め,27911,1,f84e998t1,gloss,minor,公司职员,受雇于公司,being employed by a company描述受雇状态，原译“公司职员”仍指人。,2,138
1848060,買い叩く,27914,1,f83e247t1,gloss,minor,讨价还价,强硬议价,to strike a hard bargain指强势、坚决地议价，原译泛化为普通讨价还价。,2,138
2856854,カウ,27973,1,f203e727t1,xref,minor,① 牛（Bos taurus）；母牛；公牛；公牛；小牛,① 牛（Bos taurus）；母牛；公牛；阉牛；小牛,xref分别列举cow、bull、ox、calf，原译将ox也译作公牛；ox应为阉牛。,2,138
2642430,名うて,27986,0,f156e23t0,gloss,minor,著名的,臭名昭著的,notorious含负面声名，原译“著名的”遗漏贬义。,2,138
1559210,蓮華,28074,2,f52e181t2,gloss,major,黄芪（Astragalus sinicus）,紫云英（Astragalus sinicus）,Astragalus sinicus的标准中文名为紫云英；“黄芪”通常指药用黄芪类，并非该种。,2,138
1559210,蓮華,28074,3,f52e181t3,xref,major,黄芪（Astragalus sinicus）,紫云英（Astragalus sinicus）,xref所指Chinese milk vetch即紫云英（Astragalus sinicus），原译黄芪为误认。,2,138
2838865,だけの事はある,28090,4,f186e1094t4,example,major,他毕竟是上了大学，确实名副其实。,他果然没白上大学。,日文“さすが…だけのことはある”及英文not go to college for nothing都表示所学有用、没白上；原译“毕竟……确实名副其实”语义不完整。,2,138
2839030,篠原,28147,0,f186e1426t0,gloss,major,竹林,竹草丛生的原野,篠原指生长篠竹（竹草）的原野，不是通常指竹木林的“竹林”。,2,139
2588760,通い合う,28136,2,f150e1293t2,gloss,minor,彼此默契,彼此理解,to be mutually understood 是彼此能够理解，译作“彼此默契”增加了默契、心有灵犀的含义。,2,139
1158940,違反者,28148,1,f13e1146t1,gloss,minor,违背者,违法者,transgressor 在此与 offender/violator 同为违反法律或规则的人；“违背者”缺少违背的对象且语义不完整。,2,139
1387050,舌戦,28152,1,f35e1430t1,example,major,他的发言引发了口诛笔伐。,他的发言拉开了唇枪舌剑的序幕。,日文说他的发言成为舌战的开端，英文也指他开启了言语交锋；“引发口诛笔伐”误成遭众人批判。,2,139
2037520,アルティメット,28165,1,f99e416t1,gloss,major,终极（运动）,极限飞盘运动,ultimate 作为运动名指极限飞盘，原译“终极（运动）”是把运动名称按普通形容词直译。,2,139
2812620,皮肉屋,28173,2,f172e1203t2,gloss,major,尖嘴,说话尖刻的人,sharp tongue 指说话尖刻的人，不是字面上的“尖嘴”。,2,139
2463440,もっさり,28238,2,f139e1469t2,gloss,minor,迟钝,愚笨,dim-witted 指头脑迟钝、愚笨；用“迟钝”与前两项 slow/sluggish 重复且没有表现智力含义。,2,139
1507570,平素,28247,5,f47e426t5,example,major,感谢贵店长期以来对本店的厚爱。,感谢您长期以来对本店的惠顾。,日文是感谢一直以来对本店的惠顾；旧译把“本店”误成“贵店”，颠倒店铺所属。,2,139
1396000,全敗,28333,3,f36e1086t3,example,minor,我们的球队遭受了全败。,我们的球队一场也没赢。,日英均指球队输掉了所有比赛；“遭受了全败”不自然且没有清楚表达一场未胜。,2,139
1413100,大奥,28355,0,f38e615t0,gloss,minor,（江户城内的）内宫,江户城大奥（内廷）,该词专指江户城内将军及其家族女眷居住的区域；“内宫”容易误解为一般宫殿或皇宫，宜明确为大奥。,2,139
1107200,ピンセット,28479,1,f9e975t1,gloss,major,止血钳,钳子（医疗用）,forceps 是钳状医疗器械的泛称；止血钳是其一种，原译把上位词缩窄成特定器械。,2,140
1617100,編制,28486,1,f60e827t1,gloss,minor,组建,组织,英文 organisation 在此是名词“组织”；“组建”是动作，改变了词性和义项。,2,140
1543690,予防接種,28536,4,f50e1053t4,example,major,MMR疫苗接种在日本没有接种。,在日本没有接种过MMR疫苗。,原译把疫苗误作接种行为的主体；日文省略主语而英文也说明接种者未在日本接种该疫苗。,2,140
1246720,靴屋,28647,3,f22e295t3,example,minor,能告诉我你推荐的鞋店吗？,能推荐一家你最喜欢的鞋店给我吗？,日文和英文询问对方最喜欢的鞋店并请其推荐，旧译只问对方推荐哪家，漏掉“最喜欢”的限定。,2,141
1612700,その物,28680,2,f59e1997t2,example,minor,他对他们就是亲切本身。,他对他们亲切备至。,英语 kindness itself 和日文 親切そのもの 都表示极其亲切；“亲切本身”是生硬直译，中文应表达对人的态度。,2,141
1198400,会議場,28714,1,f17e900t1,gloss,major,如果您希望预订离会场更近的房间，请联系我。,集会场所,place of assembly 是集会场所；原中文误填成一整句订房话术，与对应 gloss 不符。,2,141
1198400,会議場,28714,2,f17e900t2,example,critical,会议日程,如果您需要协助预订离会议中心更近的房间，请告诉我。,英文和日文例句都是询问是否需要协助预订更靠近会场的房间；旧译“会议日程”与例句全无关系。,2,141
2667380,麞,28733,0,f158e942t0,gloss,major,欧洲鹿（Capreolus capreolus）,欧洲狍（Capreolus capreolus）,拉丁学名 Capreolus capreolus 是欧洲狍（roe deer），不是泛称的欧洲鹿。,2,141
1567890,昴,28861,4,f52e1945t4,xref,major,西方天区“胃”宿七宿（中国星宿）,西方天区的七宿（中国星宿）,英文指中国星宿体系中的西方七宿，旧译“胃宿七宿”把其中单独一宿误作七宿总称。,2,141
2735790,打てば響く,28900,3,f164e1963t3,example,minor,他真不错。一打就响，反应很快，让他做什么都会照做。,他真不错，反应很快，交代什么都马上去做。,日文说明他反应迅速、立即行动，英文也说能迅速领会并完成该做之事；“一打就响”在中文中成为不通顺的字面解释。,2,141
1267310,湖水,28905,2,f24e394t2,example,major,写完这封信后，我们去那山前约两英里处的湖边吧。,写完这封信后，我带你去那座山再往前约两英里的湖边。,日英都说湖在越过那座山再往前约两英里处；旧译“山前”颠倒了方位。,2,141
1238510,郷土,28977,0,f21e777t0,gloss,major,省份,故乡,native place 指故乡/出生地；原译“省份”过于狭窄，省份不是该词头的固定含义。,2,142
1238510,郷土,28977,1,f21e777t1,gloss,major,地区,出生地,birth-place 指出生地，不能译成泛指的“地区”。,2,142
1238510,郷土,28977,2,f21e777t2,gloss,major,地方,老家,one's old home 是老家/故乡，不是泛泛的地方。,2,142
1238510,郷土,28977,3,f21e777t3,gloss,critical,乡土小说,省份,province 对应“省份”；原译“乡土小说”是完全无关的文体名。,2,142
1238510,郷土,28977,4,f21e777t4,gloss,critical,地方菜,地区,region 对应“地区”；原译“地方菜”误成菜肴类别。,2,142
1238510,郷土,28977,5,f21e777t5,gloss,critical,乡土料理,地方,locality 指地方/地区；原译“乡土料理”与词义无关。,2,142
1486560,美男,29008,1,f45e673t1,example,minor,他是个善良的少年。而且，更幸运的是，他非常英俊。,他是个善良的少年；更好的是，他非常英俊。,英文 and what is better 表示“更好的是”，不是“更幸运的是”；日文 さらによいことには 也直接对应。,2,142
1037840,カトリック,29082,2,f4e706t2,gloss,major,天主教堂,天主教会,Catholic Church 指天主教会这一宗教组织，不是实体建筑“天主教堂”。,2,142
1625530,拝殿,29116,1,f61e159t1,gloss,minor,礼拜堂,参拜殿,神社语境的 hall of worship 是参拜殿；“礼拜堂”通常指基督宗教场所。,2,142
1512680,勉強家,29123,2,f47e1371t2,example,minor,他是个谁都不输的学习家。,他非常勤奋好学。,日文和英文均称他十分好学、勤奋；“学习家”是生硬直译，并非自然中文表达。,2,142
1377980,正味,29188,2,f34e1390t2,gloss,minor,满（如工作时间）,实际（如实际工作时长）,正味在时间语境表示扣除非工作时间后的实际时长；“满”容易理解为满额或完整时段。,2,143
2142160,愛情深い,29236,2,f109e1367t2,gloss,minor,专心的,深情的,愛情深い和 devoted 都表达深厚爱意；“专心的”指专注，缺少情感含义。,2,143
2142160,愛情深い,29237,2,f109e1368t2,gloss,minor,忠贞的,深情的,愛情深い表示深情、富有爱意；“忠贞的”侧重忠诚不变，范围更窄。,2,143
2836001,憎からず思う,29264,4,f183e1390t4,xref,major,温柔地；温柔地；温柔地,亲切地；温柔地；深情地,英文三个并列释义分别为 affectionately、tenderly、lovingly；原译把三者都写成温柔地，漏掉亲爱和爱意。,2,143
2007700,痒み,29388,2,f96e834t2,gloss,minor,痒痒的,瘙痒感,itchiness 是名词“瘙痒感”，原译“痒痒的”是形容状态的口语表达，词性不符。,2,143
1233890,供与,29391,3,f20e1932t3,example,major,信用是指银行允许自由使用的金额，即信用供给，也就是贷款。,信用是指银行允许某人支配使用的金额，也就是银行提供的信贷额度，即贷款。,日英都解释银行允许客户支配使用的贷款金额；“信用供给”是不自然的直译，未表达信贷额度。,2,143
1565800,塹壕,29438,2,f52e1559t2,example,major,敌军在首都周围挖了战壕。,敌军在首都周围构筑了战壕防线。,日文和英文都说敌军以战壕巩固首都周边防线；旧译只说敌人挖了战壕，漏掉已在战壕中据守/设防的意思。,2,144
1005620,しゃあしゃあ,29441,2,f1e1325t2,gloss,major,冷淡地,若无其事地,该拟态词在此与 shamelessly、brazenly 同属厚颜无耻地表现；“冷淡地”误成情绪冷漠。,2,144
1056760,サッシ,29462,0,f5e1546t0,gloss,major,纱带,窗框,サッシ在此是建筑窗框（通常为金属窗框），英文 sash 也指窗扇/窗框；“纱带”是把 sash 误作织物饰带。,2,144
1616030,老練,29487,4,f60e658t4,example,minor,他对那项工作是个老练的人。,他是这项工作的老手。,old hand 是经验丰富的熟手/老手；原译“是个老练的人”搭配不自然且缺少该工作领域的熟练含义。,2,144
2174990,立てこもり,29498,1,f113e75t1,gloss,critical,在（堡垒等）被围困时 barricade 自己,被围困时据守（如堡垒）,英文和日文表达被包围时在堡垒等处固守；原译含未翻译的英文 barricade，且没有译出行为。,2,144
1581090,えり分ける,29521,3,f54e1286t3,example,major,挑选全部行李花了相当长的时间。,把所有行李整理分类花了相当长的时间。,sort out all our luggage 是整理、分类行李；“挑选全部行李”误成从行李中选取物品。,2,144
1554260,寮母,29583,0,f51e1236t0,gloss,minor,宿舍母亲,宿舍女管理员,housemother 是负责宿舍管理和照看的女性管理人员；“宿舍母亲”是生硬直译。,2,144
1554260,寮母,29583,1,f51e1236t1,gloss,minor,宿舍女管家,宿舍女管理员,dorm mother 指宿舍的女性管理员，并非字面上的宿舍母亲。,2,144
2255910,比喩表現,29597,2,f121e1273t2,example,minor,这个表达作为日语中不存在的英语比喻性表达，我非常喜欢。,这种表达是日语里没有的英语比喻说法，我非常喜欢。,日英都说说话者很喜欢这种日语中没有的英语比喻表达；旧译语序生硬、关系不清。,2,144
2060750,幸あれ,29610,2,f101e1032t2,example,minor,祝少爷一切顺利。,祝那个小男孩一切顺利。,英文说祝福那个小男孩；“少爷”带有中文身份/阶层意味，原文并无此信息。,2,144
1507770,平板,29625,9,f47e456t9,gloss,major,无重音,平板型（无音高下降）,日语声调术语中的 accentless pitch 指平板型，即高音后没有降调；“无重音”容易误解为没有重读重音。,2,144
1439550,あっ晴れ,29636,0,f40e1460t0,gloss,minor,壮丽,了不起,あっぱれ是赞叹或称赞“了不起、精彩”，不是形容景物的“壮丽”。,2,144
1484210,辞めさせる,29655,0,f45e267t0,gloss,minor,解雇,解雇（某人）,to fire 是解雇某人的动词表达；原译只给名词“解雇”，未体现施事动作。,2,144
1484210,辞めさせる,29655,1,f45e267t1,gloss,minor,解职,解聘（某人）,to discharge (from job) 是解聘/免职某人的动作，需体现动词及宾语关系。,2,144
1703110,石版,29658,0,f68e1457t0,gloss,major,石版印刷,石版画,lithograph 是石版印刷制成的版画/印刷品；“石版印刷”指印刷工艺，词义错位。,2,144
2073870,ポロシャツ,29685,1,f102e1591t1,example,minor,她似乎认真认为那件衬衫适合我，我拒绝了，决定接受一件淡蓝色的Polo衫。,我谢绝了她似乎真心觉得很适合我的那件衬衫，决定收下一件浅蓝色Polo衫。,日文和英文说说话者拒绝了对方觉得适合自己的衬衫，转而接受一件浅蓝色Polo衫；旧译语序不清并残留英文Polo。,2,145
1034860,オフレコ,29737,0,f4e259t0,gloss,major,非正式（不记名）,不公开（不予报道）,off-the-record 指不公开、不得报道；“非正式”指形式不正式，漏掉保密/不予报道的核心含义。,2,145
1603340,萌芽,29783,6,f58e1218t6,example,minor,他的事业终于开始显露出萌芽的迹象。,他的事业终于显露出蓬勃发展的苗头。,日文说事业终于显现出萌芽的迹象，英文说终于开始兴旺；旧译“显露出萌芽的迹象”重复且不自然。,2,145
1413550,大型トラック,29792,1,f38e695t1,gloss,major,半挂卡车,半挂车,semi-trailer 是半挂车（挂车），不是带有牵引车头的半挂卡车。,2,145
1777520,積み込み,29807,1,f76e117t1,gloss,major,砌牌墙,作弊码牌（将牌墙按有利于自己的方式堆叠）,麻将术语指为自己作弊而预先操纵牌墙；“砌牌墙”只说正常砌墙，遗漏了有利于自己的作弊目的。,2,145
2088790,顎で使う,29830,3,f104e602t3,example,major,她颐指气使地使唤人。,她把他使唤得团团转。,英文 says she has him at her beck and call，日文也说她支使人；原译丢失“他”这一受事，变成泛指使唤人。,2,145
1002720,お冷,29835,2,f1e682t2,gloss,critical,冷水,凉米饭,cold boiled rice 是冷掉的米饭，不是冷水；该字段与お冷的冷饮用水义项错配。,2,145
1533680,模造,29846,1,f49e1148t1,gloss,major,伪造,仿冒品,counterfeit 在此作名词义，指仿冒品；“伪造”是伪造行为，词性和所指对象不合。,2,145
1533680,模造,29846,2,f49e1148t2,gloss,major,伪造,假货,fake 作名词指假货/赝品；“伪造”把物品误成了伪造行为。,2,145
1533680,模造,29846,3,f49e1148t3,gloss,major,伪造,赝品,sham (object) 指赝品、假冒物；“伪造”不能作为该名词的对应译文。,2,145
1578590,五色,29884,5,f54e505t5,gloss,major,甜瓜,葫芦,gourd 是葫芦类瓜，甜瓜对应 melon；原译把葫芦误作甜瓜。,2,145
1578590,五色,29884,6,f54e505t6,xref,major,瓜；甜瓜,瓜；葫芦,该 xref 的第二个引用释义是 gourd（葫芦），不是甜瓜；按引用对象原释义修正。,2,145
1590280,箇条書き,29938,2,f56e341t2,gloss,major,项目化,逐项列举,itemization/itemisation 是逐项列出；“项目化”通常指按项目组织或转换成项目制，义项不符。,2,146
1590280,箇条書き,29938,3,f56e341t3,gloss,major,项目化,逐项列举,itemisation 指逐项列明、项目清单化，不是将内容改成项目制的“项目化”。,2,146
2201620,親しき仲にも礼儀あり,29967,0,f115e1448t0,gloss,major,好篱笆造就好邻居,亲密之交也要讲礼数,日语谚语「親しき仲にも礼儀あり」说关系亲密也应有礼貌；英文 fence/neighbor 谚语与日语原句不符，原译按英文误译。,2,146
2201620,親しき仲にも礼儀あり,29967,1,f115e1448t1,gloss,major,篱笆之间保持友谊长青,亲近的人之间也应保持礼节,原日语谚语强调朋友亲近仍须讲礼貌，并非篱笆维系邻里友谊；英文谚语与日语冲突，按日语纠正。,2,146
1400830,相違点,30021,0,f37e150t0,gloss,minor,（差异的）要点,（若干）差异点,相違点是不同之处/差异点；原译“差异的要点”把差异误说成要点。,2,146
2750070,そがな,30035,4,f166e821t4,xref,critical,不！,① 诸如此类；那种类型；那样的,英文和日文同列 such/that sort of/that kind of/like that；现译“不！”完全无关，显然错位或损坏。,2,146
1631490,降板,30054,1,f61e1344t1,gloss,major,被击出局,被换下场,棒球降板指投手离开投手丘、被教练换下；being knocked out 在这里不是击球员“被击出局”。,2,146
1631490,降板,30054,5,f61e1344t5,gloss,minor,撤回,退出,withdrawing 表示退出或撤出某项职务/角色；“撤回”通常用于撤回文件、意见或申请。,2,146
2855692,全くと言っていいほど,30069,0,f202e674t0,gloss,major,完全地，简直,几乎（不）……；一点也（不）……,注释要求与否定句连用，原译“完全地，简直”没有保留否定环境下“几乎不/一点也不”的核心用法。,2,146
2855692,全くと言っていいほど,30069,1,f202e674t1,gloss,minor,完全地，彻底地,绝对（不）……,EN 明确包含 absolutely (not)，原译只写“完全地，彻底地”，遗漏否定搭配。,2,146
1172280,臼,30124,0,f14e1818t0,gloss,minor,磨石,磨盘,millstone 是磨谷物的磨盘；“磨石”通常指磨刀石或磨料石，不是此类大型磨盘。,2,146
2637630,ヤマノカミ,30157,2,f155e994t2,gloss,major,粗皮鱼（Trachidermus fasciatus）,松江鲈（Trachidermus fasciatus）,拉丁学名 Trachidermus fasciatus 对应中文规范常名松江鲈；“粗皮鱼”是对 roughskin sculpin 的直译。,2,146
1098080,バインダー,30169,0,f8e1561t0,gloss,major,装订机,活页夹,バインダー作为文具是夹装纸张的活页夹；装订机是机器，且该条后文另列有机械设备义。,2,146
1249560,傾聴,30093,1,f22e755t1,example,minor,他们为了不遗漏一句话而仔细倾听。,他们仔细倾听，生怕漏掉一个词。,日文“１語も聞きもらすまい”明确是不能漏听一个词，英文也为 not miss a single word；现译成“一句话”改变了计量单位。,2,146
2411830,コスプレイヤー,30209,0,f134e1470t0,gloss,major,cosplayer（cosplayer）,角色扮演者,cosplayer 指进行角色扮演的人；保留英文原词且重复括注英文，没有给出中文释义。,2,147
2411830,コスプレイヤー,30209,1,f134e1470t1,xref,minor,cosplay（装扮成动漫、漫画、电子游戏等角色）,角色扮演（装扮成动漫、漫画、电子游戏等作品中的角色）,xref 对象 cosplay 的释义与英文一致；中文把 cosplay 当作英文残留，应译成角色扮演。,2,147
1678230,口やかましい,30291,2,f66e585t2,gloss,major,健谈,爱唠叨,口やかましい带有令人厌烦地说个不停、唠叨的贬义；“健谈”是正面评价，语气不符。,2,147
1396460,禅問答,30289,0,f36e1147t0,gloss,minor,禅对话,禅宗问答,禅問答是禅宗的问答/机锋，“禅对话”是生硬直译且不是通行术语。,2,147
1586110,相乗り,30304,3,f55e731t3,example,major,拼车的人应当谨慎，避免与其他乘客交谈。,拼车的人应避免与其他乘客交谈。,英语和日语都说同乘者应避免交谈；“应当谨慎”凭空补入谨慎要求并改变句意。,2,147
2837155,食事処,30311,0,f184e1648t0,gloss,minor,餐厅（尤其指旅馆或旅馆内的餐厅）,餐饮处（尤指旅馆内的餐厅）,食事処指用餐的场所，原译括号重复“旅馆”，读成旅馆内的旅馆餐厅且表述不通顺。,2,147
2208030,何やかんや,30318,2,f116e761t2,gloss,minor,某事某事,这样那样的事,something or another 在该列举语境是这样那样的事情；“某事某事”不自然且没有表达泛指。,2,147
1465050,乳繰り合う,30373,2,f43e628t2,note,major,“乳”为音读,「乳」是借字（此处仅表音）,ateji 是借用汉字表音/表意的用字方式；“音读”是汉字音读（音读/训读）的术语，概念不同。,2,147
2164790,付き合いきれない,30510,2,f111e1989t2,gloss,major,适可而止,够了；受够了,enough is enough 表达忍耐到此为止/受够了；“适可而止”变成对别人提出停止劝告，改变了说话者态度。,2,148
1415060,大麻,30525,4,f38e929t4,gloss,major,大麻,大麻脂（哈希什）,hashish 是由大麻树脂制成的制品，不是泛称的大麻植物或大麻。,2,148
2848378,術士,30564,0,f195e713t0,gloss,major,术士,战术家；谋士,tactician 指战术家/谋士；“术士”通常指巫师，误译成了相邻的 sorcerer 义。,2,148
2848378,術士,30564,1,f195e713t1,xref,major,术士；谋士；权术家；足智多谋的人,战术家；谋士；阴谋家；足智多谋的人,xref 的首项 tactician 是战术家，不是术士；其余英文也分别对应谋士、阴谋家和足智多谋者。,2,148
1415550,滝壷,30630,1,f38e1010t1,gloss,major,瀑布湖,瀑潭（瀑布下的水潭）,waterfall lake 在此指瀑布落水处的 plunge pool（瀑潭），不是一般的“瀑布湖”。,2,148
2863346,滋養強壮,30683,0,f209e1370t0,gloss,major,增强表现,滋补强身,日语词头「滋養強壮」指滋养身体、增强体质；“增强表现”没有表达滋养或强身。,2,148
2863346,滋養強壮,30683,1,f209e1370t1,gloss,minor,营养增强,增强营养,nutritional enhancement 对应增强营养，不是抽象的“营养增强”。,2,148
1907490,返答に詰まる,30685,0,f87e718t0,gloss,major,回答支吾,答不上来,返答に詰まる及英文 at a loss for a reply 表示一时答不出；“回答支吾”误示为含混敷衍地回答。,2,148
1037680,カップ・ケーキ,30724,1,f4e685t1,gloss,major,仙女蛋糕,英式小蛋糕,fairy cake 是英式小蛋糕的名称，不是含有仙女的蛋糕；旧译按 fairy 字面误译。,2,148
1314580,似た者,30775,1,f28e1256t1,example,major,夫妻相。,夫妻往往性情相似。,日文谚语说夫妻相似；英文 Jack and Jill 泛指般配的一对，不表示外貌相似；“夫妻相”误指夫妻长相相似。,2,149
1454660,徳利,30848,1,f42e289t1,gloss,major,清酒瓶,德利：一种细长窄口的陶瓷、金属或玻璃瓶，可盛装清酒、酱油或米醋。,英文明确说该瓶也可装酱油或米醋；“清酒瓶”过度限缩用途，且漏掉细长窄口及材质信息。,2,149
1438530,天下無双,30884,0,f40e1286t0,gloss,critical,合法,无与伦比,peerless 意为无与伦比；现译“合法”与日语「天下無双」及英文释义完全无关。,2,149
1438530,天下無双,30884,1,f40e1286t1,gloss,critical,命运攸关,无与伦比,unequaled 意为无与伦比；现译“命运攸关”错译。,2,149
1438530,天下無双,30884,2,f40e1286t2,gloss,critical,决定性（如战争）,无与伦比,unequalled 意为无与伦比；现译“决定性（如战争）”错译。,2,149
1438530,天下無双,30884,3,f40e1286t3,xref,critical,今天的比赛是决定胜负的关键之战。,无与伦比；无可匹敌；举世无双,xref 的英文 peerless/unequalled/unequaled 均指无与伦比；现译整句比赛例句与引用释义无关。,2,149
1247410,訓示,30957,3,f22e435t3,example,minor,机长为了接受气象训示，前往气象室。,机长前往气象室接受气象简报。,weather briefing 是气象简报/简要通报；“气象训示”不自然且误作训导。,2,149
1686510,種火,30960,0,f67e258t0,gloss,major,引火火苗,常明火（引火用小火焰）,pilot light 是持续点燃、用于点火的常明小火焰；“引火火苗”表达不清且搭配生硬。,2,149
2835988,女ったらし,30965,4,f183e1370t4,gloss,minor,花花公子,情场高手,lady-killer 指善于吸引女性的男性/情场高手；“花花公子”只表示挥霍享乐的富家公子或浪荡子。,2,149
1529270,民謡,30993,1,f49e364t1,gloss,major,流行歌曲,民歌,日语「民謡」指民间歌曲；这里 popular song 指民间流行歌曲，不是现代商业流行歌，旧译会误导为 pop music。,2,149
1575950,一家言,31001,0,f53e1741t0,gloss,major,个人意见,独到见解,一家言是基于个人独特见识形成的见解；“个人意见”漏掉独到、自成一家的限定。,2,149
1575950,一家言,31001,1,f53e1741t1,gloss,major,个人观点,独到见解,personal view 在「一家言」语境指个人独到见解；“个人观点”没有体现该固定词的见地深度。,2,149
1575950,一家言,31001,2,f53e1741t2,gloss,major,个人见解,独到见解,一家言并非泛泛的个人意见，而是有个人独到见地的主张/见解。,2,149
1197640,画廊,31019,1,f17e763t1,gloss,minor,图画馆,画廊,picture gallery 指陈列绘画作品的画廊；“图画馆”不是自然的中文机构名称。,2,150
2598280,に影響されて,31024,1,f151e1231t1,gloss,major,受……影响,因……而作出反应,in response to 表示因……作出回应，不等同于单纯“受到影响”。,2,150
2598280,に影響されて,31024,2,f151e1231t2,gloss,major,受……影响,在……之后；随着……,in the wake of 表示在……之后/随着……发生；原译笼统作受影响，丢失先后关系。,2,150
2598280,に影響されて,31024,3,f151e1231t3,gloss,major,受……影响,由……触发,triggered by 表示由某事触发；原译“受……影响”没有译出触发关系。,2,150
2598280,に影響されて,31024,4,f151e1231t4,gloss,major,受……影响,在……之后；继……之后,following 在此表示在某事件之后；原译“受……影响”没有保留时间顺序。,2,150
1213240,漢方薬,31029,0,f18e1903t0,gloss,minor,汉药,汉方药,汉方薬是日本传统汉方药物；“汉药”在现代中文中不自然且易误解为汉族药物。,2,150
1401630,総身,31055,1,f37e364t1,example,major,大个子全身，脑子转不过来。,大个子脑袋不灵光。,日语谚语和英文都说大个子可能脑子不灵；旧译“大个子全身”残句且没有表达笑谈的意思。,2,150
1429080,調印,31058,2,f39e1616t2,gloss,major,封印,盖章；用印,调印在正式文件上指签署/盖章；sealing 此处指加盖印章，不是封闭或封缄文件的“封印”。,2,150
2274300,怒涛の勢い,31072,3,f123e1151t3,example,minor,他的晋升之势如怒涛般迅猛。,他的事业发展势头迅猛。,英文和日文都说他的事业迅猛发展；中文“晋升之势”擅自把事业发展限定成职位晋升。,2,150
1801720,戦中,31082,1,f78e1071t1,example,minor,日本的战时，可以说是在与饥饿的斗争中度过。,可以说，日本在战时一直在与饥饿作斗争。,英文和日文说日本在战争期间不断与饥饿斗争；原译语序生硬，主谓关系不清。,2,150
1357260,植わる,31086,1,f32e1391t1,example,minor,孩子们终于在山的中央发现了苹果树被种植的小果园。,孩子们终于在山中央发现了一座小果园，里面种着苹果树。,日英说果园里种着苹果树；原译用“苹果树被种植”造成不自然的被动句。,2,150
1372920,数え上げる,31101,0,f34e506t0,gloss,minor,数完,逐一数出,数え上げる / count up 表示逐一数出或列举；“数完”只强调完成状态。,2,150
1177510,縁の下,31162,0,f15e858t0,gloss,major,在缘板之下,廊檐下,縁の下指日式房屋缘廊/廊檐之下；“缘板”是木板部件，与 veranda 无关。,2,150
1246410,寓話,31167,1,f22e214t1,gloss,major,寓言,讽喻故事,allegory 是用象征表达寓意的讽喻故事；与寓言有交集但不是单纯的寓言义。,2,150
1495310,不良少年,31216,0,f46e57t0,gloss,major,少年不良少年,不良少年,juvenile delinquent 是不良少年；原译“少年不良少年”重复且不通顺。,2,150
1094860,ハーモニカ,31253,1,f8e1098t1,gloss,major,口风琴,口琴,mouth organ 是 harmonica（口琴）的同义词，不是键盘式乐器口风琴。,2,150
1949270,燻す,31281,0,f90e1813t0,gloss,minor,熏烟,熏（某物）,to smoke something 表示用烟熏某物；“熏烟”是名词式搭配，未自然表达及物动作。,2,150
2751770,失踪者,31431,1,f166e1126t1,gloss,major,逃犯,离家出走者,失踪者可指离家出走者；runaway 在此是逃离/离家出走的人，不是犯罪逃犯，旧译误加犯罪义。,2,151
1674130,馬券,31446,2,f65e1826t2,example,minor,在赛马中中了1万马券，赚得盆满钵满。,在赛马中中了1万日元，开心极了。,日文万馬券を当ててウハウハ描述中了高额马券后很开心；原译把万馬券误当作‘1万马券’，且‘赚得盆满钵满’过度夸大，英文明确为中了1万日元、欣喜。,2,151
2845577,べーだ,31560,0,f192e1540t0,gloss,major,唉,略略略,べーだ在吐舌挑衅时发出的嘲弄声，紧随 note 与例句都明确是这种用法；‘唉’表达叹息，语气不符。,2,151
2845577,べーだ,31560,3,f192e1540t3,xref,major,唉,略略略,xref 引用同一吐舌嘲弄声的释义，不能译作叹息‘唉’；与日语词头语用一致。,2,151
2865277,ええ加減,31567,5,f211e1060t5,gloss,major,半成品,半生不熟的,该义的英文 half-baked 是敷衍、未成熟/不完善；‘半成品’指尚未完成的产品，误把评价转成实体名词。,2,152
1202660,開口部,31620,0,f17e1834t0,gloss,major,孔径,开口,開口部是建筑或结构上的开口部位，aperture 在此为孔口/开口；‘孔径’指孔的直径，概念不同。,2,152
1867470,感謝の印,31622,0,f84e1539t0,gloss,minor,感谢的标志,答谢礼物,感謝の印是表示谢意的礼物或表示；token of appreciation 在此指答谢之物，‘感谢的标志’容易被理解成标识。,2,152
2842952,伍,31739,0,f190e818t0,gloss,major,公司,伍（军队编制单位）,词条标注 counter、military，伍作为军事编制/计数词不能译成商业公司；保留‘伍’并标明军队单位义。,2,152
1564960,卐,31772,1,f52e1358t1,gloss,major,fylfot（十字形符号）,卐字形符号,fylfot 是十字臂弯折的卐字形符号名称，原译残留英文，未提供中文释义。,2,152
1564960,卐,31772,2,f52e1358t2,gloss,major,gammadion（十字形符号）,卐字形符号,gammadion 指古代卐字形符号，原译残留英文，未提供中文释义。,2,152
1401730,総統,31817,1,f37e397t1,gloss,major,独裁者,大元帅,generalissimo 指最高级别的将军/最高统帅，不等于独裁者；该义旧译错了人物身份。,2,152
2232420,モノホン,31838,3,f119e215t3,note,major,“本物”的反语,“本物”倒过来读,注释说明モノホン是本物倒读而成；‘反语’表示反讽/反话，并非把词倒过来读。,2,153
1924100,ダボ,31923,0,f88e1083t0,gloss,major,双柏吉,双柏忌,ダボ是高尔夫 double bogey，中文术语为‘双柏忌’；‘双柏吉’是错误音译。,2,153
1924100,ダボ,31923,1,f88e1083t1,xref,major,双柏吉,双柏忌,xref 引用 double bogey 的高尔夫术语，原译‘双柏吉’误写，应与词条义一致为‘双柏忌’。,2,153
2202580,目の覚めるよう,31931,5,f115e1671t5,example,major,打者伊佐敷是令人眼前一亮的二垒打。,打者一郎打出了一记令人眼前一亮的二垒安打。,日文与英文均为 Ichiro，旧译误写成‘伊佐敷’，改变了人名；其余句意是打出精彩的二垒安打。,2,153
1226580,黍,32062,0,f20e610t0,gloss,major,（普通）粟（Panicum miliaceum）,黍（Panicum miliaceum）,日文キビ及英文明确限定为 proso/common millet（Panicum miliaceum），中文对应‘黍’；‘粟’通常指谷子/狗尾草类，物种不符。,2,153
1226580,黍,32062,1,f20e610t1,gloss,major,普罗索粟,黍,proso millet 是黍（Panicum miliaceum），旧译‘普罗索粟’是对英文的生硬音译，未给出规范中文名。,2,153
2854916,ご愛顧,32105,4,f201e1216t4,example,major,感谢贵店长期以来对本店的厚爱。,感谢您长期以来对本店的惠顾。,日文与英文都表达顾客长期惠顾本店；旧译‘感谢贵店’把受惠顾的顾客错作另一家店，改变了说话对象。,2,153
1305570,仕立て屋,32206,1,f27e1548t1,gloss,major,服装设计师,女装裁缝,仕立て屋是制作、缝制衣服的人；dressmaker 指女装裁缝，不是负责设计服装的‘服装设计师’。,2,154
2833798,ＯＰ,32281,0,f181e1146t0,gloss,major,片头曲,片头字幕,opening credits 指片头字幕/演职员表，不是片头曲；后者是音乐主题曲。,2,154
2833798,ＯＰ,32281,1,f181e1146t1,gloss,major,片头曲,片头片段,title sequence 指片头的标题序列/片段，不是片头曲；原译把画面段落误作歌曲。,2,154
2833798,ＯＰ,32281,3,f181e1146t3,gloss,minor,主题曲（在电视节目等片头曲中播放的）,主题曲（电视剧等片头播放的歌曲）,该义是电视节目等片头播放的主题歌曲；旧译括注‘片头曲中播放’循环且语义不清，改为直接说明片头播放的歌曲。,2,154
1782670,観音開き,32295,0,f76e1334t0,gloss,minor,对开式（门）,（从中间向两侧开启的）双扇门,double doors opening from the centre 指两扇门从中间向两侧开启；‘对开式（门）’虽可猜出但漏掉双扇门这一具体对象。,2,154
1782670,観音開き,32295,2,f76e1334t2,gloss,major,对开式（鱼、鸡等）,（鱼、鸡等）从中间剖开后向两侧摊开的处理方法,食物义是把鱼、鸡等从中间切开并向两侧展开的处理法；原译只说‘对开式’，像门窗样式，未译出动作。,2,154
1733040,鵤,32342,0,f71e1229t0,gloss,major,日本大朱雀（Eophona personata）,黑头蜡嘴雀（Eophona personata）,Eophona personata 的中文规范种名是黑头蜡嘴雀；原译‘日本大朱雀’是对英文 Japanese Grosbeak 的错误直译。参考中国观鸟名录及生物多样性平台：https://www.chinabirdnet.org/document/china_bird_list_jun2010.pdf https://wiki.biodiversity.cern.ac.cn/index.php/黑头蜡嘴雀,2,154
1532510,明星,32501,2,f49e912t2,xref,major,维纳斯（行星）,金星,xref 明确是行星 Venus；汉语行星名为‘金星’，‘维纳斯’是罗马神名，括注行星也无法纠正其错名。,2,155
1170930,韻,32640,3,f14e1559t3,gloss,major,霜,韵部,韵律学中的 rime 指韵部/韵母一类的语音单位，不是天气现象‘霜’；英文明确是 linguistic sense。,2,155
2848870,メス豚,32670,1,f195e1600t1,gloss,minor,猪,母猪,sow 专指成年母猪；‘猪’丢失了明确的性别限定。,2,156
1720870,親書,32679,1,f70e1075t1,gloss,major,亲笔信,私人信件,personal message 指私人/个人信件，并不必然是亲笔手写；手写义已由同词条后续 sense 单列。,2,156
1230340,給油,32716,3,f20e1223t3,gloss,major,加油,上油,机器 sense 中 oiling 是给机器加油/润滑，不能译成汽车加燃油义的‘加油’；同 sense 前项也明确为 lubricating。,2,156
1050150,コストパフォーマンス,32720,0,f5e591t0,gloss,major,成本绩效,性价比,コストパフォーマンス是成本与性能的比较，即性价比；‘成本绩效’是生硬直译且不能表达该概念。,2,156
1656900,酒精,32758,1,f64e320t1,gloss,major,蒸馏酒,乙醇,spirits of wine 是乙醇（酒精），不是供饮用的蒸馏酒；同词条首义也注明乙基酒精。,2,156
1573380,躊躇い,30,2,f53e1165t2,example,minor,我不愿意花那么多钱买一套西装。,我不太愿意花那么多钱买一套西装。,日文表达对花这么多钱买西装有所犹豫，原译‘不愿意’说得过于坚决。,3,1
1236680,恐れ入る,42,9,f21e406t9,example,major,（对方）迅速而准确地应对，令人敬畏。,如此迅速而准确的应对，真令人佩服。,畏れ入ります在此是对迅速、准确应对表示佩服，原译‘令人敬畏’语气和对象均不当。,3,1
1595940,図々しい,51,5,f57e406t5,gloss,minor,胆大妄为,厚脸皮的,図々しい的 cheeky 是厚脸皮、冒失无礼，‘胆大妄为’强调鲁莽违法，程度和含义偏离。,3,1
1382100,税金,81,2,f35e390t2,example,minor,新税被征收在葡萄酒上。,葡萄酒被征收了新税。,原句把税征收在葡萄酒‘上’，中文搭配生硬；日文和英文均指对葡萄酒征收新税。,3,1
1223990,耀かしい,97,6,f20e109t6,example,minor,该军团在战斗中从事了许多辉煌的作战。,该部队在战斗中实施了多次出色的作战行动。,日文的輝かしい作戦和英文 brilliant actions 指出色的作战行动，原译‘从事作战’搭配不自然且‘军团’不必要地具体化。,3,1
1189300,何物,104,1,f16e1319t1,example,major,比起任何事物，我都想变得健康。,最重要的是，我想身体健康。,何ものにもまして表示‘胜过一切/最重要的是’，原译‘比起任何事物’造成不通顺且遗漏了比较级重点。,3,1
1614080,巻き添え,164,4,f60e325t4,gloss,major,波及,受牵连者,巻き添え作名词指被连带卷入的人或事，by-blow也指附带受害者；‘波及’只表示影响扩散。,3,2
1984930,良き,176,1,f93e1947t1,example,minor,我们把他尊为良师益友。,我们尊敬他，把他当作一位好前辈。,日文仅说尊敬他为好前辈，英文也是 good senior；原译凭空加出‘良师益友’。,3,2
1512710,弁,222,13,f47e1379t13,info,major,律令制下大判官的部门，负责监督中央和地方的官府,律令制下太政官的部门，负责监督中央和地方官署,英文明确是律令制下 daijokan 的部门，daijokan 应译太政官；‘大判官’误作官职名称，原句另有‘官府’搭配不清。,3,2
1609880,親しみ,258,3,f59e1336t3,example,minor,宠物给我们带来了超越亲近的东西。,宠物带给我们的不只是亲近感。,原译‘超越亲近的东西’中文不通顺；日文指亲近之情以上的东西，改为自然表达并保留其语义。,3,2
1281780,行ったり来たり,271,1,f25e896t1,gloss,minor,反复,来来回回,行ったり来たり表示往返移动，‘反复’只表示重复、没有来去方向。,3,2
2855835,婆,276,3,f202e936t3,gloss,minor,老妪,讨厌的老太婆,old bag 是带贬义的老女人称呼，‘老妪’偏中性书面，遗漏了词条标注的贬义。,3,2
1212590,感付く,292,6,f18e1766t6,example,minor,要是跟你在一起，他肯定会察觉到的。,要是跟你在一起，他肯定会起疑心。,英文 smell a rat 明确带有觉得有蹊跷、起疑心的意思，原译‘察觉到’遗漏了这一限定。,3,2
2425440,縁がある,294,1,f136e270t1,gloss,minor,被命运联系,命运将彼此相连,be linked by fate 是被命运联系在一起，原译‘被命运联系’缺少自然的汉语搭配和关系宾语。,3,2
1888880,先生方,297,3,f86e360t3,example,major,这个房间被医生们使用着。,这个房间供老师们使用。,该例句英文明确是 teachers，日文尊称先生方也适用于教师；原译误选‘医生’义。,3,3
1298300,策略,299,6,f26e1956t6,example,minor,他因策略而被赶出了职位。,他被人用计赶下了台。,英文 maneuvered out of office 及日文 策略で追い出された 都表示用计谋使其离职，原译‘因策略而被赶出了职位’搭配生硬。,3,3
1593360,粉々,303,1,f56e1454t1,example,major,花瓶碎成了粉末。,花瓶碎成了碎片。,粉々是碎成许多小块，英文也说 fragments；‘粉末’是粉状物，错译了碎裂结果。,3,3
1207840,割り切れる,307,4,f18e856t4,gloss,major,令人满意,想得通,此义通常用于否定，指心理上能否接受、想通；原译‘令人满意’把‘感到满足’误成使人满意。,3,3
1207840,割り切れる,307,5,f18e856t5,gloss,minor,令人信服,确信,割り切れる用于此义表示能理解并接受、信服，原译‘令人信服’把感受者和使动对象倒置。,3,3
1551460,立ち並ぶ,310,4,f51e666t4,example,minor,那条街上并排站立的树木，在春天会开出美丽的花。,那条街两旁成排的树，春天会开出美丽的花。,树木沿街成排是原意；原译‘并排站立的树木’将树拟人化，中文搭配不自然。,3,3
2056900,しおらしい,337,0,f101e365t0,gloss,minor,温柔的,温顺的,该例中 しおらしい 对应 meek，指顺从、柔顺；‘温柔’不表达此处的 meekness。,3,3
1601810,ヒゲ,377,3,f58e706t3,gloss,major,鬓发,颊须,英文 whiskers 指面颊处的胡须，原译‘鬓发’指头发而非胡须。,3,3
1601810,ヒゲ,377,6,f58e706t6,note,major,在严谨用法中，髭指髭，鬚指胡须，髯指鬓发,在严谨用法中，髭指上唇胡须，鬚指胡须，髯指面颊上的胡须,英文括注明确区分 moustache、beard 和 cheek whiskers；原译把髯解释为鬓发，部位错误。,3,3
1430960,直行,401,3,f39e1946t3,example,major,我们直接去了镇上。,我们走了一条直达镇上的路。,英文 took a direct road 说走了一条直达的路，日文也说直行到镇上；原译变成直接去了镇上，漏掉道路。,3,3
2211960,歴,418,4,f116e1513t4,example,minor,不知为何总不顺遂，眼下屡战屡败，过着“没有女朋友的经历＝自己的年龄”这样寂寞的生活。,不知为何总不顺遂，眼下屡战屡败，过着“没有女朋友的年数等于自己的年龄”这样寂寞的生活。,彼女いない歴＝自分の年齢是没有女朋友的年数等于年龄，原译把 suffix 历误作‘经历’，使等式含义不清。,3,3
1495710,付きまとう,448,3,f46e128t3,example,major,那件事似乎有什么东西在跟着。,那起事故透着几分神秘。,日文 事故に何かなぞめいたものがつきまとっている 和英文均指事故本身有神秘之处，原译误按字面写成有东西跟着事故。,3,3
1371670,水色,474,2,f34e270t2,gloss,minor,水色,水蓝色,色名 aqua 在中文通常译作水蓝色，原译‘水色’是日语汉字直搬，不是自然中文色名。,3,4
2010800,撃ち抜く,481,2,f96e1417t2,example,major,那名男子击碎了自己的脑。,那名男子朝自己的头部开枪。,英文 blow out one's brains 表示朝自己头部开枪，日文也说击穿自己的脑部；原译‘击碎自己的脑’不合中文表达。,3,4
1429330,調和,524,4,f39e1647t4,example,minor,他们之间弥漫起一种和谐的精神。,他们之间洋溢着和谐的气氛。,日文说和谐的精神在他们之间扩展，英文说和谐存在于他们之间；原译‘弥漫起一种和谐的精神’搭配不自然。,3,4
1440990,転がり込む,543,7,f40e1724t7,example,minor,相信意外会有一笔巨额财富从天而降，这是毫无根据的事。,相信会有一笔意外的巨额财富落到自己头上，这是痴心妄想。,英文 castle in Spain 指不切实际的幻想，日文也说这种想法毫无根据；原译泛化成‘毫无根据的事’，未传出幻想语气。,3,4
1494120,不当,552,2,f45e1877t2,gloss,major,非法,不正当的,不当的 wrongful 可指不正当、不公允，并不必然违法；‘非法’把含义限定为违反法律。,3,4
1610010,縋る,560,5,f59e1353t5,example,minor,我依赖他的亲切。,我依靠他的善意。,日文的親切在此指 kindness，英文也明确是 kindness；原译‘亲切’是态度温和，未表达善意。,3,4
1538280,薬品,601,2,f50e24t2,example,major,请不要让这种药品暴露在阳光下。,请不要让这种化学品暴露在阳光下。,英文原句称 chemical，且词条另列化学药剂义；此处‘药品’受日语漢字误导，误把化学品缩成药物。,3,4
1010610,ひょいと,610,2,f2e295t2,example,minor,鸟把头突然浸入水中。,鸟把头轻巧地探入水中。,ひょいと在该动作中表示轻巧、迅速地探入，原译‘突然浸入’遗漏动作的灵巧轻快感。,3,4
1218120,企てる,642,6,f19e829t6,example,minor,今天正是他们企图脱逃的凶日。,今天正是他们企图逃脱的决定性日子。,JA says this is their fateful day to attempt escape; 原译‘凶日’变成不吉利的日子，不符合 fatal day 在该语境的关键、决定命运之意。,3,5
1372930,数え切れない,654,2,f34e508t2,example,minor,天空中出现了数不尽的星星。,天空中的星星数不胜数。,英文说天上的星星多到数不清，日文说天上有数不尽的星星；原译无根据地加了‘出现’。,3,5
1211260,喚く,663,5,f18e1572t5,example,major,有些搬运工在笑和叫喊。,有些司机一边笑一边大喊。,JA 明确是運転手、英文也是 drivers，原译误成‘搬运工’。,3,5
1206060,覚ます,678,4,f18e422t4,gloss,major,使清醒,纠正（某人的错误认识）,disabuse someone of 表示纠正某人的错误想法，原译‘使清醒’与 bring to one's senses 义重复且不具体。,3,5
1206060,覚ます,678,7,f18e422t7,gloss,major,使冷静,使兴致减弱,本义是打消兴致、使扫兴，原译‘使冷静’是错误义。,3,5
1206060,覚ます,678,8,f18e422t8,gloss,major,使冷静,使人扫兴,throw a damper on something 是给某事泼冷水、扫兴，原译‘使冷静’错误。,3,5
1206060,覚ます,678,9,f18e422t9,gloss,major,使冷静,破坏兴致,spoil 在此指破坏气氛或兴致，原译‘使冷静’错误。,3,5
1206060,覚ます,678,10,f18e422t10,xref,major,② 使冷静；使冷静；使冷静,② 使兴致减弱；使人扫兴；破坏兴致,该交叉引用复现 sense 4 的三项错误译法，按英文 gloss 修正为打消兴致义。,3,5
2117920,昨日の今日,706,2,f107e246t2,example,minor,“昨天到今天……那个……生殖器还疼吗？”“还有点刺痛……”,“才刚过一天……那个……生殖器还疼吗？”“还有点刺痛……”,昨日の今日表示事情才刚发生不久，日文紧接着询问疼痛；原译‘昨天到今天’按字面表达，未传出间隔很短的含义。,3,5
1312410,試行錯誤,730,1,f28e790t1,example,minor,奏效的解决方案正是试错的结果。,我们通过反复试错，才找到了可行的解决办法。,英文和日文均说找到奏效的办法是试错过程的结果，原译‘奏效的解决方案正是试错的结果’因果表达生硬。,3,5
1012600,もたもた,733,2,f2e723t2,gloss,major,迟到了,迟缓地,tardily 表示迟缓、拖延地做事，不是迟到；‘迟到了’错置词性和含义。,3,5
1362270,新入生,741,3,f33e370t3,example,minor,新生走进了教室。,一名新生走进了教室。,此处 new student 是新入学的学生；补明量词后避免‘新生’被误读为新生命，同时保留日文未限定身份的意思。,3,5
1359790,信憑性,769,2,f32e1844t2,example,minor,正因如此，关于作者的可靠性，是依据资料的可靠性而来的。,因此，这本书作者的可信度取决于其资料来源的可信度。,英文和日文均指作者的可信度取决于资料来源的可信度，原译‘关于作者的可靠性，是依据资料的可靠性而来的’句法含义不清。,3,5
1633840,如き,786,3,f61e1819t3,example,major,那份演示文稿流畅得如同行云流水，令人叹为观止。,您的发言流畅得如同行云流水，真令人佩服。,日文称赞的是对方说话如行云流水，presentation 在此是演讲/发言，不是幻灯片‘演示文稿’。,3,6
1244800,駆け足,790,1,f21e1912t1,gloss,major,正步,跑步前进,double time 是跑步前进的步伐或速度，‘正步’是另一种齐步行进方式。,3,6
1151820,悪質,852,4,f12e1721t4,example,minor,应该吊销恶劣驾驶员的驾照。,驾驶行为恶劣的人应该被吊销驾照。,英文指 bad drivers，日文指悪質なドライバー；原译‘恶劣驾驶员’搭配生硬，明确说驾驶行为恶劣更自然。,3,6
1219970,幾つか,860,0,f19e1162t0,gloss,minor,（一）些,少数；一些,英文括号表示冠词变体，不应逐字搬成‘（一）些’；该义应给出自然中文数量表达。,3,6
1219970,幾つか,860,2,f19e1162t2,gloss,minor,数,几个；数个,several 是若干、几个，原译‘数’缺少量词，不能独立表达该释义。,3,6
1462920,二倍,903,2,f43e306t2,gloss,major,双重,两倍,twofold 作为数量倍数是两倍，‘双重’通常指双重性质或结构，词义不当。,3,6
1523340,翻す,907,9,f48e1258t9,example,major,工会成员们挥舞着反旗。,工会成员们群情激愤。,日文反旗を翻す和英文 up in arms 都表示激烈反抗、愤怒抗议，原译‘挥舞着反旗’按字面理解日语惯用语。,3,6
2841197,死ぬ気で,930,3,f188e1558t3,gloss,major,绝望地,豁出去地,死ぬ気で表示抱着豁出去的决心全力做，英文 desperately 也不是绝望情绪；原译‘绝望地’混淆了 desperate 的不同义项。,3,6
1328960,趣,951,0,f30e123t0,gloss,major,意趣,含义,趣的 meaning/gist 是含义、意旨；意趣通常指情趣或旨趣，语义不符。,3,7
1205800,確固,1015,3,f18e382t3,example,minor,每一家公司都有坚固的事业计划。,每家公司都有明确的经营计划。,firm business plan 指稳妥明确的经营计划；“坚固的事业计划”把 firm 误作物理坚硬且中文搭配不通。,3,7
1357040,譲渡,1042,1,f32e1336t1,gloss,major,委托,转让（权利等）,譲渡是把财产或权利转给他人；assignment 在此义为权利转让，不是委托。,3,7
1050700,コマ,1068,2,f5e673t2,gloss,major,像散,彗差（彗形像差）,彗星彗发之外的 comatic aberration 是光学像差彗差，不是像散。,3,7
2846984,フラッシュ,1118,0,f194e85t0,gloss,major,同花顺（扑克牌型）,同花（扑克牌型）,flush 是五张同花色牌；同花顺是 straight flush，多了顺子的限定。,3,7
2846984,フラッシュ,1118,1,f194e85t1,gloss,major,同花顺,同花,flush 是同花；同花顺是 straight flush，多了顺子的限定。,3,7
1580510,情緒,1148,2,f54e1085t2,example,major,与那种情感与行动的分离相比，破局性的结果反而还算好。,与这种情感和行动相分离的状态相比，灾难性的结果反而还好一些。,JA明确是“与这种情感和行动的分离相比，破局性结果还算好”；“破局性”不表达 disaster，且原译比较关系含混。,3,8
1311740,肢体,1154,3,f28e600t3,example,minor,她凭借妩媚的身姿获得了男性的人气。,她凭借妩媚的身姿，深受男性欢迎。,JA说她以艳丽肢体赢得男性人气，汉语“获得男性的人气”搭配不当。,3,8
2518100,弾き飛ばす,1214,1,f144e194t1,gloss,major,弹开,甩掉（某人）,to give someone the flick 是口语“甩掉/打发某人”，不是把某物弹开。,3,8
1312860,賜る,1263,4,f28e853t4,example,minor,虽然我是个学识浅薄、能力不足的人，但还是想恳请诸位多多赐力，在此郑重请求各位。,我虽学识浅薄、能力不足，但仍想尽己所能为大家效劳，因此在此恳请诸位鼎力相助。,日文谦逊地请求大家出力相助；“赐力”不符合汉语习惯，且原译“郑重请求各位”漏掉恳请协助的内容。,3,8
1178390,遠目,1282,3,f15e1012t3,gloss,major,远视视力好,远距离视力良好,本义是能看远、远距离视力好；“远视”在中文专指屈光问题，易与sense 3 farsightedness混淆。,3,9
2863158,ピーク,1289,0,f209e1024t0,gloss,critical,峰值,偷看；窥视,此独立条目的英文是 peek（偷看），中文“峰值”来自混淆 peak，义项完全错误。,3,9
1613260,意気込み,1291,2,f60e130t2,example,major,哎呀。即使是体育授课……如果不以真剑决斗的意志去面对，到了真正实战的时候就没有用了。,哎呀，即使只是体育课……如果不认真对待，到了真正比赛时也派不上用场。,日文强调以认真比赛的态度对待体育课；旧译凭空写成真剑决斗，且句义不自然，英文明确指认真参加体育课、否则正式比赛无益。,3,9
1344030,書斎,1326,1,f31e834t1,gloss,major,图书馆,书房,書斎是家中的书房/study，不是公共图书馆；源词头与例句都限定为书房。,3,9
2844786,ばあ,1385,0,f192e186t0,gloss,major,嘘！（如“捉迷藏”中的“嘘！”）,哇！（躲猫猫时突然现身的惊呼）,ばあ是躲猫猫时突然现身的惊呼，不是表示安静的“嘘”。,3,9
1634340,断り,1397,3,f61e1919t3,example,major,她未经任何通知就开走了我的车。,她未经允许就开走了我的车。,何の断りもなしに表示未征得允许/未打招呼；“未经通知”误成没有发通知。,3,9
1454410,銅鑼,1438,1,f42e237t1,gloss,minor,小锣,铜锣,tam-tam 指一种铜锣/锣类乐器，“小锣”添加源义没有的尺寸限定。,3,9
1550620,裏返し,1448,0,f51e505t0,gloss,major,里外,里朝外翻,裏返し作副词表示内外翻转，伞被风吹得反面朝外；“里外”单独作中文释义不通。,3,10
1550620,裏返し,1448,2,f51e505t2,example,major,在来这里的路途中，风太大，我的伞被吹成了里外。,来这里的路上风太大，我的伞被吹得翻了过来。,日本例句与英文均为强风把伞吹翻（inside out），旧译“吹成了里外”不成句。,3,10
1029390,ＮＧ,1470,4,f3e1441t4,gloss,major,废片,NG镜头；未采用片段,outtake 是未采用/剪掉的拍摄片段，不是废片；对应NG语境应是NG镜头。,3,10
1084430,トゥ,1487,1,f7e1568t1,gloss,major,球杆头,（球杆头的）趾部,英语限定为球杆的 toe，是杆头趾部这一部位，不是整个球杆头。,3,10
1423130,着席,1529,1,f39e564t1,gloss,minor,入座,就座,着席是就座；“入座”通常也通，但此处词条和礼貌例句均用“请就座”最准确。,3,10
1423130,着席,1529,2,f39e564t2,example,minor,请大家请坐。,请各位就座。,日文是礼貌地请大家就座；旧译重复“请”且语序不通。,3,10
1496520,夫妻,1649,0,f46e359t0,gloss,critical,丈夫,夫妻,夫妻是husband and wife/married couple；单译“丈夫”漏掉妻子，语义明显不全。,3,11
1403890,側近,1659,1,f37e866t1,gloss,major,近亲,亲密伙伴,close associate 指亲近的伙伴/同僚；近亲是血缘关系，词义错误。,3,11
1000640,いかす,1699,4,f1e109t4,example,major,因为你真的很帅啊。,因为你真的很酷啊。,日文イカしてる是“很酷/很时髦”，结合英文sweet and lovely也不是男性外貌“帅”。,3,11
1065410,ジャック,1708,1,f6e844t1,gloss,major,小丑牌,杰克牌（J牌）,knave 是扑克牌中的J（jack），不是joker小丑牌。,3,11
2008170,これまでに,1728,2,f96e927t2,example,major,今天异常寒冷。,今天是有史以来最冷的一天。,これまでになく表示前所未有地冷；旧译“异常寒冷”遗漏了与以往相比最冷的最高级限定。,3,11
1514420,歩道,1738,3,f47e1754t3,gloss,major,路面,人行道,此处英式英语 pavement 指人行道，不是一般路面。,3,11
1609860,塩辛い,1741,2,f59e1330t2,example,major,这条盐渍鲣鱼太咸了。,这份盐渍鲣鱼内脏对我来说太咸了。,原文和英文都明确指鲣鱼内脏制成的盐辛，旧译误说成整条鲣鱼。,3,11
1194870,花瓶,1771,1,f17e215t1,example,major,花瓶碎成了粉末。,花瓶碎成了碎片。,JA的粉々与英文into fragments均为碎成碎片，不是磨成粉末。,3,12
1825730,思わせ振り,1804,4,f80e1648t4,example,major,那个女人故意装出意味深长的样子。,那个女人很会故作暧昧。,思わせぶりをする在此指故意做出暧昧、撩人的举止，旧译直译成“意味深长的样子”没有传达语用义。,3,12
1088450,ドライ,1817,6,f8e149t6,example,major,他不懂冷笑话。,他不懂冷幽默。,dry sense of humor 指冷幽默，不是冷笑话（具体的一则笑话）；日本例句同样指幽默风格。,3,12
1233320,京,1863,5,f20e1868t5,gloss,critical,十万亿,一京,京为10^16，英文ten quadrillion也是10^16；“十万亿”仅10^13，少了三位数量级。,3,12
2115570,それはどうかな,1887,2,f106e1779t2,gloss,major,遗言,这话说得太早,famous last words 是讽刺性回嘴，指某人过早下断言；中文“遗言”是字面临终话，完全不对应该语用义。,3,12
1257940,検出,1917,1,f23e594t1,gloss,major,传感器,感测；探测,sense在此作动词“感知/探测”（例如传感器的动作），不是名词sensor“传感器”。,3,12
2184070,スリー,1929,1,f113e1703t1,gloss,major,三周回环,转3（滑冰步法）,three-turn是花样滑冰的基础转体步法，并非旋转三周；中国花样滑冰协会团体标准将术语定为“转3”。,3,12
1139000,ラス,2066,0,f11e1691t0,gloss,critical,轮盘赌,木板条（抹灰基层用）,ラス在此借自lath，是建筑抹灰用的木板条；“轮盘赌”与英语和日语词头都无关。,3,13
1035440,オムライス,1968,0,f4e329t0,gloss,minor,欧姆蛋包饭,蛋包饭,オムライス是omelette包炒饭的日本料理，中文通用名为蛋包饭；“欧姆”是没有必要的音译增字。,3,13
1841740,白濁,2107,2,f82e957t2,gloss,major,浑浊,角膜云翳,医学义的nebula特指角膜云翳（浅层角膜混浊），普通“浑浊”遗漏了专业病变概念。,3,14
1067920,スキップ,2112,0,f6e1208t0,gloss,major,单脚跳,交替蹦跳（左右脚轮流跳跃）,原释义明确指左右脚交替跳跃的skip步态，不是单脚跳；相邻hop和jump例句也分别列出不同动作。,3,14
1067920,スキップ,2112,1,f6e1208t1,example,minor,“来，像我一样跳、单脚跳、蹦跳吧。”小白兔说。,“来，像我一样单脚跳、蹦跳、跳跃吧。”小白兔说。,"Hop, Skip, Jump依次是单脚跳、交替蹦跳、跳跃；旧译把首尾动作次序对调。",3,14
1190030,加害者,2204,0,f16e1450t0,gloss,major,肇事者,加害者,perpetrator泛指加害者/作恶者；“肇事者”过度限定为引发事故者，并与后面的事故责任方义项重叠。,3,14
1572900,謳歌,2213,5,f53e1073t5,gloss,minor,颂歌,赞颂,singing praises是动词性释义，中文“颂歌”是名词，宜改为动词“赞颂”。,3,14
1388330,先入観,2269,0,f35e1643t0,gloss,major,先入,先入之见,先入観/preconception指先入之见；单写“先入”不成义。,3,14
1388330,先入観,2269,1,f35e1643t1,gloss,major,先入,先入之见,preconceived notion是先入之见，不是截断的“先入”。,3,14
1388330,先入観,2269,3,f35e1643t3,example,major,那种做法叫作“先入观”！没有亲身体验过就妄下结论，是不好的！,那就叫“先入之见”！没有亲身体验过就妄下结论，是不对的！,JA说的是先入観；“先入观”不是标准中文词，先入之见准确表达未体验便定论的偏见。,3,14
1436110,底なし,2278,0,f40e849t0,gloss,critical,帝庙,无底的,底なし是bottomless；“帝庙”与词义无关。,3,14
1436110,底なし,2278,1,f40e849t1,gloss,critical,帝命,深不见底,endlessly deep指深不见底；“帝命”与词义无关。,3,14
1436110,底なし,2278,2,f40e849t2,gloss,critical,帝陵,无穷无尽,infinite指无穷无尽；“帝陵”与词义无关。,3,14
2842603,ぶた,2322,1,f190e158t1,xref,major,花札（传统赌博游戏）,日本传统纸牌赌博游戏（おいちょかぶ）,xref明确指おいちょかぶ这项传统赌博游戏；花札是纸牌种类/另一游戏，不是该游戏名称。,3,15
1392650,前科,2347,4,f36e606t4,example,major,独裁政权因侵犯人权的前科而受到谴责。,独裁政权因其侵犯人权的记录而受到抨击。,human rights record在此指侵犯人权的记录，英文没有前科/犯罪定罪义；JA亦只说人权侵害受到批评。,3,15
1397100,粗末,2413,7,f36e1282t7,example,major,别把工具用得这么粗糙。,别粗心地使用这些工具。,粗末に使う指不爱惜、不小心地使用；“粗糙地使用”描述工具操作不精细，语义不符。,3,15
1861530,縁がない,2439,3,f84e741t3,example,major,那个女孩在没有金钱缘分的条件下长大，结婚后却成了挥霍者。,那个女孩从小家境贫寒，结婚后却成了挥霍者。,お金に縁がなく育った表示从小没有钱/家境贫寒，不是与金钱没有缘分。,3,15
1221050,機転,2450,1,f19e1366t1,gloss,minor,圆滑,得体,tact指处事得体、顾及分寸；中文“圆滑”常带有投机世故的贬义色彩。,3,16
1017240,アドレス,2490,1,f2e1484t1,example,minor,请去这个地址的地方。,请送我到这个地址。,日文请求对方去指定地址，中文“去这个地址的地方”重复且不自然。,3,16
1550590,裏付ける,2517,4,f51e501t4,example,major,支持我意见的证物有很多。,我有很多证据可以支持我的观点。,日文証拠和英文evidence均指支持观点的证据；“证物”特指实物证据，且日文明确说有很多。,3,16
1215170,鑑みる,2531,5,f19e236t5,example,critical,考虑到他的能力，我们不能指望他成功。,鉴于他缺乏能力，我们不能指望他成功。,日文能力に鑑みて和英文lack of abilities均指考虑其能力不足；旧译漏掉否定限定，反成“考虑到他的能力”。,3,16
1686900,用済み,2539,3,f67e326t3,example,major,那个女人已经完成了她的使命。,那个女人已经没有利用价值了。,用済み指已经用完、派不上用场；“完成了她的使命”额外增添正面使命义并遮掉原文冷酷的“已无用处”。,3,16
1491370,不可,2649,3,f45e1456t3,gloss,major,不可理喻,无法辩解的,unjustifiable指没有正当理由、无法辩解，不是“不可理喻”（不讲道理）。,3,17
1491370,不可,2649,5,f45e1456t5,example,major,那处于既非可也非不可的状态。,那既算不上好，也算不上坏。,日文可でもなく不可でもなし与英文neither good nor bad均是好坏两端都不属；旧译以可/不可直译成不自然的状态描述。,3,17
1156630,意志表示,2657,0,f13e758t0,gloss,major,表达感情,表达意愿,词头意志表示是表示意愿/意图，中文“表达感情”误把意志理解为情绪。,3,17
2767760,気になれない,2667,4,f168e197t4,example,major,不想说闲话。,我不想开玩笑。,冗談を言う是开玩笑；“说闲话”指闲聊/说别人坏话，义项不同。,3,17
1784800,制限時間,2701,0,f76e1843t0,gloss,minor,限时,时限,制限時間是time limit，名词应译为时限/时间限制；“限时”多作限时活动等修饰语。,3,17
1303770,産業,2709,1,f27e1135t1,example,minor,日本是一个产业国。,日本是一个工业国。,産業国在此对应industrial country，简体中文惯用“工业国”；“产业国”是日语式直译。,3,17
1587620,厭厭,2735,3,f55e1315t3,example,minor,有些士兵对那道命令不情愿地服从了。,有些士兵不情愿地服从了命令。,源句是士兵不情愿但仍服从命令；旧译“对命令不情愿地服从”搭配生硬。,3,17
1379590,生理的,2796,5,f34e1763t5,example,major,我对孩子和婴儿本能地感到棘手。,我天生不擅长和小孩、婴儿相处。,JA的子供や赤ちゃんは苦手和英文bad with children均指不擅长与儿童相处；“感到棘手”误作孩子带来麻烦。,3,18
1535080,目がない,2824,1,f49e1429t1,gloss,major,对……有弱点,对……没有抵抗力,目がない的固定义“having a weakness for”是对某物毫无抵抗力/特别喜爱，不是对它有缺点。,3,18
1512010,編集者,2835,1,f47e1269t1,example,critical,兼官,这本杂志的编辑兼出版商受到了一些读者的批评。,英文和日文都说明杂志的编辑兼出版方受部分读者批评；“兼官”不表达句义。,3,18
1411130,貸し出す,2838,1,f38e245t1,gloss,major,贷款,出借,貸し出す是借出/出借物品；“贷款”特指借出货币。图书馆例句明确是借书。,3,18
1292590,再建,2862,2,f26e1041t2,gloss,minor,康复,那座城堡于1485年被彻底烧毁，此后没有重建。,JA说城堡在1485年全烧，中文“全烧”搭配错误，且应表达此后未重建。,3,18
1529670,無遠慮,2869,1,f49e438t1,gloss,major,无礼,直言不讳,无遠慮可指不顾顾忌、直率坦白；outspoken译“无礼”丢失其直接坦率义。,3,18
1197210,画策,2894,5,f17e658t5,example,major,我认为，过分看重策划那场阴谋的人，正是他们想要的结果。,我认为，过分高估那场阴谋的策划者，恰恰正中他们下怀。,英文和日文均指高估策划者正是他们希望发生的事；旧译误将人作为“看重”的宾语并把they想要的thing译成结果。,3,18
1653720,酔い痴れる,2898,0,f63e1705t0,gloss,minor,醉态,喝得神志不清,to be befuddled with drink表示因饮酒而迷糊，名词“醉态”无法对应释义结构。,3,18
1660820,粗相,2935,0,f64e1016t0,gloss,major,粗相,疏忽,粗相在此对应carelessness，是疏忽/粗心失误；中文“粗相”不是该义的常用表达。,3,18
1660820,粗相,2935,1,f64e1016t1,gloss,major,粗相,疏忽造成的错误,careless mistake是疏忽造成的错误，旧译“粗相”不可理解。,3,18
1660820,粗相,2935,2,f64e1016t2,gloss,major,粗相,失误,blunder指失误/差错，不能译成不自然的“粗相”。,3,18
1089070,ドリル,2938,1,f8e250t1,gloss,major,钻,电钻,此处drill是电动钻孔工具，不是动作“钻”；相邻drill bit已准确译为钻头。,3,18
1089070,ドリル,2938,3,f8e250t3,gloss,critical,钻（白颊卷尾猴）,鬼狒（白颊卷尾猴）,英语drill在学名Mandrillus leucophaeus这一动物义是鬼狒，不是钻；中国官方物种名录以“鬼狒”对应该学名。,3,18
1550560,裏表,2941,6,f51e497t6,example,major,你做的事里有两面性。,你这人表里不一。,JA裏表がある与英文two-faced指人表里不一；旧译“做的事里有两面性”误移为行为具有两个方面。,3,18
1449790,統治,2972,2,f41e1528t2,gloss,major,政府,治理,统治的 government 指统治、治理这一行为或权力，不是政府这一机构；日文词头与其他义项均为rule/reign。,3,19
1811710,串刺し,2990,0,f79e846t0,gloss,minor,串烤,穿串,本义 skewering 是把食物串起来的动作；串烤额外加入了烤制方式，原英文和词头均未限定烹调。,3,19
1574420,飄々,3010,17,f53e1350t17,example,major,总觉得好像被飘飘然地敷衍过去了。,总觉得好像被轻描淡写地搪塞过去了。,例句中的飄々とはぐらかされる是被人轻巧地岔开话题、搪塞过去，旧译飘飘然误解词义；日文未指明主语身份。,3,19
1544210,よそ者,3023,0,f50e1196t0,gloss,major,外人,陌生人,该义及例句日文よそ者、英文stranger都指外来陌生人；外人容易被理解成外国人，范围不符。,3,19
2134840,幼少期,3065,0,f108e1830t0,gloss,minor,（幼儿）期,幼年时期,幼少期指早年、幼年时期，幼儿期把范围限缩为婴幼儿阶段，且括号中的早字未能自然表达。,3,19
1400160,早とちり,3076,0,f36e1979t0,gloss,minor,草率结论,贸然作出错误判断,英文释义明确包含wrong conclusion，原译草率结论遗漏错误判断这一核心含义。,3,19
2826515,今更ながら,3079,0,f174e1072t0,gloss,minor,虽然已是深夜,虽然事到如今,今更ながら在此表示迟至如今、事到如今才……，不是虽然已是深夜；原译把late误作夜深。,3,19
1212600,感服,3092,1,f18e1769t1,gloss,major,印象深刻,深感钦佩,感服表示对某人或某事由衷佩服；印象深刻描述留下的印象，未译出钦佩这一态度。,3,19
1429540,超能力,3134,4,f39e1674t4,gloss,major,超心理运动,意念致动,psychokinesis 是以意念使物体移动等现象，中文常称意念致动或念力；超心理运动是生硬误译，可能误导成心理运动。,3,20
1214520,緩慢,3167,5,f19e97t5,example,major,计算机虽然缓慢，但引起了巨大的变化。,计算机引起了巨大变化，尽管这一变化是渐进的。,日文「たとえ緩慢にせよ大きな変化」表示变化即使缓慢也是巨大的，旧译把缓慢错误地修饰计算机。,3,20
1684160,暗殺者,3255,1,f66e1807t1,example,major,"马丁·路德·金·小（Martin Luther King, Jr.）因凶手的凶弹而丧命。","马丁·路德·金（Martin Luther King, Jr.）这位和平人士死于暗杀者的枪击。",原译把 Jr. 生硬置于姓名之后写成“金·小”，且凶手的凶弹不合中文；日文明确说暗杀者的子弹致其丧命。,3,20
2255260,ツンと,3294,7,f121e1126t7,gloss,minor,酸涩地,呛鼻地,这里的英文 acridly 承接气味的刺激性，中文酸涩通常形容味道或触感，不能准确表达刺鼻、呛人的气味。,3,21
1850230,気張る,3338,0,f83e772t0,gloss,major,屏气（如搬重物时）,绷紧核心肌群（如搬重物时）,英语说明是搬重物时绷紧核心、用力顶住；屏气仅指停止呼吸，不等于brace one's core。,3,21
1071190,ストライク,3368,0,f6e1706t0,gloss,critical,投球（如棒球、保龄球中的投球）,好球（棒球）；全中（保龄球）,棒球和保龄球中的strike分别指好球和一投击倒全部球瓶的全中，原译误作普通投球且把两个项目混为一义。,3,21
1886710,末永く,3389,2,f86e98t2,gloss,major,多年以后,今后多年,for many years to come 指从现在起延续多年的未来时段；多年以后表示多年之后某个时间点，时间关系不同。,3,21
1397810,阻害,3391,6,f36e1434t6,example,major,那会损害他的性格。,这有违他的性格。,日文与英文都表示此事与他的性格相悖，旧译“损害他的性格”误成对性格造成损伤。,3,21
1605140,申し込み,3399,0,f58e1920t0,gloss,minor,申请书,申请,application 指申请这一行为，日文申し込み也指申请、报名；申请书特指书面文件，原文没有限定载体。,3,21
2610980,どや顔,3411,1,f152e1736t1,gloss,minor,凯旋的表情,得意洋洋的神情,triumphant look 是洋洋得意、胜利自满的神情，不是凯旋这一动作或事件本身的表情。,3,21
1556570,例年,3455,0,f51e1600t0,gloss,major,平均年,往年（通常年份）,例年在此指通常的一年、往常年份；“平均年”是生硬直译，不能自然表达这一含义。,3,21
1587360,一望,3458,2,f55e1217t2,gloss,minor,视野开阔,视野无遮挡,unbroken view 表示视线或景观没有遮挡，原译“视野开阔”只表示范围宽，未表达无遮挡。,3,22
2401840,手を汚す,3582,1,f133e1434t1,example,major,我只是不想弄脏自己的手。,我可不想做那种弄脏自己双手的事。,手を汚す在此与英语get one's hands dirty一致，是参与不光彩或棘手之事的惯用表达；旧译只译成字面上的弄脏手。,3,22
1051690,コロッケ,3642,0,f5e809t0,gloss,minor,炸肉饼,可乐饼,日式 croquette 通常以马铃薯等馅料裹粉油炸，原译“炸肉饼”错误地限定为肉饼；中文常用名为可乐饼。,3,23
1478430,伴侶,3650,3,f44e1233t3,example,major,两人是伴侣，三人则不成。,两人作伴，三人不欢。,"英语谚语 Two is company, but three is none 中 company 指作伴，不是恋爱或婚姻伴侣；日文仲間割れ也提示三人会不合。",3,23
1522690,本場,3655,7,f48e1171t7,example,major,日本各地的印度咖喱店的咖喱，果然都是迎合日本人口味，做得比本场的更温和。,日本各地的印度咖喱店为了迎合日本人的口味，做出的咖喱果然比印度正宗的咖喱温和。,本场在这里误把本場按“本场/比赛场地”理解；日语与英语明确是印度正宗、本土的咖喱。,3,23
1208510,渇き,3672,4,f18e976t4,gloss,major,饥饿,渴求,该 sense 属于抽象的craving/thirst，而不是生理饥饿；中文饥饿把比喻义误成了身体缺食。,3,23
2018050,えぐい,3696,4,f97e798t4,example,major,这道锅料理味道很涩。,这道炖菜味道很冲。,日文えぐい与英文acrid描述刺激、辛烈的味道；涩对应astringent（本组另列），旧译混淆了相邻义项。,3,23
1614060,滑り,3738,3,f60e311t3,info,critical,在对手棋子下方，于二线（通常是小目或大目）落子进行滑移,在对手棋子下方，于第二线（通常用小飞或大飞的棋步）落子进行滑移,专业围棋术语 keima/ogeima 分别是小飞/大飞，不是小目/大目；原译把棋步误译成棋盘星位术语。,3,23
1490100,豹変,3756,2,f45e1231t2,example,major,君子会改变。,君子会彻底改变自己的做法。,豹変表示突然、彻底改变；“君子会改变”遗漏该词的程度和变化幅度，未忠实表达日文。,3,23
1259770,見晴らし,3781,1,f23e1002t1,gloss,major,展望,景观,这里的 prospect 是可眺望的景色、视野；展望容易被理解为对未来的预测，与見晴らし的景观义不合。,3,23
1259770,見晴らし,3781,2,f23e1002t2,gloss,major,前景,景色,这里的 outlook 指从某处看到的景色或视野，不是未来前景；词头和例句都限定为眺望景色。,3,23
1228180,及ぼす,3837,3,f20e857t3,gloss,minor,做（如坏事）,伤害（如造成伤害）,及物动词及英文 do harm 明确指造成伤害；旧译“做（如坏事）”泛化为做坏事，未表达具体宾语含义。,3,24
1530910,無名,3869,9,f49e665t9,gloss,major,无法辩解的,毫无正当理由的,unjustifiable 指没有正当理由、不可合理辩解；无名的这一义不是“无法辩解”，而是无从正当化。,3,24
1007800,ちょこちょこ,3930,2,f1e1757t2,example,major,一只老鼠从洞里蹒跚地爬了出来。,一只老鼠从洞里快速地窜了出来。,日文ちょこちょこ表示小步快速移动，英文scurried也是快速窜动；旧译“蹒跚地爬”误成步履不稳且动作迟缓。,3,24
1915110,読み終わる,3972,2,f87e1643t2,example,minor,这本书虽然是一部超过一千页的大部头书，但到下周的今天之前，我会读完。,这本书虽然有一千多页，是部大部头，但到下周这个时候我就能读完了。,by this time next week 指到下周这个时候为止，旧译“到下周的今天之前”把时间点误译成之前，且句子不自然。,3,25
2723090,１１日,4008,1,f163e1701t1,gloss,major,十一日,十一天,该义的英文明确是11 days，表示持续时间，应译为十一天；十一日通常表示日期或日历上的第十一日。,3,25
1627710,一目置く,4032,0,f61e550t0,gloss,major,脱帽,佩服某人,take one's hat off to a person 是“佩服某人”的惯用表达；旧译“脱帽”只保留字面动作，未译出其敬佩之意。,3,25
1260450,やるせない,4065,2,f23e1131t2,gloss,major,绝望的,悲伤难以排解的,disconsolate 指悲伤且难以安慰、排遣，不等于绝望；原译“绝望的”改成了对未来毫无希望的判断。,3,25
2118650,何気に,4104,2,f107e426t2,example,major,你不知不觉地听了一会儿。,你刚才漫不经心地听着呢。,日文何気に与英文without thinking表示无意、随意地听；不知不觉表示未察觉，混淆了未注意与未用心。,3,25
1854680,賭する,4151,0,f83e1779t0,gloss,major,赌注,拿……作赌注,to stake 是及物动词，指拿某物冒险或作赌注；旧译“赌注”是名词，词性与句法不符。,3,26
1854680,賭する,4151,3,f83e1779t3,gloss,major,赌注,下赌注,to wager 是下注、下赌注的动作；旧译“赌注”仍为名词，未译出动词义。,3,26
1008360,刑事,4154,0,f1e1874t0,gloss,major,（警察）侦探,（警察）刑警,日语デカ及英文police detective明确是警察侦查人员；中文“侦探”通常指私人侦探，身份类别不准。,3,26
2207590,仕事ぶり,4235,1,f116e677t1,gloss,minor,工作状况,工作作风,one's working manner 指工作方式、工作作风，不是工作状况（工作状态）；日文工作ぶり也指工作表现方式。,3,26
1450190,踏み切る,4239,9,f41e1597t9,gloss,major,退场,踩出土俵,相扑语境的踏み切る是踩出土俵、出界，退场泛指离场，遗漏了违规出界的具体动作。,3,26
1668800,帰り支度,4260,0,f65e858t0,gloss,minor,归来的准备,返程准备,帰り支度是为回去、返程而做的准备；“归来的准备”会理解为准备迎接别人归来。,3,26
2791230,との事,4283,5,f170e884t5,example,major,听说您就任董事，恭喜您。,听说您就任专务董事，恭喜您。,日文専務取締役及英文Senior Managing Director指高级管理董事职务；旧译“董事”省略了专务这一职级。,3,26
1614070,巻き起こす,4301,0,f60e314t0,gloss,major,引发（某种氛围）,引发（轰动）,a sensation 指引起轰动或强烈反响，不是一般的氛围；日文巻き起こす及英文create也表示造成轰动。,3,27
1899490,慣れ親しむ,4318,2,f86e1726t2,example,major,抛弃至今为止已经习惯了的生活动作，真是件非常困难的事。,抛弃至今熟悉并喜爱的生活习惯，真是件非常困难的事。,日文生活習慣与英文way of life都是生活习惯或生活方式；旧译“生活动作”不通且误译了习惯。,3,27
2184820,思考回路,4320,1,f113e1843t1,gloss,minor,思维链,思路,train of thought 指思路、思绪的脉络；“思维链”是生硬直译，且容易被理解为专门的推理链概念。,3,27
1546820,要点,4341,2,f50e1762t2,example,major,他试图阐明要点。,他试图让对方理解这一要点。,日文明确说他试图让别人理解要点；旧译受英文句式影响而误作阐明要点，漏掉“使对方理解”的对象关系。,3,27
1591380,希薄,4353,1,f56e790t1,gloss,major,微弱的（液体）,稀薄的（液体）,weak 描述液体时指稀、浓度低；微弱通常修饰声音、力量等，不能自然修饰液体。,3,27
1010500,犇々,4407,0,f2e275t0,gloss,minor,尖锐地（感到）,强烈地感到,acutely felt 表示强烈、深切地感受到；尖锐地通常描述声音、问题或批评，不适合修饰感受。,3,27
1261080,元来,4469,6,f23e1278t6,example,critical,足球原本是指像马球那样骑马进行的竞技，与用脚和球进行的竞技不同。,足球最初指用脚踢球的比赛，与马球等骑马比赛不同。,日文及英文都对比用脚踢球与骑马进行的马球；旧译颠倒了两种比赛的关系，称骑马项目为足球。,3,28
1164780,一丁,4477,0,f14e261t0,gloss,major,一册（日本式装订的书）,一叶（日本式装订书册中的一叶）,英文明确为one leaf，是书叶/一页，不是整册；原译“一册”把计数对象扩大。,3,28
1573590,辟易,4488,2,f53e1208t2,gloss,major,无聊,感到厌烦,to be bored with 表示对某事感到厌烦；“无聊”通常描述事物乏味或无事可做，词性和语义不对应。,3,28
1307380,四方八方,4497,5,f27e1856t5,example,major,传闻传得沸沸扬扬。,传闻传遍了各地。,日文与英文都表示传闻广泛传播；沸沸扬扬表示议论喧闹，未表达传播范围。,3,28
1557950,暦,4514,0,f51e1876t0,gloss,minor,历,日历,calendar 在此指记录日期的日历，中文“历”单独使用通常不能自然表示日历这一物件。,3,28
1939610,睡眠時間,4613,2,f90e26t2,example,major,要是能有十分钟睡眠时间就好了。,要是能有充足的睡眠时间就好了。,日文十分读作じゅうぶん，表示充足；十分钟应读じゅっぷん，旧译把数量误作时长。,3,29
1982250,どこのどいつ,4662,0,f93e1480t0,gloss,major,不知从何处,到底是谁,who on earth 是强调“究竟是谁”，不表示“不知从何处”；日文どこのどいつ也指究竟是哪个人。,3,29
1982250,どこのどいつ,4662,1,f93e1480t1,gloss,major,不知从何处,究竟是谁,just exactly who 询问/强调人物身份，原译“不知从何处”把who错译成地点。,3,29
1982250,どこのどいつ,4662,2,f93e1480t2,gloss,major,不知从何处,到底是谁,who the heck 指究竟是谁，原译“不知从何处”把人物疑问错译成地点疑问。,3,29
2841584,借りを返す,4667,4,f189e218t4,example,major,记着点。总有一天我会让你偿还这笔债的。,记着，总有一天我会跟你算这笔账。,英文get even with you及日文借りを返してやる都表示报复、算账；旧译容易被理解为偿还实际债务。,3,29
1210750,勘定,4697,7,f18e1410t7,gloss,major,核对,账单,check 与 bill、payment 并列，在此是美式英语餐馆账单的意思；“核对”把名词误成动作，支票也不符合结账语境。,3,29
1237700,狭める,4749,0,f21e627t0,gloss,major,变窄,使变窄,日文标签标注为及物动词，to narrow 表示使某物变窄；变窄描述自行变窄，词性不符。,3,29
2859361,身体的,4754,1,f205e1707t1,gloss,major,生理的,身体的,bodily 指身体方面的；生理的对应physiological，范围更窄且涉及生理机能，不能代替bodily。,3,29
1148760,ワイヤ,4783,0,f12e1092t0,gloss,minor,线,金属丝,wire 指金属制的细丝或线，中文泛称“线”会涵盖棉线等非金属材料，未表达该物质特征。,3,29
1148760,ワイヤ,4783,1,f12e1092t1,example,minor,操纵人偶靠线移动。,操纵人偶靠钢丝移动。,日文ワイヤー及英文wires指金属丝，原译“线”遗漏材质；此处用钢丝操纵人偶。,3,29
1415030,大砲,4800,0,f38e921t0,gloss,major,（大型）枪,（大型）火炮,日文大砲及例句cannon都指大型火炮；“枪”在中文通常指手持枪械，类型不符。,3,30
1985490,ぐるみ,4816,1,f94e67t1,gloss,minor,-范围（例如公司范围）,覆盖整个范围的（如全公司范围）,后缀-wide 表示覆盖整个组织或范围；“-范围”不成自然中文，也未表达覆盖全体的含义。,3,30
1228960,急変,4889,5,f20e977t5,example,major,警报声通知了突发事故。,警笛发出了紧急警报。,英文siren sounded an emergency与日文サイレンが知らせる都是警笛发出紧急警报；旧译“通知了突发事故”生硬且把emergency误作事故。,3,30
1421440,地平線,4927,2,f39e266t2,xref,major,地平线（与水体相关）,海平线（与水体相关）,该交叉引用是水体上方的horizon，中文专称海平线；地平线指陆地或地面方向的地平线。,3,30
2476040,若気る,4971,0,f140e1533t0,gloss,major,娇弱,举止女性化,effeminate 指举止或气质女性化，“娇弱”只表示身体或性格柔弱，未表达性别气质。,3,31
2476040,若気る,4971,1,f140e1533t1,gloss,major,娇生惯养,纨绔子弟,fop 指讲究衣着、举止浮夸的男子，旧译“娇生惯养”描述成长方式，不是该词义。,3,31
1114250,ブリッジ,4985,1,f10e56t1,example,major,禁止乘客上桥。,禁止乘客进入驾驶台。,日文是船客不得进入船舶的ブリッジ（驾驶台），不是乘客不得上桥。,3,31
1114250,ブリッジ,4985,8,f10e56t8,example,major,请安装临时桥。,你需要安装临时牙桥。,该义标为牙科，bridge 是牙桥/固定桥；“临时桥”遗漏了牙科对象。,3,31
2463740,おん,5007,2,f139e1506t2,note,minor,源自“拜”（はらい）,源自“拝み”（祈拜）,拝み读作おがみ，意为祈拜；旧译括注はらい读音错误。,3,31
1225600,疑心暗鬼,5038,0,f20e436t0,gloss,major,疑心疑鬼,疑心生暗鬼,谚语 gloss 的固定中文对应是“疑心生暗鬼”，旧译“疑心疑鬼”误写且不成语。,3,31
1225600,疑心暗鬼,5038,1,f20e436t1,gloss,major,疑心疑鬼，疑心疑鬼,一旦心生怀疑，看什么都可疑,该 gloss 解释怀疑使周遭一切显得可疑，旧译重复了“疑心疑鬼”而遗漏解释义。,3,31
1225600,疑心暗鬼,5038,2,f20e436t2,gloss,major,疑心疑鬼,疑神疑鬼；杯弓蛇影,jumping at shadows 是因疑惧而对无害事物惊慌，中文应表达疑神疑鬼/杯弓蛇影，旧译不是规范说法。,3,31
1225600,疑心暗鬼,5038,4,f20e436t4,xref,minor,疑心疑鬼,疑心生暗鬼,xref 引用“suspicion begets monsters”这一谚语，应采用其中文惯用表达。,3,31
1354510,上流,5042,3,f32e739t3,example,major,我在桥上方看到了船。,我在桥的上游看见一艘船。,日文上流表示桥的上游，旧译“桥上方”误作空间高度。,3,31
1353870,上段,5089,5,f32e662t5,gloss,minor,上等级,较高等级,upper grade 表示较高的等级，“上等级”不是自然的中文表达。,3,31
1229590,汲み取る,5097,8,f20e1077t8,example,minor,读书需要领会其意趣。,读书需要领会其主旨。,日文趣旨指主旨/要旨，旧译“意趣”表示趣味、意味，词义不合。,3,31
1518550,無しで,5129,1,f48e496t1,example,minor,但我们没有他继续进行了。,但我们没有他也继续进行了。,日文彼なしで表示没有他仍继续，旧译中文语序不通且未清晰表达“仍然”。,3,31
1419630,断罪,5210,4,f38e1954t4,gloss,major,处决,斩首,decapitation 明确指斩首，旧译“处决”范围更广，漏掉了断头这一限定。,3,32
2135190,朝一番,5224,1,f108e1917t1,example,minor,别忘了早上第一件事就把这封信寄出去。,别忘了一早就把这封信寄出去。,朝一番で表示一早、第一时间；旧译“早上第一件事”生硬且误把固定时段短语当成一件具体事情。,3,32
2256440,相手が悪い,5244,3,f121e1362t3,example,major,对手可真够厉害的。,他这回可挑错了对手。,英文及日文表达的是挑了个过于强劲的对手，旧译“对手可真够厉害”反而像在称赞对手。,3,32
1634640,図体,5264,4,f61e1985t4,example,major,虽然体格魁梧，看起来像是打架很厉害，但实际上其实是个欺软怕硬的人。,他不过是块头大，看着像很能打架，但实际上大概不擅长打架。,日文只说他实际打架不强，旧译凭空增加“欺软怕硬”的性格判断。,3,32
1601430,控え室,5289,0,f58e545t0,gloss,major,候补室,等候室,waiting room 是等候室/候场室，“候补室”指候补人员所在的房间，词义错误。,3,32
1612590,淀む,5313,8,f59e1957t8,gloss,minor,拖延,延迟,to be delayed 表示受阻或迟延，“拖延”通常指主动拖着不办，主体施事关系不符。,3,32
1291340,差異,5321,2,f26e838t2,gloss,major,缺口,差距,gap 在此指事物之间的差异或差距，不是物理缺口。,3,33
1625270,銀髪,5325,3,f61e119t3,example,major,他留着一头蓬松的银发。,他留着一头浓密、笔直的银发。,日文ふさふさとしたまっすぐな及英文 straight hair 均说头发浓密且笔直，原译“蓬松”误作毛发蓬乱。,3,33
1177650,縁談,5358,0,f15e895t0,gloss,major,婚约,提亲；婚事提议,縁談指提亲或婚事提议，旧译“婚约”是已经成立的婚姻约定，阶段和含义不同。,3,33
1177650,縁談,5358,1,f15e895t1,gloss,minor,婚约洽谈,商谈婚事,marriage talks 是商谈婚事，旧译“婚约洽谈”把洽谈对象误作已成立的婚约。,3,33
1136600,ユーザー,5377,1,f11e1351t1,example,minor,纯粹地说，Mixi用户所说的“怪人”到底是什么样的人，我始终不太明白。,我只是一直不太明白，Mixi用户口中的“怪人”究竟是什么样的人。,日文純粋に在此是“只是/单纯地”，旧译“纯粹地说”中文不通且容易被理解为纯粹说话。,3,33
1227450,仇同士,5388,1,f20e756t1,example,major,彼此是仇敌。,他们彼此是死敌。,example 中文栏误留日文“彼此是仇敌”，按日文及英文应给出完整中文句子。,3,33
2239560,数段,5441,1,f119e1771t1,gloss,minor,（好、高等）许多,（更好、更高等）许多,much better/higher 指程度上高出许多，旧译“（好、高等）许多”搭配不通。,3,33
1004320,こう言う,5474,3,f1e1036t3,example,minor,注意这些检查点，好吗？,最好留意这类要点。,日文说最好注意这类检查要点，旧译“检查点”生硬且“好吗”不合原句语气。,3,33
1499070,舞い込む,5494,0,f46e833t0,gloss,major,舞い込む,飘舞着进入（如树叶、雪、花朵等）,英文释义明确说飘舞着进入，旧译直接残留日文词头，完全未译。,3,34
1499070,舞い込む,5494,1,f46e833t1,gloss,major,舞い込む,翩然进入,come dancing in 描写轻盈地进入，旧译仍是未翻译的日文词头。,3,34
1499070,舞い込む,5494,2,f46e833t2,gloss,major,舞い込む,意外到来,drop in unexpectedly 是意外突然到来，旧译未译。,3,34
1499070,舞い込む,5494,3,f46e833t3,gloss,major,舞い込む,意外发生,happen unexpectedly 指意外发生，旧译未译。,3,34
1037590,カッター,5543,2,f4e673t2,gloss,major,盒式切割器,美工刀,box cutter 是美工刀/裁纸刀，不是“盒式切割器”。,3,34
1037590,カッター,5543,4,f4e673t4,xref,major,盒式切割器；美工刀,美工刀；美工刀,xref 两个英文同义项 box cutter 与 utility knife 均指美工刀，原首项“盒式切割器”是直译错误。,3,34
1538490,柳,5562,1,f50e84t1,example,major,柳枝上积雪压折。,柳枝柔韧，雪压不折。,日文谚语明确说柳枝不会因积雪而折断，原译反称雪压折柳枝，意思相反。,3,34
1513850,保身,5599,1,f47e1623t1,example,minor,他看起来像个狡猾的狐狸，把首相的权力用到极致，只为自己的保全。,他看起来像只狡猾的狐狸，充分利用首相的权力来保护自己。,日文保身指保护自身，旧译“自己的保全”搭配生硬；结合上下文应译为利用权力自保。,3,34
1406840,村長,5617,1,f37e1343t1,gloss,major,村市长,村长,village mayor 应译村长，村庄不是“村市”，旧译“村市长”错误。,3,34
1938210,準備運動,5624,2,f89e1743t2,example,minor,从热身运动到腿部练习，进行得毫无阻碍，课程非常顺利。,从热身运动到打腿练习都顺利进行，课程进展十分顺畅。,日文バタ足是游泳打腿动作，旧译泛化成腿部练习，丢失具体项目。,3,34
1166010,一番乗り,5657,0,f14e483t0,gloss,minor,冲锋时的第一骑,冲锋时打头阵的骑兵,first rider in a charge 指率先冲锋的骑兵，旧译“第一骑”不成自然中文。,3,34
1188310,何が何だか,5680,0,f16e1111t0,gloss,minor,什么是什么,究竟是怎么回事,何が何だか是疑惑/混乱表达，直译“什么是什么”不自然；例句也以“怎么回事”表达。,3,35
1188310,何が何だか,5680,1,f16e1111t1,gloss,major,头还是尾,头绪；来龙去脉,heads or tails 出现在搞不清楚事情的固定表达中，指事情的头绪或来龙去脉，不是字面“头还是尾”。,3,35
1626320,端くれ,5692,5,f61e326t5,gloss,major,……徒有虚名,名义上的……,in name only 是名义上的……，不是徒有虚名（名声与实际不符）。,3,35
1626320,端くれ,5692,6,f61e326t6,note,major,作为……的端绪；常指自称,用于“……の端くれ”；常用于自称,端くれ指某类人中的一员/末流，旧译“端绪”误把词尾当成头绪。,3,35
1418250,探り当てる,5702,1,f38e1655t1,example,major,费了那么大劲用铃鼓和太鼓把他找出来，结果他却让人失望了。,千辛万苦找到他，结果他却让人很失望。,日文鉦や太鼓で是夸张地四处搜寻的说法，旧译误把鉦当铃鼓，并将惯用表达硬译成具体乐器。,3,35
1209430,刈り取る,5703,3,f18e1221t3,example,minor,播下的种子必须自己收割。,种什么因，得什么果。,该英语是因果格言，旧译“播下种子必须自己收割”是生硬的字面翻译。,3,35
1571470,茹でる,5719,1,f53e699t1,example,minor,请煮成硬蛋。,请把鸡蛋煮至全熟。,boil the eggs hard 指把鸡蛋煮熟至蛋黄凝固，旧译“硬蛋”不是中文表达。,3,35
1326960,取立てる,5733,0,f29e1734t0,gloss,minor,收取（债务）,催收（债务）,collect debts 是催收/追讨债务，“收取债务”搭配错误。,3,35
1084000,デモ,5738,7,f7e1515t7,xref,major,① 示威；抗议,② （进行）演示；演示；展示,此 xref 位于 demo 的sense 2，却误标为抗议义 sense 1；应引用本义组的演示释义。,3,35
1479520,半人前,5752,2,f44e1377t2,gloss,major,嫩绿的,生手的；不老练的,green 在形容人时意为缺乏经验，“嫩绿的”误取颜色义。,3,35
1296500,在住,5813,3,f26e1656t3,example,minor,加藤先生居住在巴黎，想念留在国内的家人。,加藤先生住在巴黎，想念留在家里的家人。,日文家に残した指留在家里的家人，原译“留在国内”扩大成国家范围。,3,35
1727720,一人っ子,5751,0,f71e361t0,gloss,minor,独生子,独生子女,日文及英文释义为性别中立的独生子女，原译“独生子”限定为男性。,3,35
1614840,扇情的,5864,0,f60e464t0,gloss,major,センセーショナルな,耸人听闻的,现译保留日文片假名，未翻译成中文；sensational 在此可译为耸人听闻。,3,36
1614840,扇情的,5864,1,f60e464t1,gloss,major,煽動の,煽动性的,现译“煽動の”是日语残留，inflammatory 应译为煽动性的。,3,36
1614840,扇情的,5864,2,f60e464t2,gloss,major,火種となる,煽动性的,现译“火种となる”是日语残留，incendiary 指煽动性的言论/内容。,3,36
1207880,割り当てる,5883,7,f18e866t7,example,major,我被分配到了新的部门。,我被分配到了一间新房间。,日文和英文都明确是给我分配新房间，原译“新的部门”错译了部屋。,3,36
2828363,ごん,5886,0,f176e556t0,gloss,major,大蓟,牛蒡,great burdock 是牛蒡（Arctium lappa），不是大蓟；xref 中的拉丁学名也确认物种。,3,36
2828363,ごん,5886,1,f176e556t1,note,major,警察,宫廷女官之间的隐语,该 note 解释宫廷女官的隐语，原译“警察”与英文说明完全不符。,3,36
2828363,ごん,5886,2,f176e556t2,xref,major,大牛蒡（Arctium lappa）；牛蒡,牛蒡（Arctium lappa）；牛蒡,great burdock / gobo 都是牛蒡，原译“大牛蒡”不自然且误把该植物误译成大蓟类名称。,3,36
1560780,浪人,5899,2,f52e641t2,gloss,major,高考落榜后等待再次参加大学入学考试的高毕业生,高考落榜后等待再次参加大学入学考试的高中毕业生,该义指未考入大学而等待再考的高中毕业生，旧译“高毕业生”是残缺词。,3,36
2766730,ほんの僅か,5913,5,f168e11t5,example,critical,这汤稍微有点咸。,这汤只需再加一点盐。,日文明确说汤里盐还不够，英文也说需要一点盐；原译说汤有点咸，意思相反。,3,36
1319160,識別,5919,1,f29e37t1,gloss,major,歧视,辨别,此义的 discrimination 指辨别、区分能力，不是歧视；同条例句谈辨别颜色也确认此义。,3,36
2416640,なるようになる,6006,1,f135e332t1,gloss,minor,事已至此，无可奈何,事情会按其自然进程发展,things happen the way they happen 表达事情自然发展，旧译“事已至此，无可奈何”额外加入已经发生且无能为力的语气。,3,36
2034440,にかけては,6146,2,f98e1804t2,example,minor,他对那项工作是个老练的人。,他做那项工作是老手。,old hand 是经验丰富的老手，原译“是个老练的人”搭配生硬。,3,37
2849629,少しでも,6169,3,f196e1053t3,gloss,minor,无论多少,无论少到什么程度,no matter how little 强调数量再少也如此，旧译“无论多少”没有体现少这一限定。,3,37
1541430,有数,6216,5,f50e597t5,example,minor,这座山是世界数座最高的山之一。,这座山是世界上最高的山峰之一。,among the highest in the world 指世界最高山峰之列，旧译“世界数座最高的山之一”语序不通。,3,38
2835034,物欲しそう,6223,2,f182e1568t2,gloss,minor,饿肚子的,看起来很饿的,hungry-looking 描写看起来饥饿的样子，旧译“饿肚子的”陈述状态，没有表达外观。,3,38
1211570,完膚なきまで,6264,4,f18e1614t4,gloss,minor,彻底地,面目全非地,beyond recognition 表示严重到认不出来，原译“彻底地”遗漏了无法辨认的程度。,3,38
2516450,気の迷い,6288,1,f143e1849t1,gloss,minor,想象之戏,想象造成的错觉,trick of the imagination 指想象导致的错觉，旧译“想象之戏”语义不清且不自然。,3,38
1615350,愚,6304,4,f60e567t4,example,major,不知者福的情况下，知道反而是愚蠢的。,不知是福时，知情反倒成了愚行。,日文及英文均表达无知是福时，知道反成愚事；旧译“不知者福”不是中文表达。,3,38
2512670,飽き足る,6352,0,f143e1116t0,gloss,major,实现,得到满足,to be fulfilled 是得到满足，旧译“实现”把被满足的状态错作主动实现目标。,3,38
2512670,飽き足る,6352,2,f143e1116t2,xref,major,未实现；不满足；（仍然）不满足；留有遗憾,不满足（于）；不满意（于）；（仍然）不满足；还有不足之处,xref 引用的是相反表达，unfulfilled by/unsatisfied with 是对对象不满足或不满意，不是计划未实现。,3,38
1735170,敵陣,6363,2,f71e1573t2,example,minor,大将下达了向敌阵发起进攻的决断。,将军决定向敌阵发动进攻。,日文说将军决定向敌阵进攻，原译“下达了……的决断”搭配生硬。,3,38
1475620,薄着,6373,0,f44e584t0,gloss,minor,薄装,穿着单薄,being lightly dressed 描写穿得单薄，原译“薄装”不符合中文习惯。,3,39
1323210,車道,6386,0,f29e1024t0,gloss,major,路面,车行道,roadway 指供车辆通行的车行道，不是路面表层。,3,39
1323210,車道,6386,2,f29e1024t2,gloss,major,路面,车行道,carriageway 是车行道，旧译“路面”指道路表面，遗漏通行区域含义。,3,39
1559200,蓮,6399,4,f52e176t4,gloss,major,岩玫瑰（Hibiscus syriacus）,木槿（Hibiscus syriacus）,rose of Sharon 的学名 Hibiscus syriacus 对应木槿，岩玫瑰是不同植物。,3,39
2029860,意思疎通,6438,2,f98e851t2,example,minor,在意思沟通不畅的地方，活动也无法顺利进行。,沟通不畅时，活动也会受阻。,日文意思疎通がうまくいかない所では表示沟通不畅时，旧译“意思沟通不畅的地方”不自然。,3,39
1257810,捲る,6447,7,f23e557t7,gloss,major,剥掉,揭开（如毯子）,pull off a blanket 是把毯子揭开/拉开，原译“剥掉”误作剥离表层。,3,39
1257810,捲る,6447,8,f23e557t8,gloss,major,剥掉,掀起（如地板）,pull up floorboards 是把地板板条撬起/掀起，不是剥掉。,3,39
1257810,捲る,6447,9,f23e557t9,gloss,major,剥掉,撕碎,tear up 指撕碎，旧译“剥掉”意义不同。,3,39
1533650,模型,6469,2,f49e1141t2,gloss,major,样图,小型模型,maquette 是小型立体模型/模型小样，不是平面样图。,3,39
2008860,たんまり,6474,1,f96e1051t1,example,minor,赚了一千美元。,赚了足足一千美元。,日文たんまり及英文handsome profit都强调赚得不少，旧译只陈述金额，遗漏了强调。,3,39
1140630,リーチ,6488,0,f11e1919t0,gloss,major,（拳击、网球等）击打,（拳击、网球等的）臂展；击球范围,reach 在拳击、网球中指臂展或可触及的击球范围，不是击打这一动作。,3,39
2043560,昨日今日,6500,1,f99e1819t1,gloss,minor,才不久,最近才,only recently 是最近才，旧译“才不久”语序不自然。,3,39
2043560,昨日今日,6500,2,f99e1819t2,gloss,minor,刚刚,就在最近,just recently 指就在最近，原译“刚刚”通常指刚发生不久，时间范围过窄。,3,39
1847000,物言う,6631,2,f83e14t2,example,major,说话越多，嘴唇越冷；像马鹿一样想说话。,祸从口出，愚人话多。,日文是“物言えば唇寒し、馬鹿ほど言いたがる”的格言，原译直译成嘴唇寒冷且混入日语“马鹿”，无法作为中文理解。,3,40
1280270,甲斐性,6633,4,f25e637t4,example,major,我家丈夫没什么本事。,我丈夫不太能养家糊口。,日文甲斐性がない及英文provider指缺少养家本事，原译“没什么本事”遗漏了家庭供养含义。,3,40
2112440,壊滅的,6662,3,f106e1223t3,example,major,确认了为防止毁灭性灾害而强化全球警戒的重要性。,确认了加强全球预防措施以防止毁灭性损失的重要性。,英文说 prevent devastating losses，日文是防止壊滅的な被害，原译“灾害”错把损失/损害译为灾难事件。,3,40
1025950,ウェーブ,6659,2,f3e816t2,gloss,major,波浪,（头发的）波浪卷,wave in hair 指头发的波浪状卷曲，单写“波浪”容易误解成水波。,3,40
1025950,ウェーブ,6659,3,f3e816t3,gloss,major,波浪,观众人浪,wave by an audience 是观众依次起立形成的人浪，不是水面波浪。,3,40
1025950,ウェーブ,6659,4,f3e816t4,gloss,major,波浪,墨西哥人浪,Mexican wave 指体育观众形成的人浪，原译“波浪”遗漏了观众活动这一具体义。,3,40
1290190,根城,6679,0,f26e619t0,gloss,minor,巢穴,据点,stronghold 指据点/堡垒，旧译“巢穴”带动物或反派藏身处的含义，范围过窄。,3,40
1290190,根城,6679,1,f26e619t1,gloss,minor,巢穴,堡垒,citadel 是堡垒或城堡，旧译“巢穴”不是其准确释义。,3,40
2078910,頑張り屋,6690,4,f103e565t4,gloss,major,吃苦耐劳的人,坚持到底的人,bitter-ender 指无论如何坚持到最后的人，原译“吃苦耐劳”仅描述能吃苦。,3,40
2078910,頑張り屋,6690,5,f103e565t5,example,minor,这件事，连最勤劳的人都会丧失干劲，需要极大的忍耐。,这件事需要极大的耐心，连最勤奋的人都会失去干劲。,日文表示事情艰难到连最努力的人也会失去干劲，原译语序拗口且重复表达。,3,40
1188340,何たる,6607,0,f16e1116t0,gloss,minor,什么（例如“什么无礼”）,何等……（如“何等无礼”）,何たる無礼等感叹语应译作“何等无礼”，旧译“什么无礼”是生硬直译。,3,40
1239370,業火,6738,2,f21e914t2,gloss,major,怒火,熊熊烈火,raging fire 指猛烈燃烧的火，旧译“怒火”会被理解为愤怒。,3,40
1442460,伝令,6773,1,f41e102t1,gloss,minor,派遣命令,传递命令,dispatch of an order 指传送/传达命令，旧译“派遣命令”会被理解为派遣某人的命令。,3,41
1982960,事案,6828,0,f93e1597t0,gloss,major,关切,事项；问题,concern 在事案这一语境中指待处理的事项/问题，不是情绪上的关切。,3,41
2863232,お義母さん,6831,0,f209e1134t0,gloss,major,岳母,配偶的母亲,mother-in-law 未说明说话者性别及配偶性别，旧译“岳母”擅自限定为妻子的母亲。,3,41
1074430,セカンド,6850,6,f7e169t6,gloss,critical,（拳击等）第二回合,（拳击等的）助手,boxing second 是拳手的助手/场边教练，不是“第二回合”；同组其他释义也确认助手义。,3,41
1166920,一網打尽,6886,3,f14e628t3,example,major,我一下子逮捕了许多泥棒。,我一下子逮捕了许多小偷。,例句中文残留日语“泥棒”，应译为小偷/盗贼。,3,41
1541560,有難い,6910,3,f50e626t3,gloss,major,被感激的,值得感谢的,appreciated 描述受到认可或值得感谢的事物，旧译“被感激的”语义和中文搭配都不成立。,3,41
1314620,似顔絵,6934,1,f28e1263t1,gloss,major,相似,肖像,likeness 在 portrait 语境指肖像/画像，不是抽象的相似。,3,41
2771880,何としてでも,6936,0,f168e977t0,gloss,minor,无论如何,不惜付出任何代价,no matter what it takes 强调无论要付出什么代价，原译“无论如何”漏掉代价含义。,3,41
1376230,整頓,6949,4,f34e1127t4,example,major,房间完全没有整理。,房间一点也不整洁。,anything but tidy 表示一点也不整洁，原译“完全没有整理”说的是没做整理这一动作。,3,42
1290060,根ほり葉ほり,6951,0,f26e594t0,gloss,minor,好管闲事的,好奇地,inquisitively 是好奇地探问，原译“好管闲事的”是形容词且语义偏向多管闲事。,3,42
1290060,根ほり葉ほり,6951,1,f26e594t1,gloss,minor,爱打听的,探听隐私地,pryingly 描写探听他人隐私的方式，原译“爱打听的”词性不符。,3,42
1290060,根ほり葉ほり,6951,2,f26e594t2,gloss,minor,爱窥探的,爱管闲事地,nosily 作副词形容多管闲事地打探，原译“爱窥探的”词性不符。,3,42
1163550,一触即発,6976,0,f13e1997t0,gloss,major,千钧一发的（触即发）状况,危急（千钧一发）的局面,英文解释是千钧一发的危急情势，原译括注残留不完整的“触即发”片段。,3,42
1848610,薙ぎ払う,6979,0,f83e409t0,gloss,major,割倒,砍倒,薙ぎ払う指横扫砍倒，旧译“割倒”不是自然中文动词。,3,42
1305220,仕送り,7056,3,f27e1450t3,example,major,我每月收到五万日元的汇款。,我每月收到五万日元的生活费。,日文仕送り及英文 allowance 指每月寄来的生活费，原译“汇款”未说明生活供养性质。,3,42
1144070,ルックス,7066,1,f12e397t1,example,critical,不知道为什么，我往往喜欢第三眼的人，不管外表如何。,我常常会喜欢上滑稽搞笑的人，不论他们的外表如何。,日文三枚目指滑稽角色/搞笑的人，现译“第三眼的人”是误读日语惯用语。,3,42
2710920,までも,7163,10,f162e1372t10,gloss,major,即使没有必要……（至少……）,即使不……（至少……）,ないまでも表示‘即使达不到/不做……（至少……）’，并非‘没有必要’；现译误把否定范围变成必要性。,3,43
1153480,宛てる,7200,0,f13e195t0,gloss,minor,邮寄,（把信等）寄给；写给,宛てる是指定收件对象/写给某人；‘邮寄’只说寄送动作，漏掉了地址对象。,3,43
2024920,あざとい,7232,3,f97e1981t3,gloss,minor,厚脸皮,不择手段的,unscrupulous 指不择手段、无所顾忌；‘厚脸皮’是另一种性格含义。,3,43
1156510,意気投合,7244,2,f13e735t2,gloss,major,同情,意气相投,意気投合指彼此投缘、意见意气相合；EN 的 sympathy 在这里是亲和/投契义，不是表示同情。,3,43
2202450,陽動,7252,1,f115e1633t1,gloss,major,迷惑,转移注意力,陽動的 distraction 是吸引/转移对方注意的佯动，‘迷惑’表示使困惑，词义不符。,3,43
2866104,コツン,7269,0,f212e560t0,gloss,minor,砰地,轻轻一声敲击,コツン是轻微、短促的碰撞或敲击声；‘砰地’通常显得响亮、沉重。,3,43
2866104,コツン,7269,1,f212e560t1,gloss,minor,砰地,轻轻一声撞击,コツン对应轻微短促的 thump；现译‘砰地’强度过重。,3,43
2866104,コツン,7269,2,f212e560t2,gloss,minor,砰地,轻轻一声磕碰,klunk 在此拟声词组受日语コツン限定，表示轻微磕碰，不是响亮的‘砰’。,3,43
2866104,コツン,7269,3,f212e560t3,gloss,minor,砰地,轻轻敲一下,rap 是轻敲；‘砰地’没有保留该拟声词的轻短语感。,3,43
1981830,啀み合う,7292,0,f93e1422t0,gloss,major,怒目相视,（互相）龇牙低吼,啀み合う第一义为彼此龇牙、咆哮/低吼；‘怒目相视’只写了对视，漏掉声音和对抗动作。,3,43
1981830,啀み合う,7292,1,f93e1422t1,gloss,major,怒目相视,（彼此）愤怒地咆哮,growl 是发出低吼声，不能译成单纯的‘怒目相视’。,3,43
1822370,隠し味,7318,0,f80e893t0,gloss,minor,调味,能凸显风味的淡雅调味料,隠し味指少量加入、使整体风味更鲜明的隐秘调味；‘调味’没有体现 subtle seasoning that brings out flavor。,3,44
1179960,応接室,7377,0,f15e1344t0,gloss,minor,客厅,会客室,応接室是接待来客的房间，不是泛指家庭客厅；例句中客人在该处等候也印证这一点。,3,44
1179960,応接室,7377,1,f15e1344t1,gloss,minor,客厅,会客室,parlour 在此对应应接待客的応接室；‘客厅’范围过宽。,3,44
1179960,応接室,7377,2,f15e1344t2,gloss,minor,客厅,会客室,parlor 同上，是接待客人的房间。,3,44
1179960,応接室,7377,3,f15e1344t3,example,minor,几位客人正在客厅里等着。,几位客人正在会客室里等着。,JA 明确是応接室，中文应为会客室而非一般起居客厅。,3,44
1179960,応接室,7377,4,f15e1344t4,gloss,minor,接待处,接待室,reception office 是接待来访者的房间；‘接待处’通常指服务柜台/区域，房间义不符。,3,44
1296320,際どい,7403,1,f26e1620t1,gloss,major,险要的,危险的,危險な的常用对应是‘危险的’；‘险要’用于地势或战略位置，不能修饰一般危险情形。,3,44
1296320,際どい,7403,4,f26e1620t4,gloss,major,险要（如比赛）,势均力敌的（如比赛）,close 指比赛胜负接近、势均力敌；‘险要’是地形险峻义。,3,44
1296320,際どい,7403,6,f26e1620t6,example,major,在险要的时刻赶上了末班车。,在千钧一发之际赶上了末班车。,JA 的きわどいところで是差一点错过、在紧要关头；‘险要的时刻’搭配和含义都不当。,3,44
1473980,売却,7458,0,f44e251t0,gloss,minor,卖光,出售变卖,売却是出售、变卖，英语 selling off 不表示把物品全部卖光；‘卖光’无端加入全部售罄。,3,44
1473980,売却,7458,3,f44e251t3,example,minor,为什么要把刚建好的房子卖光呢？,为什么要把刚建好的房子卖掉呢？,JA 仅说出售房子，‘卖光’误加售尽数量含义。,3,44
2527320,火を噴く,7436,2,f145e56t2,gloss,major,扇火,向火里吹气,该义明确是用呼吸吹火；‘扇火’通常是用扇子等扇动，动作方式错。,3,44
1282010,行政,7521,2,f25e933t2,example,minor,该省负责国内事务的行政。,该省主管内政事务。,JA 表示该省主管内政问题；原译‘负责国内事务的行政’结构不通且未表达行政管理动作。,3,45
1448500,盗難,7529,2,f41e1211t2,example,minor,我想报案说丢了东西。,我想报案说东西被偷了。,盗難の届是报告失窃/被盗；‘丢了东西’会理解成遗失，漏掉盗窃。,3,45
1390040,川沿い,7554,2,f35e1967t2,example,minor,那栋大楼建在河边。,那栋大楼沿河而建。,川沿いに建つ是沿着河岸建造；中文‘建在河边’弱化了沿河延伸的意思。,3,45
2008820,嗜む,7629,0,f96e1044t0,gloss,minor,品尝,有……嗜好；喜爱,have a taste for 在此是喜好、嗜好义，不是实际品尝；句子也用たしなむ表示对酒的适度嗜好。,3,45
2008820,嗜む,7629,2,f96e1044t2,gloss,minor,享受,适度享用,たしなむ和 enjoy (in moderation) 均包含适度、不过量的限定，原译遗漏限定。,3,45
1320610,疾風,7640,3,f29e302t3,gloss,major,微风（蒲氏风级）,清劲风（蒲福风级）,Beaufort fresh breeze 指蒲福风级 5 级的清劲风，不是较弱的微风。,3,45
1613650,抑え,7646,0,f60e226t0,gloss,minor,压重（如镇纸）,重物（如镇纸）,weight 在这里指用来压住纸张等的重物；‘压重’不是自然的中文词义表达。,3,45
2725180,扱いやすい,7653,1,f164e116t1,gloss,minor,易于驯服,易于驾驭,tractable 是易于控制、处理的；‘易于驯服’过度局限于驯动物或人的语境。,3,45
1324110,尺,7686,2,f29e1179t2,gloss,major,尺,尺子；直尺,rule 在此与 measure、scale 并列，指测量用直尺；‘尺’只是长度单位，未表达工具义。,3,45
1006960,そよ風,7689,3,f1e1610t3,gloss,minor,西风,和煦微风,zephyr 指轻柔的微风；‘西风’只按词源联想译方向，EN 义及日语词头均未限定风向。,3,45
2250340,ツインテール,7694,1,f121e113t1,gloss,major,发髻,束发辫；双辫子,bunches 在发型义是垂在两侧的辫子；‘发髻’是盘起来的 bun，与 twin tail 不同。,3,46
1546970,陽炎,7712,0,f50e1784t0,gloss,major,热浪,热气造成的空气摇曳,陽炎是地面热气导致的空气折射、摇曳景象；‘热浪’通常指高温天气/热空气波，不是此光学现象。,3,46
1546970,陽炎,7712,1,f50e1784t1,gloss,major,热浪,热气造成的空气摇曳,heat haze 指热气造成的空气折射摇曳，不是高温天气的‘热浪’。,3,46
1546970,陽炎,7712,2,f50e1784t2,gloss,major,热浪闪烁,热气造成的空气摇曳,shimmering of hot air 是热空气造成的视觉摇曳；原译‘热浪闪烁’将现象说成热浪本身闪烁。,3,46
1009300,どれでも,7731,4,f2e55t4,xref,minor,② 嗯；那么；那么,② 好了；那么；来吧,xref 对应另一词义组的 well/now/c'mon；现译重复‘那么’且漏掉劝促语气的 c'mon。,3,46
1195140,苛める,7756,3,f17e264t3,gloss,major,挑毛病,欺负；针对,to pick on someone 是持续针对、欺负某人，不只是挑毛病。,3,46
1535120,目ざとい,7779,2,f49e1436t2,example,minor,他对赚钱的任何机会都眼尖。,他对每个赚钱机会都很敏锐。,日文表示善于察觉赚钱机会；‘机会都眼尖’搭配错误，改为自然表达并保留意思。,3,46
2079060,小部屋,7784,1,f103e602t1,gloss,major,小室,壁橱,closet 指壁橱/衣橱；‘小室’并非该物件。,3,46
2079060,小部屋,7784,5,f103e602t5,example,major,我把外套挂在走廊的小房间里。,我把外套挂在走廊的壁橱里。,English 和 JA 都指 hall closet；‘走廊的小房间’误把储物壁橱当成小房间。,3,46
1930310,一体感,7822,2,f89e184t2,example,minor,我们每个人都内心深处都渴望与他人融为一体。,我们每个人内心深处都渴望与他人融为一体。,现译连续重复‘都’，形成明确语病；改后仍对应JA与EN。,3,46
1536290,也,7824,2,f49e1675t2,example,major,死亡是所有人都会到来的，所有人都会死。,死亡必将降临于所有人，人人皆有一死。,JA 和 EN 都表达人人终有一死；现译‘死亡是所有人都会到来的’句法错误。,3,46
1001360,おっちょこちょい,7863,3,f1e237t3,gloss,major,粗心大意的人,急性子的人,hasty person 指性急、做事匆忙的人；‘粗心大意’对应 careless person，混淆不同释义。,3,46
1007620,ちやほや,7887,5,f1e1731t5,example,minor,这位歌手被过分关注得过头了。,这位歌手受到的追捧实在太过了。,JA 表示歌手被过度吹捧/宠爱；原译‘过分关注得过头’重复表达过度且搭配生硬。,3,47
2530850,開放的,7945,3,f145e769t3,gloss,minor,自由,开明的,描述态度时 liberal 指思想开明、开放；‘自由’是自由状态，不能表达该性格义。,3,47
1128150,マゾ,7955,2,f11e172t2,gloss,major,受虐狂,受虐癖,masochism 指受虐倾向/癖好，‘受虐狂’指有该癖好的人，词性对象错位。,3,47
1128150,マゾ,7955,3,f11e172t3,xref,major,受虐狂,受虐癖,xref 的目标义是 masochism（受虐癖好），不是指人的‘受虐狂’。,3,47
2626920,魅惑的,7973,4,f154e832t4,gloss,major,令人迷惑的,迷人的,beguiling 指迷人、诱人的；‘令人迷惑的’表示使人困惑，误译成 confusing。,3,47
2827595,人目につかない,8041,6,f175e1009t6,gloss,minor,私密,隐秘的,人目につかない与 out-of-sight/inconspicuous 对应，指不引人注意或隐蔽；‘私密’更常指个人隐私。,3,47
1778090,綺麗事,8142,3,f76e244t3,example,major,尽管说高价商品降价之类的好话，到头来不过是缓和针对新消费税的批评的借口罢了。,虽然说要下调高价商品价格之类的漂亮话，归根结底不过是缓和人们对新消费税不满的借口。,綺麗事带有空泛漂亮话、粉饰之意；现译‘好话’呈正面含义，削弱了原文的批评语气。,3,48
1363270,真っ昼間,8152,1,f33e570t1,example,minor,他的大白天被偷了车。,他的车在光天化日之下被偷了。,JA 与 EN 都是车在大白天被偷；现译‘他的大白天被偷了车’语序错误。,3,48
1226040,議会,8191,2,f20e515t2,gloss,major,众议院,国会,diet 在日本政治语境指国会；‘众议院’只指其中一个院，范围过窄。,3,48
1186170,下卑る,8217,2,f16e628t2,note,major,通常用于〜た/て；“卑”为音读,通常用于〜た/て；「卑」为借字（当て字）,ateji 是借字/借用汉字表音，不是日语音读；‘卑为音读’术语含义错误。,3,48
2567230,甘ったれる,8221,4,f148e1214t4,xref,major,① 撒娇；谄媚,① 像被宠坏的孩子那样行事；谄媚,xref 英文第一义为像被宠坏的孩子那样行事，日语也对应甘ったれる；‘撒娇’不是该词头释义。,3,48
2567230,甘ったれる,8221,5,f148e1214t5,gloss,major,依赖并妄断他人的善意,依赖并擅自认为他人会施以好意,presume upon someone's benevolence 是倚仗/擅自依赖他人好意；‘妄断’是武断断定，词义错误。,3,48
1466200,入試,8271,1,f43e842t1,example,minor,入学制度改革和课程改革正在稳步推进，但进展缓慢。,入学考试制度改革和课程改革正在稳步推进，但进展缓慢。,日语明确为入試制度，即入学考试制度；现译省掉考试，缩窄为一般入学制度。,3,49
1427820,貼紙,8274,4,f39e1368t4,example,major,恕不张贴。,禁止张贴广告。,Post No Bills 是禁止张贴海报/广告的告示；‘恕不张贴’变成说话者拒绝张贴，主体和功能都错。,3,49
1028510,Ｓ,8298,9,f3e1310t9,gloss,major,科目,主语,此处为语法术语 subject，中文术语是‘主语’，不是学校课程的‘科目’。,3,49
1028510,Ｓ,8298,10,f3e1310t10,xref,major,subject,主语,xref 的目标释义是语法 subject，应译作‘主语’。,3,49
1722640,物々しい,8306,10,f70e1469t10,gloss,major,庄严的,自命不凡的,pompous 指自命不凡、言行浮夸；‘庄严的’对应 solemn/stately，含义不同。,3,49
1722640,物々しい,8306,13,f70e1469t13,example,major,他总是用那种盛气凌人的口吻说话。,他总是用词如此夸张。,JA 与 EN 均指说话方式浮夸、言辞冠冕堂皇；‘盛气凌人的口吻’错误地改成咄咄逼人。,3,49
1010480,ひかり,8331,1,f2e272t1,info,major,东海道和新干线山阳线的高速列车服务（比“普通”快，比“希望”慢）,东海道新干线和山阳新干线的高速列车服务（比“回声号”快，比“希望号”慢）,こだま与のぞみ在这里是新干线列车服务名；Kodama 不等于‘普通号’，与英文比较对象也应保留为列车名称。,3,49
1010480,ひかり,8331,2,f2e272t2,xref,minor,普通号,回声号,Kodama 是新干线列车服务名称，此处应译其名称而不是漏译或换成普通车。,3,49
1010480,ひかり,8331,3,f2e272t3,xref,minor,Nozomi,希望号,Nozomi 是新干线列车服务名称，应与同组列车名一致译出。,3,49
1290070,根も葉もない,8340,4,f26e596t4,example,minor,相信意外会有一笔巨额财富从天而降，这是毫无根据的事。,相信自己会意外得到一大笔财富，就是毫无根据的妄想。,原句描述相信自己会意外获得巨额财富；现译‘意外会有一笔’结构不通，修正后保留日英含义。,3,49
1320000,失笑,8355,0,f29e196t0,gloss,major,失笑,在不合时宜的时候发笑,该义是 colloquial 的 laugh at an inappropriate time；中文‘失笑’通常表示忍不住笑出声，属假朋友。,3,49
1125300,ポップ,8400,7,f10e1758t7,xref,minor,参见④ push（栈操作）,参见④ 入栈（栈操作）,xref 指栈操作 push，当前残留英文；中文技术表达为入栈。,3,49
1100450,パーク,8405,1,f8e1940t1,example,minor,我们在那晚在路边公园过夜了。,那晚我们在路边公园过夜。,现译连续重复‘在’，属于明确语病；日文与英文均说那晚在路边公园过夜。,3,49
1429780,長椅子,8442,4,f39e1738t4,example,minor,约翰在长椅上趴了很久。,约翰在沙发上舒展身体躺着。,长椅上寝そべる与 stretched out 都表示舒展身体躺卧；‘趴’擅自限定为俯卧姿势。,3,50
1280920,綱渡り,8489,3,f25e737t3,example,minor,她不顾没有安全网，挑战走钢丝。,她大胆尝试在没有安全网保护的情况下走钢丝。,without a net 是没有安全网保护；现译‘不顾没有安全网’表达别扭，修正后保留其冒险意味。,3,50
1852350,食って掛かる,8493,4,f83e1333t4,example,major,她仅仅问了一句那件暗淡无光的衣服花了多少钱，就冲我发火了。,我不过是问了她那件看起来很土的裙子花了多少钱，她就冲我发火了。,英文为‘我问她’、日文说她因此向我发火；现译把提问者误写成她，颠倒了主客体。,3,50
1070980,ストイック,8560,0,f6e1676t0,gloss,major,斯多亚派的,坚忍克制的,这里的普通形容词 stoic 指坚忍克制，不是专指斯多亚学派；学派/哲学家义已在后续独立sense。,3,50
1566430,嵌め込む,8629,7,f52e1664t7,gloss,major,收买（某人）,欺骗（某人）,take someone in 在这里是骗过某人；‘收买’是以利益贿赂，词义不同。,3,51
1364990,臣下,8670,2,f33e1100t2,gloss,major,诸侯,封臣,vassal 是依附于领主的封臣；‘诸侯’常指统治者/领主，身份关系颠倒。,3,51
1183100,恩がある,8682,0,f16e125t0,gloss,major,欠有恩情,欠人恩情,be in one's debt 是欠某人人情、受其恩惠；‘欠有恩情’不合中文语法。,3,51
1001040,うねうね,8752,7,f1e169t7,example,minor,刚才以来一直在走一条特别曲折的路。,从刚才起一直在走这条特别蜿蜒的路。,JA 说从刚才起一直沿蜿蜒的路前进；原译‘刚才以来’搭配不通。,3,51
1661970,売れっ子,8756,4,f64e1235t4,note,minor,“卖座艺妓”有时用于指艺妓,「売れっ妓」有时用作艺妓的写法,note 说明的是这个异体写法有时用于指 geisha；原译‘卖座艺妓’误把卖座字面塞入译文。,3,51
2415120,ぺたん,8851,0,f135e52t0,gloss,minor,砰（物体与平面坚实接触的声音）,啪的一声（物体与平面紧密碰撞的声音）,ぺたん是平面啪地贴合/碰上的短促声音；‘砰’通常指更响的爆裂声。,3,52
1621350,素っ裸,8881,2,f60e1444t2,gloss,major,赤裸裸的,赤身裸体,stark naked 指全身赤裸；‘赤裸裸’在现代汉语常指直白、不加掩饰，易误读。,3,52
1239910,クセモノ,8930,9,f21e1002t9,gloss,major,名不副实之物,不简单的东西；深藏玄机之物,something that is more than it seems 指看似普通、实则不简单或有玄机；‘名不副实’表达名实不符，方向相反。,3,52
1477090,鉢,8989,5,f44e845t5,gloss,major,盆栽,花盆,flowerpot 指栽花用的花盆；‘盆栽’是盆中栽种的植物，物件与植物混淆。,3,53
2402110,いい年して,9012,1,f133e1486t1,example,minor,都这么大年纪了，别装傻了。,都这么大年纪了，别做那种蠢事。,JA 劝对方别做蠢事，EN 说年纪大了应该懂事；‘别装傻’无依据地指控对方假装糊涂。,3,53
1615440,ひ弱,9033,3,f60e580t3,example,minor,他太虚弱了，没有在外面玩过游戏。,他太虚弱了，无法在户外玩耍。,too frail to play 表示虚弱到不能户外玩耍；原译变成一生从未玩过，夸大时间范围。,3,53
1745430,有事,9035,0,f72e1366t0,gloss,minor,紧急,紧急情况,emergency 是名词，中文‘紧急’是形容词，缺少中心名词。,3,53
1855390,図に乗る,9039,2,f83e1926t2,gloss,minor,冒险,得寸进尺,push one's luck 指得意后继续冒进、贪心求进；‘冒险’只是泛指承担风险。,3,53
1477650,発声,9093,5,f44e999t5,gloss,minor,领唱,带头欢呼、领唱等,英文义包括带头组织欢呼或歌唱等；‘领唱’只覆盖唱歌。,3,53
1626590,非番,9117,1,f61e370t1,example,minor,他今天恰好是非值班。,今天他正好休班。,日文非番表示当天轮休/不当班；‘非值班’作为中文表达不自然。,3,53
2063970,腕によりをかける,9132,0,f101e1697t0,gloss,minor,竭尽全力,拿出浑身解数,慣用语指拿出自身技能全力做事；‘竭尽全力’仅强调努力，漏掉腕即本领/技能。,3,53
1437390,適合,9153,5,f40e1077t5,example,major,我大概无法适应东京的生活。,我大概无法适应都市生活。,日文、英文都说无法适应城市生活；原译无根据地把范围限定成东京。,3,54
1532940,姪,9163,0,f49e986t0,gloss,minor,侄女,侄女；外甥女,日语姪及英语 niece 不区分父系侄女与母系外甥女；单译‘侄女’无根据地限定亲属关系。,3,54
1612130,湯呑,9238,1,f59e1827t1,example,major,对破损的汤碗进行了补充。,我把破损的茶杯换成了新的。,湯呑是无柄茶杯，句子说以新杯替换破损的杯子；现译‘补充破损的汤碗’把替换误成补充且器皿误作汤碗。,3,54
1281620,荒廃,9271,5,f25e854t5,example,minor,那个国家因战争而荒废了。,那个国家因战争而满目疮痍。,war wasted the country 及日文荒廃都表示战争造成荒败/破坏；‘荒废’容易被理解为闲置失修。,3,54
1538340,訳が分からない,9343,8,f50e45t8,gloss,major,我迷失了,我完全摸不着头脑,I'm lost 在此是困惑、不明白的口语义；‘我迷失了’按字面译成走失。,3,54
1322520,煮詰める,9363,0,f29e792t0,gloss,major,煮,煮浓,煮詰める的此义是把液体煮至浓缩；英文 boil down 与例句‘煮到浓稠’都表明单译‘煮’遗漏了浓缩结果。,3,55
1322520,煮詰める,9363,1,f29e792t1,gloss,major,煮,浓缩（汤、牛奶、高汤等）,英文明确限定为浓缩汤、牛奶、高汤等，旧译‘煮’漏掉核心语义。,3,55
1449710,統計,9378,1,f41e1516t1,example,major,中国的GDP统计是狼来了吗？,中国的GDP统计数据是不是‘狼来了’？,日文问‘中国GDP统计是不是狼少年’，英文也对应 boy crying wolf；旧译‘狼来了吗’把比喻误成狼是否真的来了。,3,55
2259550,たちの悪い,9427,6,f122e4t6,example,minor,我染上了恶劣的感冒。,我正遭受重感冒的折磨。,日文たちの悪い風邪与英文 bad cold 指难受、严重的感冒；‘恶劣的感冒’搭配生硬且未表达病情严重。,3,55
2869433,相手を選ぶ,9473,0,f215e737t0,gloss,major,区分（目标、受害者等）,（对目标、受害者等）挑人下手；区别对待,相手を選ぶ是挑选对手/对象，英文括注给出 targets、victims；‘区分目标’遗漏对人有选择地采取行动这一义。,3,55
1560210,労,9539,8,f52e489t8,example,critical,劳而无功。,不劳无获。,"日文労なくして益なし及英文 No pain, no gain 都是‘不劳动就没有收获’；旧译‘劳而无功’表达付出劳动却没有成果，意思相反。",3,56
1479330,半殺し,9618,1,f44e1348t1,example,minor,与其结为恶缘，不如半死。,与其结一桩糟糕的婚姻，还不如被打个半死。,日文明确说半杀还不如糟糕婚姻；旧译‘结为恶缘’搭配不自然，未清楚表达嫁错人。,3,56
1335500,柔軟性,9664,4,f30e1384t4,example,minor,缺乏柔软性会成为进步的障碍。,缺乏灵活性会阻碍一个人的进步。,此处柔軟性是抽象的 flexibility，中文惯用‘灵活性’；‘柔软性’通常指物理柔软，例句中不合义。,3,56
1480280,反逆者,9698,0,f44e1481t0,gloss,major,反间,叛乱者,反逆者此义对应 rebel，‘反间’指离间/间谍活动，属于明显错义；同组下一字段 traitor 已译为反逆者。,3,56
2068690,悩ましげ,9707,2,f102e690t2,example,major,看到她那令人神魂颠倒的姿容，他完全陷入了梦幻之中。,看到她那撩人的身姿，他完全被她迷住了。,日文夢中になる与英文 became obsessed 都表示着迷；旧译‘陷入梦幻’把着迷误成进入幻想。,3,56
1186300,下腹,9745,1,f16e644t1,gloss,major,胃,腹部,下腹指腹部/肚子，英文 stomach 在此为口语腹部义；中文‘胃’是内部器官，解剖部位不符。,3,57
2196020,二文字,9800,2,f115e252t2,gloss,minor,蒜葱（Allium tuberosum）,韭菜（Allium tuberosum）,Allium tuberosum 是韭菜；‘蒜葱’不是常用中文名称，误导植物种类。,3,57
1865780,肩に担ぐ,9815,0,f84e1301t0,gloss,major,承担,扛在肩上,日文明确是肩上扛起，英文 bear 也可指搬负；旧译‘承担’只表达抽象责任义，漏掉本义。,3,57
1534340,盲目,9834,4,f49e1257t4,example,major,爱是无知的。,爱是盲目的。,日文愛は盲目与英文 Love is blind 都是‘爱是盲目的’这一比喻；‘爱是无知的’误成缺乏知识。,3,57
1505060,紛争,9838,3,f46e1963t3,gloss,major,不安,动荡,紛争的 unrest 指社会动荡/骚乱，不是情绪上的‘不安’。,3,57
1623930,怒張,9849,3,f60e1878t3,gloss,major,耸肩,挺起肩膀,英文 squaring one's shoulders 指挺起肩膀；‘耸肩’表示 shrug，动作不同。,3,57
1623930,怒張,9849,4,f60e1878t4,gloss,major,耸肩,绷紧肌肉,英文 flexing one's muscles 是绷紧/展示肌肉，旧译‘耸肩’无关。,3,57
2138030,と言う所,9910,15,f109e474t15,example,major,那处于既非可也非不可的状态。,说不上好，也说不上坏。,日文可でもなく不可でもなし、英文 neither good nor bad 都指不褒不贬；旧译‘既非可也非不可’将可/不可照搬成不自然且可能误解为许可。,3,57
2220160,ア,10020,15,f117e1700t15,xref,major,（美利坚合众国）美洲；美国,（美利坚合众国）美国；美国,交叉引用释义明确限定 United States of America/USA，指美国；旧译将 America 译作‘美洲’，指向整个大陆，实体范围错误。,3,58
1296770,財,10026,4,f26e1691t4,example,major,国民生产总值是一定时期内一国的货物及服务的货币价值计算的总生产额。,国民生产总值是按货币价值计算的一国在一定时期内的商品和服务总产出。,日文与英文都定义为一定时期内一国商品和服务的总产出按货币价值计量；旧译语序不通，且未清楚表达总产出与货币计量的关系。,3,58
2188750,羊蹄,10131,0,f114e743t0,gloss,major,日本大黄（Rumex japonicus）,羊蹄（Rumex japonicus）,植物分类资料将 Rumex japonicus 的中文名列为‘羊蹄’；‘大黄’属另类群，属于错误植物名。,3,59
1373520,杉,10212,0,f34e648t0,gloss,major,日本扁柏（Cryptomeria japonica）,日本柳杉（Cryptomeria japonica）,Cryptomeria japonica 的中文名是日本柳杉；‘扁柏’对应 Chamaecyparis obtusa，是不同属的树种。,3,59
1373520,杉,10212,1,f34e648t1,example,major,从前那里有一棵扁柏大树。,从前那里有一棵高大的柳杉。,英文 cedar 与日文スギ都指 Cryptomeria japonica；旧译‘扁柏’为另一树种，且中文‘扁柏大树’不通顺。,3,59
1701810,書き残す,10219,2,f68e1190t2,gloss,minor,留下半成,留下未完成的部分,‘留下半成’不是自然中文；此义是把手稿等写到一半便搁下，译作留下未完成的部分更明确。,3,59
1433630,掴みかかる,10254,3,f40e430t3,example,major,那个男人抓住了我。,那个男人朝我扑来，想要抓住我。,日文つかみかかった和英文 made to grab at me 表示扑上来试图抓人；旧译断言已经抓住，改变了动作完成状态。,3,59
1434570,低俗,10307,2,f40e636t2,gloss,major,粗糙,粗俗的,低俗的义项 coarse 指粗俗、粗鄙，不是质地粗糙；旧译混淆了物理粗糙。,3,59
1647220,司祭,10327,3,f63e464t3,example,major,“上帝是我们的救赎者，”牧师说道。,“上帝是我们的救赎者，”神父说道。,日文司祭、英文 priest 在此是司祭/神父；‘牧师’对应 minister/pastor，容易误指新教职务。,3,59
2850781,お出し,10359,0,f197e1152t0,gloss,minor,出汁,日式高汤,英文是日式 dashi，info 说明由鱼和海带熬制的日本汤底；中文词条直接留日文‘出汁’不便理解。,3,60
2850781,お出し,10359,2,f197e1152t2,xref,minor,① 出汁,① 日式高汤,xref 所指释义是 dashi，依随附信息译为日式高汤；保留未翻译的日语汉字‘出汁’不够可用。,3,60
1514490,補完,10458,3,f47e1779t3,example,minor,电视和报纸相互补充功能。,电视和报纸发挥着互补作用。,JA/EN 都说电视与报纸互补地发挥作用；旧译‘相互补充功能’缺少自然的谓语结构。,3,60
1218160,企画書,10472,1,f19e835t1,example,major,飞田课长盖了太鼓印的企划书，客户大概也会立刻通过。,飞田课长认可的企划书，客户大概也会立刻通过。,日文太鼓判を押す和英文 seal of approval 是认可、担保；旧译把 idiom 按字面写成‘盖太鼓印’，含义不明。,3,60
1339280,出身者,10504,6,f31e5t6,example,major,尼克瞧不起任何出身地方的人。,尼克瞧不起所有出身乡下的人。,英文 rural area 与日文地方出身指乡下/地方出身；旧译‘出身地方的人’不自然且可能只是泛指某个地方。,3,60
1404760,足を組む,10536,0,f37e1024t0,gloss,major,盘腿,交叉双腿,足を組む指把腿交叠起来；‘盘腿’通常指席地盘坐成莲花/盘坐姿势，动作不同。,3,60
1362390,新聞紙,10585,2,f33e392t2,example,minor,地板上撒满了报纸。,报纸散落了一地。,日文撒き散らされていた及英文 lay scattered 都表示散落；‘撒满’像是主动撒放，搭配地板也不自然。,3,61
2827320,突き込む,10698,26,f175e615t26,gloss,minor,俏皮话,说俏皮话,这一字段对应动词 quip（机智地回嘴/说俏皮话），旧译‘俏皮话’只是名词，词性不匹配。,3,61
1474920,白ける,10715,3,f44e456t3,gloss,major,变得酸涩,变得令人扫兴,白ける是气氛、兴趣变得冷淡或乏味；英语 turn sour 在此是气氛变坏，不是味觉上的酸涩。,3,61
1574980,ブリ,10727,0,f53e1476t0,gloss,major,日本黄鳍鱼（黄鳍鱼属，Seriola quinqueradiata）,五条鰤（Seriola quinqueradiata）,Seriola quinqueradiata 的中文鱼名为五条鰤；黄鳍鱼指向 yellowfin 类鱼名，种名不能译作黄鳍鱼属。,3,61
1579660,舎,10808,4,f54e837t4,gloss,minor,寝室,宿舍,dormitory 指供多人住宿的宿舍；‘寝室’通常是卧室/宿舍里的房间，范围偏窄。,3,62
1881440,締まり,10815,17,f85e1357t17,info,major,角部两枚同色棋子被包围,在棋盘角部以两枚同色棋子围住的区域,Go 术语 shimari 是两枚棋子在角上围出区域；旧译把棋子本身写成被包围，关系颠倒。,3,62
1395570,全盛期,10880,2,f36e1027t2,example,major,任何狗都有它的鼎盛期。,人人都有得意的时候。,英文 Every dog has his day 是人人终有得意之时的习语；旧译照字面写狗的鼎盛期，未传达例句含义。,3,62
1329280,首飾り,10885,1,f30e201t1,gloss,minor,颈圈,贴颈项链,choker 是贴颈佩戴的短项链；‘颈圈’更像衣领或项圈，未明确是项链。,3,62
2861618,顔をほころばせる,10961,1,f208e23t1,gloss,major,开怀大笑,笑容灿烂,ほころばせる与 smile broadly 指绽开笑容；‘开怀大笑’把微笑夸大为大笑。,3,63
2861618,顔をほころばせる,10961,2,f208e23t2,gloss,major,咧嘴大笑,咧嘴笑,grin widely 是咧嘴笑，不一定是大笑；旧译同样过度强化动作。,3,63
1255190,血眼,10975,1,f23e86t1,gloss,major,血气方刚,（做某事时）拼命；发狂,此义是 doing something in a frenzy，‘血气方刚’指年轻人精力旺盛、意气风发，完全不是狂热地做事。,3,63
1344940,女,10999,0,f31e1032t0,gloss,major,女孩,女性,英文 woman 对应成年女性/女人；‘女孩’对应 girl，且词条另列 girl。,3,63
1344940,女,10999,1,f31e1032t1,gloss,major,女儿,女孩,英文 girl 应译女孩；旧译‘女儿’对应下一个 daughter 字段。,3,63
1344940,女,10999,2,f31e1032t2,gloss,critical,中国“女”星座（二十八宿之一）,女儿,英文 daughter 应译女儿；旧译错放了天文学星座解释。,3,63
1344940,女,10999,3,f31e1032t3,gloss,major,阴性名词,女宿（中国二十八宿之一）,英文 Chinese Girl constellation (one of the 28 mansions) 指二十八宿中的女宿；旧译‘阴性名词’是下一语法义的内容。,3,63
1344940,女,10999,5,f31e1032t5,xref,major,牛（Bos taurus）,② 北方七宿（中国星宿）,按交叉引用英文释义直译为北方七宿；‘牛（Bos taurus）’既不是英文内容，也把星宿错成哺乳动物。,3,63
1344940,女,10999,7,f31e1032t7,xref,major,虽然是女人,阴性名词,xref 的英文 feminine noun 是语法术语‘阴性名词’；‘虽然是女人’与源释义无关。,3,63
1565060,ケチる,11048,2,f52e1371t2,example,major,为了节省住宿费，我们睡在了野宿处。,我们省了住宿费，在户外过夜。,英文 slept outside 与日文野宿しました都是在户外过夜；旧译‘睡在野宿处’把行为误作地点。,3,63
2857525,シック,11054,1,f204e33t1,gloss,major,鞍部,裆部衬片,服装缝制中的 saddle 是裆部加固衬片，‘鞍部’指地形鞍部，领域错义。,3,63
2857525,シック,11054,2,f204e33t2,xref,major,裆部补强布；鞍部,裆部补强布；裆部衬片,xref 将服装术语 saddle 误译成地形‘鞍部’；按所指服装部件译为裆部衬片。,3,63
2753310,パカ,11106,0,f166e1406t0,gloss,critical,水豚,无尾刺豚鼠,Paca（Agouti paca，现名 Cuniculus paca）是无尾刺豚鼠/兔豚鼠；‘水豚’是 capybara，完全不同的动物。,3,63
1246780,沓底,11110,2,f22e306t2,gloss,major,鱼底,鳎目鱼,sole (fish) 指鳎类鱼，‘鱼底’不是中文鱼名；同组xref还列出鳎科（Soleidae）等分类。,3,63
1322560,煮詰まる,11148,0,f29e805t0,gloss,major,被煮干,煮浓；熬浓,煮詰まる的此义是液体被煮至浓缩；英文 be boiled down 并不表示煮干，旧译改变了结果。,3,64
2397230,なみなみ,11155,0,f133e520t0,gloss,minor,（装满）满溢,（装满）至杯沿,to the brim 是装到容器边沿；‘满溢’表示已经溢出，超过了源义。,3,64
1881250,芝居がかる,11202,0,f85e1326t0,gloss,major,受影响的,做作的；矫揉造作的,芝居がかる表示带戏剧腔、矫揉造作；affected 在此也指做作的，旧译‘受影响的’误作被动状态。,3,64
1308760,市役所,11311,0,f28e97t0,gloss,major,市役所,市政厅,市役所是市政府办公机构；旧译保留日语‘市役所’，不是可读的中文译文。,3,64
1308760,市役所,11311,2,f28e97t2,gloss,major,市厅,市政厅,city hall 是市政厅/市政府办公处；‘市厅’不是自然的中文名称。,3,64
1308760,市役所,11311,3,f28e97t3,example,major,走哪条路能到市役所？,走哪条路能到市政厅？,英文 city hall 和日文市役所应译为市政厅；旧译再次留下日语原词。,3,64
1587840,入れ物,11364,2,f55e1388t2,gloss,minor,receptacle,容器,英文 receptacle 与日文いれもの是容器；该字段残留英文，未提供中文释义。,3,65
1062340,ショートケーキ,11370,0,f6e395t0,gloss,major,短蛋糕（夹奶油和水果的蛋糕；在日本用海绵蛋糕制作）,奶油水果蛋糕（日本式海绵蛋糕）,日本ショートケーキ指夹奶油和水果的海绵蛋糕；‘短蛋糕’是按英语字面误译，中文不这样称呼。,3,65
1062340,ショートケーキ,11370,1,f6e395t1,example,major,我一提到草莓，就会想到短蛋糕。,我一提到草莓，就会想到奶油水果蛋糕。,此例联想到的是日本式 shortcake，即草莓奶油海绵蛋糕；‘短蛋糕’不是自然中文食品名称。,3,65
1238500,郷愁,11399,0,f21e775t0,gloss,critical,出生地,怀旧；乡愁,郷愁及英文 nostalgia 指怀旧、乡愁；‘出生地’是地点，错把情感词译成地名。,3,65
1238500,郷愁,11399,1,f21e775t1,gloss,critical,老家,思乡；乡愁,homesickness 是思乡/思念家乡的情感；‘老家’只指家乡地点。,3,65
2099700,思いがする,11426,1,f105e685t1,example,major,看到那景象，我感到血液凝固。,看到那景象，我吓得血都快凝固了。,日语血の凍る思い及英语 blood curdled 都是受惊吓的比喻；旧译‘感到血液凝固’像生理描述，缺少惊惧语气。,3,65
2357850,最上位,11452,4,f129e1327t4,gloss,major,最重要（例如位）,最高有效位（如比特位）,computing 中 most-significant bit 指最高有效位；‘最重要（例如位）’不成词且没有给出正确术语。,3,65
1317560,自供,11455,1,f28e1782t1,example,major,犯人自供了盗窃。,犯人供认了盗窃行为。,日文窃盗を自供した、英文 confessed to theft 都表示供认盗窃；旧译‘自供了盗窃’搭配不成立。,3,65
2092720,甲子園,11480,4,f104e1229t4,gloss,major,全国高等学校棒球招待赛（每年3月在甲子园体育场举行）,全国高等学校选拔棒球大会（每年3月在甲子园体育场举行）,英文 National High School Baseball Invitational Tournament 指3月举行的春季选拔赛；旧译误成全国高等学校棒球锦标赛，与8月夏季赛字段混同。,3,65
2092720,甲子園,11480,6,f104e1229t6,xref,major,全国高等学校棒球锦标赛（每年三月在甲子园体育场举行）；春季甲子园,全国高等学校选拔棒球大会（每年3月在甲子园体育场举行）；春季甲子园,xref 的英文明确是3月的 Invitational Tournament；旧译把该赛事误写为夏季的全国高等学校棒球锦标赛。,3,65
2856008,力を出す,11508,1,f202e1233t1,gloss,major,鼓起勇气,鼓足力气,summon one's strength 是鼓足力气；‘鼓起勇气’把体力变成勇气。,3,65
1200210,怪異,11543,1,f17e1258t1,gloss,major,好奇,奇事；怪事,怪異的 curiosity 是令人好奇的奇物/怪事，不是心理状态‘好奇’。,3,66
2055500,グロい,11553,3,f101e79t3,note,minor,源自“グロ”（gro）,源自“グロ”（grotesque）,グロ是 grotesque 的缩略形式；旧译把来源词截成了不存在的英文 gro。,3,66
1170330,陰険,11560,0,f14e1409t0,gloss,major,狡い,狡猾的,crafty 指狡猾；现有日文汉字‘狡い’不是可用的中文释义。,3,66
1170330,陰険,11560,1,f14e1409t1,gloss,major,トリッキーな,诡诈的,tricky 在描述人的性格时是诡诈/狡猾；现有日语片假名未译成中文。,3,66
1170330,陰険,11560,2,f14e1409t2,gloss,major,ずるい,狡猾的,sly 是狡猾的；旧字段残留日语‘ずるい’。,3,66
1170330,陰険,11560,3,f14e1409t3,gloss,critical,うるさい,狡猾的,wily 指狡猾多谋；旧译日语‘うるさい’是吵闹/烦人的，错义。,3,66
1170330,陰険,11560,4,f14e1409t4,gloss,major,裏切りの,背信的,treacherous 指背信、奸诈；旧译‘裏切りの’仍是日文。,3,66
1170330,陰険,11560,5,f14e1409t5,gloss,major,陰険な,暗中耍手段的,underhand 指暗中不正当地行事；旧译‘陰険な’仍是日文。,3,66
1170330,陰険,11560,6,f14e1409t6,example,major,彼は表面上は陰険そうに見える。,他表面上看起来很狡猾。,JA/EN 都说表面上看起来狡猾；旧译保留日文整句，未提供中文例句。,3,66
1170330,陰険,11560,7,f14e1409t7,gloss,major,陰険な（顔つき）,阴险的（神情）,sinister look 是阴险的神情；旧译‘陰険な（顔つき）’仍为日文。,3,66
2012430,呈する,11655,2,f96e1763t2,example,minor,我想提一点忠言。,我想说句不中听的话。,日文苦言を呈したい是想提出逆耳的批评；‘忠言’把不中听的批评变成善意建议。,3,66
1585450,つらつら,11694,3,f55e539t3,gloss,major,详细,深刻地,profoundly 表示深刻地/深切地，不是‘详细’。,3,66
1585450,つらつら,11694,4,f55e539t4,gloss,major,详细,深入地,deeply 表示深入地/深深地；‘详细’对应 at length，而非深度。,3,66
2423240,玄関口,11700,0,f135e1846t0,gloss,minor,入口门,入口,entrance door 是入口/门口；‘入口门’不是自然中文。,3,66
1720140,辛気臭い,11729,8,f70e971t8,note,major,中部和中部地区方言也使用,中部和中国地方方言也使用,英文明确是 Chūbu 与 Chūgoku 两地的方言；原译把中国地方误写为中部地区并重复。,3,67
1435760,定評,11771,0,f40e794t0,gloss,minor,既定声誉,已有的声誉,established reputation 指已有/确立的声誉，原译“既定声誉”是生硬的逐词拼接。,3,67
1435760,定評,11771,1,f40e794t1,example,minor,他是金融分析师，对经济动向的分析颇有定评。,他是金融分析师，对经济动向的分析颇有口碑。,日文说明其经济动向分析有定评，英文明确是分析方面声誉不错；原译“颇有定评”不自然。,3,67
2068340,おめおめ,11834,2,f102e611t2,example,major,尽管自身丑闻不断，警方却依旧我行我素地抓人。,尽管丑闻接连不断，警方依旧若无其事地开罚单。,日文明确说警察在开违章罚单（違反切符を切る），原译“抓人”错译了行为。,3,67
2466380,猫耳,11848,5,f139e1971t5,gloss,minor,带有轻微气味的柔软耳垢的耳朵,耳垢柔软且略有气味的耳朵,英文释义描述耳垢柔软且略有气味，原译语序不通顺，误使修饰关系不清。,3,67
2855748,出どころ,11869,2,f202e770t2,xref,minor,① 来源；出处；出处,① 来源；起源；出处,交叉引用释义逐项对应 source、origin、provenance；原译把后两项都译成“出处”，遗漏 origin 的起源义。,3,67
1390750,扇動,11885,1,f36e205t1,gloss,major,煽动,煽动叛乱,sedition 是煽动叛乱/反政府活动，单译“煽动”遗漏该释义的关键限定。,3,67
1609630,辛口,11984,0,f59e1278t0,gloss,minor,干味（如清酒、葡萄酒）,干型口味（如清酒、葡萄酒）,辛口指清酒、葡萄酒等口感偏干，中文“干味”不自然且不符合常用酒类口味表达。,3,68
1174790,衛生,12003,4,f15e322t4,example,minor,他是卫生监察员。,他是卫生检查员。,日文衛生監視員和英文 sanitary inspector 都指卫生检查员；“监察员”偏向监督监管职务。,3,68
1808470,逃避行,12015,0,f79e320t0,gloss,major,远行,逃亡之旅,逃避行指为逃避现实或逃亡而踏上的行程；“远行”遗漏了逃避这一核心含义。,3,68
2863835,ソング,12054,0,f210e322t0,gloss,major,吊带,丁字裤,英语 thong（garment）指丁字裤，日语借词ソング也指此类内裤；“吊带”是另一种服饰。,3,68
2827079,ただで済む,12092,0,f175e168t0,gloss,major,平安无事,免于承担后果,get away without consequences 指逃脱后果/责任，原译“平安无事”只表达安全无恙，遗漏不受惩罚或追责的含义。,3,69
2827079,ただで済む,12092,1,f175e168t1,gloss,major,毫发无损,未受惩罚地脱身,get off scot-free 指未受惩罚地脱身，原译“毫发无损”误指身体没有受伤。,3,69
2540600,と見られる,12139,2,f146e623t2,gloss,minor,担心,恐怕会……,to be feared to 表示被担心会发生某事，原译“担心”没有保留被动预期的语气。,3,69
1533690,模範,12150,4,f49e1150t4,example,minor,请将你的答案与标准答案进行比较。,请将你的答案与示范答案进行比较。,日文模範答案和英文 model one 指示范答案；“标准答案”可能误示唯一正确答案。,3,69
2007820,ぎゃあぎゃあ,12193,3,f96e851t3,example,minor,请别尖叫了。,请别再大吵大闹了。,日文ぎゃあぎゃあ言う和英文make a fuss指大吵大闹、抱怨，原译将其窄化成尖叫。,3,69
1594600,締め切る,12313,2,f56e1913t2,example,major,请允许我们为您截单。,最后点单时间已过，恕不再接受点单。,日文说最后点单已截止（ラストオーダーは締め切らせていただきました），原译“截单”是生硬直译且遗漏餐饮点单语境。,3,70
1413190,大晦日,12322,0,f38e629t0,gloss,minor,除夕,新年前夜,大晦日指公历12月31日的新年前夜；中文“除夕”通常专指农历除夕，容易误解日期。,3,70
1413190,大晦日,12322,1,f38e629t1,example,minor,除夕电车通宵运行。,新年前夜电车通宵运行。,例句中的日期是日本公历12月31日；用“新年前夜”避免与农历除夕混淆。,3,70
1064740,ジッパー,12327,3,f6e766t3,example,minor,这条拉链很紧。,这条拉链拉起来不顺畅。,英文和日文都说拉链使用不顺滑，原译只说“很紧”，将不顺畅具体化成紧涩。,3,70
2398550,心して,12347,2,f133e756t2,example,major,他若不多加小心，肯定会成为穆里根格好的饵食。,他若不多加小心，穆里根肯定会把他打得落花流水。,日文说他会成为穆里根中意的猎物，英文习语 wipe the floor with him 指彻底击败；原译出现乱码式“格好的饵食”。,3,70
1776790,町内会,12371,0,f76e0t0,gloss,major,町内会,社区居民会,英文 neighborhood association 指社区/街区居民组织，原译残留日文词头，未提供中文释义。,3,70
2036080,欝,12382,1,f99e138t1,gloss,critical,在国外留学期间患上抑郁症该怎么办？,情绪低落,low spirits 指情绪低落，原译被无关的留学抑郁症问句替换，完全不是该字段释义。,3,70
2036080,欝,12382,3,f99e138t3,xref,major,茂盛（指植物）,抑郁；抑郁症,该交叉引用释义是 depression（与本条感情低落义对应），原译“植物茂盛”属于另一义项，语义错位。,3,70
2835774,申し訳程度,12452,0,f183e958t0,gloss,major,聊备一格,勉强应付的（借口）,poor excuse 指勉强拿来交代的借口，原译“聊备一格”是表示列入名目以示不遗漏的成语，义不相符。,3,70
2835774,申し訳程度,12452,1,f183e958t1,gloss,major,聊备一格,几乎没有的,nearly non-existent 指几乎不存在，原译“聊备一格”不表达数量或程度。,3,70
2835774,申し訳程度,12452,2,f183e958t2,gloss,major,聊备一格,勉强够用的,barely sufficient 指仅够用，原译成语不含勉强够用义。,3,70
2835774,申し訳程度,12452,3,f183e958t3,gloss,major,聊备一格,象征性的（努力等）,token effort 指象征性、敷衍式的努力，原译“聊备一格”语义不符。,3,70
2835774,申し訳程度,12452,4,f183e958t4,gloss,major,聊备一格,象征性的,symbolic 指象征性的、形式上的，原译“聊备一格”义不相符。,3,70
1387980,先制,12512,3,f35e1591t3,example,minor,先发制人的一击，便已胜过半半。,先发制人，胜算便有一半。,英文谚语和日文释义都是先发制人就等于赢了一半，原译“半半”是明显重复错字。,3,71
1044220,クラッシュ,12523,1,f4e1670t1,gloss,major,碰撞,崩溃,该义项明确标为计算机用语，crash 指程序或系统崩溃，不是物理碰撞。,3,71
1297170,肴,12548,0,f26e1754t0,gloss,major,佐料,佐酒小菜,肴/酒菜是佐酒的菜肴或小吃，原译“佐料”是调味品，类别错误。,3,71
1238460,蕎麦,12563,0,f21e760t0,gloss,critical,日本荞麦面,荞麦（Fagopyrum esculentum）,此义项指植物 buckwheat，原译误写成日本荞麦面。,3,71
1238460,蕎麦,12563,1,f21e760t1,gloss,critical,在长野的朋友来访时，我品尝了美味的荞麦面。,荞麦面,soba 是荞麦面，原译被无关的长句替换。,3,71
1238460,蕎麦,12563,3,f21e760t3,example,critical,荞麦壳,我去长野拜访朋友时，朋友请我吃了美味的荞麦面。,英文、日文都说拜访长野的朋友时受到款待吃荞麦面，原译“荞麦壳”误放了词条释义。,3,71
1238460,蕎麦,12563,4,f21e760t4,xref,critical,荞麦壳,荞麦面,交叉引用释义 soba 指荞麦面，原译“荞麦壳”是错误释义。,3,71
1238460,蕎麦,12563,5,f21e760t5,gloss,critical,入乡随俗,中国式小麦面,该义项是 Chinese-style wheat noodles，原译“入乡随俗”完全无关。,3,71
2008770,たおやか,12579,0,f96e1035t0,gloss,minor,优美地,优美的,该形容动词义项 graceful 应用形容词表达，原译“优美地”变成副词。,3,71
2008770,たおやか,12579,1,f96e1035t1,gloss,minor,苗条地,柔美的,willowy 在此描述纤柔、优雅的姿态，原译“苗条地”词性错误且意义偏向身材瘦。,3,71
2008770,たおやか,12579,2,f96e1035t2,gloss,minor,轻盈地,轻盈的,lissome 描述柔软灵巧、轻盈的姿态，原译“轻盈地”词性错误。,3,71
2008770,たおやか,12579,3,f96e1035t3,gloss,minor,温柔地,柔和而温婉的,soft and tender 在此描述柔美气质，原译“温柔地”词性错误。,3,71
1570560,縋りつく,12603,0,f53e519t0,gloss,minor,依赖,紧紧依附于,to cling to 包含紧抓、依附的动作，单译“依赖”只保留抽象依靠义，遗漏紧附关系。,3,71
2101980,がら空き,12612,0,f105e1112t0,gloss,minor,几乎完全空,几乎空无一物,almost completely empty 表示几乎空无一物，原译“几乎完全空”语法不完整。,3,71
2101980,がら空き,12612,1,f105e1112t1,gloss,minor,实际上空,几乎空无一物,virtually empty 指几乎空无一物，原译“实际上空”误成实质上为空。,3,71
2845447,タレ,12654,0,f192e1318t0,gloss,minor,（电视或广播）娱乐主持人,（电视或广播）艺人,entertainer 指艺人/演艺人员，不必然是主持人；原译将职业范围缩窄为主持。,3,71
2845447,タレ,12654,1,f192e1318t1,gloss,minor,电视主持人,电视艺人,television personality 指电视艺人或电视名人，并不必然是主持人。,3,71
2845447,タレ,12654,2,f192e1318t2,gloss,minor,广播主持人,广播艺人,radio personality 指广播艺人/广播名人，并不必然是主持人。,3,71
1362370,新聞記者,12671,1,f33e386t1,gloss,major,印刷记者,纸媒记者,print journalist 指纸质媒体记者，原译“印刷记者”把媒介类别误成印刷工艺。,3,71
2791650,焦点があう,12688,0,f170e975t0,gloss,minor,焦点合焦,对焦清晰,to be in focus 指处于清晰对焦状态，原译“焦点合焦”重复且不自然。,3,72
2791650,焦点があう,12688,1,f170e975t1,gloss,minor,聚焦,对上焦,to come into focus 指从未对准到对上焦，原译“聚焦”更像主动把焦点集中到对象上。,3,72
1076180,タキシード,12690,0,f7e395t0,gloss,major,燕尾服,无尾礼服,tuxedo 是无尾晚礼服，中文“燕尾服”指 tailcoat，服装款式不同。,3,72
1076180,タキシード,12690,1,f7e395t1,gloss,minor,晚餐礼服,无尾晚礼服,dinner suit 指正式场合穿的无尾晚礼服，原译是逐字拼成的“晚餐礼服”。,3,72
1076180,タキシード,12690,2,f7e395t2,example,major,他那件粉红色的燕尾服让大家都笑了。,他那件粉红色的无尾礼服让大家都笑了。,英文与日文都说粉红色 tuxedo；应为无尾晚礼服而非燕尾服。,3,72
1985140,我慢強い,12696,2,f93e1992t2,example,major,有毅力,英国人是一个坚忍有耐心的民族。,日文明确说英国人是我慢強い国民；原译只有“有毅力”残句，缺少主语和完整句意。,3,72
1154610,暗証番号,12742,3,f13e398t3,example,major,如果伪造卡和暗证号码齐全，账户里的现金就会被全部取出。,如果伪造的卡片和对应的密码都被拿到，银行账户里的现金就会被全部取走。,日文和英文都是暗証番号/PIN，原译“暗证号码”用错字且不符合中文术语。,3,72
1812080,面白半分,12761,2,f79e930t2,example,major,如果是开玩笑的话，最好别来。,如果你只是为了好玩才来，我宁愿你别来。,面白半分指抱着玩玩、凑热闹的心态，英文 in fun 也如此；原译“开玩笑”误解成说话像玩笑。,3,72
1613760,家庭内,12810,2,f60e254t2,gloss,major,国内的,家庭内的,词头家庭内及英文 domestic 在此均指家庭内部的，原译“国内的”误成国家范围。,3,72
2826645,っぱ,12837,0,f174e1333t0,gloss,minor,（保持）……（开着、开着、未完成等）,……着（如开着、未完成等状态）,该口语后缀表示某事一直处于未妥善处理的状态，原译重复“开着”且括号结构残缺。,3,72
1681140,片時,12852,3,f66e1222t3,example,major,那位患者一刻也不曾移开目光。,那位患者需要时刻照料。,英文明确说病人需要持续照护，日文说一刻也不能离开病人；原译错误地写成病人自己没有移开目光。,3,72
1625900,白昼夢,12864,1,f61e225t1,gloss,minor,醒梦,白日梦,waking dream 指清醒时做的白日梦，原译“醒梦”不是常用中文词。,3,72
1576950,下段,12917,3,f54e33t3,gloss,major,下段,下铺,lower berth 指下铺（卧铺的下层铺位），原译“下段”没有表示铺位义。,3,73
1603950,増す増す,12930,3,f58e1454t3,gloss,minor,渐次,越来越少,该释义明确是 decreasingly，原译“渐次”没有保留逐渐减少的方向。,3,73
1603950,増す増す,12930,4,f58e1454t4,gloss,minor,愈益,越来越少,less and less 表示越来越少，原译“愈益”通常表示程度增加，方向相反。,3,73
1375900,政界,12950,0,f34e1083t0,gloss,major,（政治的）,政治界,政界指政治圈/政治界，原译“（政治的）”是未完成的形容词短语。,3,73
1319450,七不思議,12957,1,f29e90t1,example,major,关于那件“七不思議”的案件。想必是你调查过了吧？,这是关于那件“七大不可思议”事件的事。你调查过了吧？,日文是询问对方是否调查过七不思議的事，原译残留日文词且句意生硬。,3,73
1589450,折り紙,12964,3,f55e1995t3,gloss,major,火印,品质标记,hallmark 在此指证明品质/真伪的标记，原译“火印”容易理解为烙印。,3,73
1589450,折り紙,12964,4,f55e1995t4,gloss,minor,认证证书,真品鉴定书,certificate of authenticity 是证明真品的证书，现译“认证证书”表意过泛。,3,73
1420910,地下道,12971,1,f39e175t1,example,minor,然后我走下到了地下通道。,然后我走下了地下通道。,日文明确是向下走进地下通道，原译“走下到了”语法不通顺。,3,73
1416450,脱却,13045,5,f38e1172t5,example,major,理想的做法应当是从摆脱丈夫的人间关系开始，重新构建新的夫妇关系，形成从容的家庭生活。,理想的做法是先让丈夫摆脱公司职员式的生活，再重建夫妻关系，营造从容的家庭生活。,日文夫の会社人間からの脱却指摆脱丈夫那种一心扑在公司的职员生活，原译“丈夫的人间关系”错误切分公司人間。,3,73
1838230,立ちくらみ,13099,1,f82e260t1,gloss,major,直立性低血压,直立性晕厥,orthostatic syncope 是体位性/直立性晕厥，原译“直立性低血压”是相关诱因而非该症状本身。,3,74
1601410,干上がる,13163,1,f58e525t1,gloss,minor,枯萎,干枯,to parch 指因干旱/曝晒而变干，原译“枯萎”只描述植物失去生气，没有表达干涸状态。,3,74
1649750,毒気,13193,6,f63e900t6,note,major,通常作“毒气”、“毒气”,通常读作“どっけ”或“どくけ”,英文和日文注记都列出读音 どっけ、どくけ，原译却误写成重复的汉字词“毒气”。,3,74
2005410,報う,13240,3,f96e303t3,example,minor,他想报答朋友的亲切。,他想报答朋友的恩情。,日文和英文都指报答朋友的善意，中文搭配应为“报答恩情”；“报答亲切”搭配不当。,3,74
1286590,国産,13289,3,f25e1726t3,example,minor,不过，所谓国产葡萄酒，只要是瓶内灌装于国内的，就都算作国产葡萄酒。,不过，所谓国产葡萄酒，只要是在国内装瓶的，就都被视为国产葡萄酒。,英文和日文都说在国内瓶装就被视为国产，原译“瓶内灌装于国内”搭配不自然。,3,75
1941090,潜在能力,13312,2,f90e339t2,gloss,minor,潜在容量,潜在能力,potential capacities 指潜在能力，原译“潜在容量”是物理容量义，不适用于人的能力。,3,75
2845238,ドラッグ,13315,1,f192e939t1,example,minor,前方剧透！不介意的人请反转（变色）后阅读。,前方剧透！不介意的话，请选中反白后阅读。,日文说明要拖选（反转显示）后阅读，原译“请反转后阅读”像是要求翻转内容。,3,75
1239330,業,13341,4,f21e911t4,example,minor,犯错是人之常情，宽恕是神的行为。,犯错是人之常情，宽恕则是神性的表现。,英文 divine 与日文神の業指宽恕近乎神圣，原译“神的行为”是生硬直译。,3,75
1450940,頭文字,13346,1,f41e1737t1,gloss,major,首字母,大写字母（单词或句子开头）,capital letter 指大写字母，原译只说首字母而漏掉大写这一关键性质。,3,75
1450940,頭文字,13346,2,f41e1737t2,example,minor,NTT的首字母代表什么？,NTT这几个首字母分别代表什么？,initials NTT 是多个首字母组成的缩写，原译用单数“首字母”且表达不自然。,3,75
1413250,大学院,13355,1,f38e643t1,example,minor,我打算读研究生院。,我打算去读研究生。,英文和日文表示打算继续升学读研，中文“读研究生院”不自然。,3,75
1463280,二流,13389,2,f43e355t2,example,minor,那充其不过是一家二流的旅馆。,那充其量只是一家二流旅馆。,at best 表示充其量，原译“充其不过”是搭配错误。,3,75
2871128,お団子,13482,2,f217e554t2,xref,minor,① 团子；饺子（通常为甜味）；面团人,① 团子；饺子（通常为甜味）；面团丸子,doughboy 在该交叉引用中指一种面团制的团子/饺子，原译“面团人”把词素误作人物。,3,75
1365850,辛い,13631,11,f33e1261t11,example,major,她经历过许多痛苦的思绪。,她经历了许多艰难困苦。,英文说经历了许多困难，日文说经历许多辛苦的事；原译“痛苦的思绪”误成思想内容。,3,76
1309720,指揮者,13667,1,f28e252t1,example,minor,指挥指挥管弦乐队。,乐队指挥负责指挥管弦乐队。,英文和日文说指挥者负责指挥乐团，原译“指挥指挥”重复且缺少清楚主语。,3,76
1086090,トランクス,13672,0,f7e1815t0,gloss,major,（游泳、拳击等用的）泳裤,（游泳、拳击等穿的）短裤,trunks 在游泳和拳击中都指短裤，原译统一成泳裤，不适用于拳击。,3,76
1086090,トランクス,13672,1,f7e1815t1,gloss,minor,（内裤）,（男式）内裤,该义项是 trunks（underwear），原译只有括号说明而没有中文释义。,3,76
1711040,１８０度,13675,1,f69e1270t1,gloss,minor,彻底（政策、意见等）,彻底改变（政策、意见等）,complete about-face 指彻底转变，原译只给“彻底”而缺少变化义。,3,76
1711040,１８０度,13675,2,f69e1270t2,gloss,minor,彻底（变化）,彻底的（变化）,radical change 指彻底/根本的变化，原译括号里的“变化”没有与彻底组成完整释义。,3,76
1711040,１８０度,13675,3,f69e1270t3,gloss,minor,一百八十度（转向）,180度转变,该义项指180度大转变，原译“（转向）”未表达转变这一名词义。,3,76
2863383,ムニムニ,13690,1,f209e1449t1,gloss,minor,弹软,有弹性的,bouncy 指柔软且有弹性，原译“弹软”不是自然的中文表达。,3,76
1460570,南米,13695,1,f42e1823t1,example,minor,我怀着从清水舞台跳下的决心前往南美洲。,我抱着豁出去的决心移居南美洲。,日文清水舞台から飛び降りる气持ち是下定决心冒险，原译直译日本典故会让中文读者难以理解。,3,77
2669760,指をくわえる,13761,0,f158e1442t0,gloss,major,袖手旁观,眼巴巴地干看着,日文惯用语和英文都包含羡慕地旁观却无能为力，原译“袖手旁观”遗漏羡慕/眼馋的关键意味。,3,77
1435400,定員,13802,7,f40e749t7,example,minor,这部电梯的定员是10人。,这部电梯核定载客人数为10人。,英文和日文说电梯可乘坐10人，中文通常说核定载客人数/载客量；“定员”不自然。,3,77
1512140,返り咲く,13822,0,f47e1291t0,gloss,minor,再次开花,复出；东山再起,to come back 在返り咲く的比喻义中指复出/东山再起，原译“再次开花”只覆盖字面义。,3,77
1878090,御利益,13831,4,f85e972t4,example,minor,新年首次参拜，哪家神社有灵验？,新年参拜，哪家神社最灵验？,日文是询问初诣去哪家神社求神最灵验，原译“有灵验”搭配不自然。,3,77
2424600,休みなく,13852,0,f136e103t0,gloss,minor,不停止,不间断地,without rest 指不休息地/不间断地，原译“不停止”不成自然的副词释义。,3,77
1118490,ヘッドフォン,13854,2,f10e683t2,example,major,从耳机里漏出声音的是他。,那副声音外漏的耳机是他的。,英文明确说漏音的耳机属于那个人，原译把所属关系写成“漏出声音的是他”，关系错位。,3,77
1539480,優男,13871,2,f50e264t2,gloss,major,身材瘦弱的男子,身材修长的男子,slender build 指身材纤细/修长，不含虚弱义；原译“瘦弱”额外增加身体虚弱的含义。,3,77
1825630,思いの丈,13889,0,f80e1626t0,gloss,minor,全部心意,满腔心意,one's whole heart 指全部心意，原译“全部心意”搭配生硬。,3,77
1240450,極東,13905,1,f21e1080t1,example,minor,哈巴罗夫斯克市是远东俄罗斯的大都市之一。,哈巴罗夫斯克是俄罗斯远东地区最大的城市之一。,英文说它是俄罗斯远东地区最大的城市之一，原译“远东俄罗斯”语序错误，地理关系不清。,3,78
2260190,更け,13911,0,f122e140t0,gloss,minor,变深,渐深（指夜色）,更け指夜渐深，原译“变深”没有说明是时间/夜色渐深。,3,78
2260190,更け,13911,1,f122e140t1,gloss,minor,变深,渐深（指夜色）,latening 在此对应夜色渐深，原译“变深”缺少明确语义对象。,3,78
2845724,以外の何者でもない,13918,0,f192e1788t0,gloss,major,除了……之外,只不过是……,nothing but 表示仅仅是，原译“除了……之外”只表达排除关系，没有译出唯一/仅此含义。,3,78
2845724,以外の何者でもない,13918,1,f192e1788t1,gloss,major,除了……之外,不过是……,nothing more than 表示不过是，原译未表达断定句的谓语关系。,3,78
2845724,以外の何者でもない,13918,2,f192e1788t2,gloss,major,除了……之外,不折不扣的……,nothing less than 表示确确实实就是，原译“除了……之外”漏译强调义。,3,78
1066210,ジュルジュル,13927,0,f6e957t0,gloss,minor,咂咂嘴,吸溜声,slurping 指吸食时发出的吸溜声，原译“咂咂嘴”是咂嘴动作，声音不同。,3,78
2255050,居辛い,13956,0,f121e1079t0,gloss,minor,难以（在某处）,难以待在（某处）,difficult to be in a place 指难以待在某处，原译“难以（在某处）”没有构成完整中文释义。,3,78
1647200,素人目,13962,0,f63e460t0,gloss,minor,外行人的眼睛,外行人的眼光,inexpert or untrained eyes 是外行人的眼光/判断，原译“外行人的眼睛”只按字面翻译身体部位。,3,78
2857865,ビート,13964,1,f204e723t1,example,minor,我喜欢这首歌。它有节拍，可以跳舞。,我喜欢这首歌。它节奏感很强，很适合跳舞。,日文和英文都说歌曲节拍强劲、适合跳舞，原译把节拍写成独立存在的“它有节拍”，表达失真。,3,78
1297570,作業場,13991,1,f26e1846t1,gloss,major,工地,工厂,works 指工业工厂/厂区，日文作業場也指作业场所；原译“工地”是施工现场。,3,78
1478100,罰則,14003,1,f44e1109t1,gloss,minor,罚金,惩罚,penalty 可指各类处罚，原译“罚金”缩窄成金钱罚款。,3,78
2079200,チョン,14014,0,f103e627t0,gloss,major,韩国人,（贬称）韩国人,原条明确标注 derogatory/slang，原译仅称“韩国人”抹掉贬义语气。,3,78
1604590,見積もり,14035,4,f58e1737t4,example,minor,这是特别价格的报价。,我们给出的是特别报价。,日文和英文都是特别价格的估价/报价，原译“特别价格的报价”结构重复且不自然。,3,78
1275790,口移し,14113,5,f24e1855t5,xref,minor,② 口口相传信息,② 口头传递信息,英文 passing information by word-of-mouth 指口头传递信息，原译“口口相传信息”语序不通。,3,78
2831955,滴,14157,0,f179e1657t0,gloss,minor,液滴计数单位,滴（液体的计量单位）,日文计数词『滴』本身就是液体的计量单位，现译‘液滴计数单位’不自然且不适合作为词典释义。,3,79
1770000,持ち逃げ,14186,0,f75e452t0,gloss,major,拿走,携物逃走；卷走（某物）,持ち逃げ与英文 making off with 都包含携物逃走、侵占的意思，单译‘拿走’漏掉关键动作。,3,79
1770000,持ち逃げ,14186,2,f75e452t2,example,major,他拿走了她的手表。,他拿着她的手表逃走了。,日文持ち逃げした明确表示拿走后逃逸，原译只说拿走，遗漏逃跑及不当占有的含义。,3,79
2079360,目じゃない,14232,1,f103e651t1,gloss,major,不值一提,不是对手；相形见绌,本义项 no match 表示比不上、不是对手，与 t0 的 no big deal『不值一提』不同，不能共用同一译文。,3,79
1455250,特売,14237,2,f42e368t2,example,minor,昨天和牛是特价。,昨天和牛特价销售。,日文『和牛が特売だった』表示和牛在特价促销，旧译‘和牛是特价’搭配不通。,3,79
1269440,後ろ足,14247,2,f24e792t2,example,major,他像用后脚扬沙子一样（对我）做了那种事。,他做了忘恩负义、临走还给我添麻烦的事。,『後ろ足で砂をかける』是忘恩负义、离开时还给人添麻烦的惯用语，不能按后腿扬沙的字面描述翻译。,3,79
2744580,片眉,14252,0,f165e1795t0,gloss,minor,一只眉毛,一边眉毛,日文表示单侧的一条眉毛，中文量词应为‘边’而非‘只’。,3,79
1581740,丁,14254,5,f54e1486t5,note,major,尤其作“ひと”,尤其读作“ひのと”,丁的训读/音读注释对应ひのと，旧译‘ひと’漏掉了音节。,3,79
1581740,丁,14254,4,f54e1486t4,gloss,minor,干支纪年法中的第四位,天干的第四位,丁是十天干第四位，旧译泛称干支纪年法中的第四位不够准确。,3,79
1097800,バイキング,14287,4,f8e1516t4,xref,minor,自助餐；自助式自助餐,自助餐；不限量自助餐,英文第二义为 all-you-can-eat buffet，现译‘自助式自助餐’重复且遗漏不限量含义。,3,79
1013150,よしんば,14294,2,f2e827t2,gloss,major,如果,即使；哪怕,よしんば表示让步假设的 even if，单译普通条件‘如果’遗漏让步语气。,3,79
2007730,ガクンと,14316,2,f96e840t2,example,critical,做倒立时，脖子咔嚓一声断了。,做倒立时，我的脖子猛地一晃。,日文ガクンとなりました表示脖子猛然一晃/一顿，英文 snapped 在此亦是突然失稳之意；原译‘断了’错误地说成脖子折断。,3,79
1449980,討論,14344,2,f41e1554t2,example,minor,我们进行了一场非常激烈的讨论。,我们进行了一场非常激烈的辩论。,JA『活発な討論』和英文 debate 指辩论，旧译‘讨论’弱化了辩论性质。,3,80
1518730,亡命,14363,6,f48e522t6,example,minor,他与大批其他人员一起亡命了。,他与许多人一同逃离了本国。,亡命した在此为逃离本国，英文 fled the country 也确认这一点；旧译将日文词直接借用成中文‘亡命了’，表达生硬且易误解。,3,80
1653870,着付け,14407,1,f63e1727t1,gloss,minor,试穿,穿衣；穿戴,着付け表示穿衣、着装（尤其和服），英文 fitting 在此是穿戴这一行为；‘试穿’通常是试衣服是否合身，语义不符。,3,80
1415350,第一人者,14440,2,f38e976t2,example,minor,她因有能而成为第一人者。,她凭借出众的能力成为领军人物。,JA『有能だったので第一人者となった』表示成为杰出代表/领军人物，旧译‘因有能而成为第一人者’保留日式表达且不自然。,3,80
2142250,意味をなす,14444,1,f109e1383t1,gloss,minor,有意义的,有意义；有道理,英文 to be meaningful 描述状态，中文‘有意义的’是修饰名词的定语形式，词性不匹配。,3,80
2072830,バッター,14505,2,f102e1403t2,gloss,critical,击球员,面糊,该义项标签为 food，batter 指烹饪用面糊；‘击球员’是棒球义，属于同形词错义。,3,80
1267320,湖畔,14479,2,f24e395t2,gloss,minor,湖前,湖滨,lakefront 指湖岸/湖滨地带，‘湖前’不是自然的中文对应。,3,80
2645350,身体検査,14483,4,f156e573t4,gloss,minor,搜查,搜身,该义项属于身体检查，search 在此与 frisking、pat-down 同组，指搜查身体；泛称‘搜查’易被理解为搜查场所。,3,80
1922480,とろい,14625,5,f88e842t5,gloss,minor,迟钝,迟缓,sluggish 描述动作或反应缓慢，‘迟缓’更准确；‘迟钝’主要对应 dull/thickheaded（已列于前一义项）。,3,81
2839333,夢を語る,14654,0,f187e8t0,gloss,major,谈论自己的梦（尤其指不切实际、异想天开的梦）,畅谈自己的梦想（尤指不切实际、异想天开的梦想）,此处 dreams 是抱负/梦想，英文和惯用表达均非睡梦；‘谈论自己的梦’容易误解为做梦。,3,81
2839333,夢を語る,14654,1,f187e8t1,gloss,major,说梦话,说出自己的梦想,dream out loud 是把抱负说出来，日语『夢を語る』也是谈梦想；‘说梦话’专指睡梦中说话，属于错义。,3,81
1224090,飢餓,14663,0,f20e133t0,gloss,major,饿死,饥饿；饥饿状态,starvation 指缺乏食物导致的饥饿状态，未必已经死亡；‘饿死’误译成死亡结果。,3,81
1071970,スパイク,14742,8,f6e1812t8,xref,minor,钉鞋；鞋钉；鞋钉；钉鞋,钉鞋；钉鞋；钉鞋；（足球、橄榄球等的）球鞋,按引用英文逐项对应，spikes/cleats/boots 在此均指带钉运动鞋，原译将 spikes 和 cleats 误作鞋钉。,3,81
1071970,スパイク,14742,10,f6e1812t10,gloss,minor,鞋钉,用鞋钉踢伤对方（球员）,spiking 在该义项中是用鞋钉伤人的动作，不能只译成名词‘鞋钉’。,3,81
1073920,スリム,14783,1,f7e94t1,example,major,一个名叫“苗条”的男人在那次事故中死了。,一个名叫“斯利姆”的男人在那次事故中丧生。,JA 明确说斯利姆是男人的名字，英文引号用的是人名 Slim；旧译把名字误译为‘苗条’，改变了事实。,3,82
1303600,散布,14794,4,f27e1092t4,example,minor,他们在果树喷洒农药。,他们在果树上喷洒农药。,JA 明确说对果树喷洒农药，原中文缺少‘给/在……上’的介词，句子搭配不通。,3,82
2724320,どの口が言う,14801,0,f163e1952t0,gloss,major,看谁在说话,瞧你还说别人！,どの口が言う是反讽责问对方有什么资格这么说，look who's talking 并非询问谁在发言。,3,82
2163030,芸がない,14807,2,f111e1657t2,gloss,minor,缺乏刺激性,乏味；没劲,unexciting 指缺乏趣味或兴奋感，‘缺乏刺激性’在中文多指缺少刺激成分，语义偏离。,3,82
2840888,名の知れた,14809,3,f188e993t3,gloss,minor,受欢迎的,广为人知的,名の知れた及英文 popular 此处指知名/有名，中文‘受欢迎’表达喜爱程度而非知名度。,3,82
2840888,名の知れた,14809,4,f188e993t4,gloss,minor,被认可的,知名的,名の知れた指为人所知，‘被认可的’表示获认可或承认，不是知名度。,3,82
1725120,美談,14845,1,f70e1918t1,gloss,minor,令人印象深刻的事,令人印象深刻的故事,英文 tale 明确是故事，原译‘令人印象深刻的事’丢失了叙事体裁限定。,3,82
2760830,かく言う,14852,0,f167e881t0,gloss,minor,就这样说,这样说来,かく言う作为话语连接语表示‘这样说来/如此说来’，‘就这样说’在中文表达不自然且容易理解成说话方式。,3,82
1257140,堅固,14861,1,f23e452t1,gloss,minor,强壮的,坚固的,此词释义堅固，结合 JA 城市防御强固，strong 应译‘坚固的’；‘强壮’通常用于有生命的人或动物。,3,82
1840300,溜り場,14871,2,f82e693t2,gloss,minor,约会地点,会合地点,rendezvous 在此是约定碰面的地点，未限定为情侣约会；‘约会地点’增加了浪漫含义。,3,82
2164660,札幌,14877,0,f111e1966t0,gloss,minor,札幌（北海道市）,札幌（北海道的城市）,Sapporo 是北海道内的城市，原译‘北海道市’不符合中文地名表达。,3,82
1419510,弾幕,14900,1,f38e1915t1,gloss,major,弹幕,弹幕地狱,该义项标签为电子游戏，bullet hell 是密集弹幕游戏类型‘弹幕地狱’，单译‘弹幕’丢失游戏类型含义。,3,82
2826809,早歩き,14919,1,f174e1635t1,gloss,minor,半慢跑,近似慢跑的快走,semi-jogging 指介于快走和慢跑之间的步行方式，‘半慢跑’不是自然的中文表达。,3,82
2509740,婚カツ,14975,1,f143e558t1,gloss,minor,婚姻狩猎,积极寻找结婚对象,marriage hunting 指积极寻找结婚对象的活动，‘婚姻狩猎’是生硬直译，在中文中有狩猎婚姻的歧义。,3,83
2520810,どさり,14997,0,f144e794t0,gloss,minor,砰地,咚地一声,どさり表示重物落下的沉闷声响（thud），‘砰’更像爆裂声；‘咚地一声’更贴切。,3,83
1936390,志望校,14999,0,f89e1380t0,gloss,minor,志愿学校,心仪的学校,志望校是希望考入的目标学校，‘志愿学校’不是自然的中文搭配。,3,83
1315220,字幕,15011,2,f28e1384t2,example,major,这周我连续三天看了带字幕的外国车枪炮电影。,这周我连续三天看了带字幕的外国汽车动作片。,JA『カーアクションもの』指汽车动作片/汽车追逐题材电影，原译‘车枪炮电影’把题材误解为车、枪和炮。,3,83
1505080,文,15021,2,f46e1979t2,gloss,minor,邮件,信件,该义项是正式、诗语的文/书（letter），译成现代语境常指电子邮件的‘邮件’容易误解。,3,83
2523990,しこしこ,15091,6,f144e1444t6,gloss,major,抽动,手淫,该义项 EN 明确是 jerking off，属于自慰行为；‘抽动’只描述身体运动，遗漏了性义。,3,83
1825370,子連れ,15107,1,f80e1548t1,gloss,minor,带着孩子,带着孩子的家长,该义项 parent with child 指带孩子的家长/父母，现译‘带着孩子’只表达动作，词性与义项角色不符。,3,83
1277880,孝行,15116,3,f25e189t3,gloss,major,对某人尽忠,对某人尽心尽力,devotion 表示对某人的奉献/尽心，‘尽忠’特指忠诚效忠，增加了忠君或效忠的含义。,3,83
1606840,割り勘,15144,3,f59e580t3,example,minor,餐费进行了分摊。,我们平摊了餐费。,JA『食事代を割り勘にした』表示大家各自分摊餐费，原译被动句搭配生硬。,3,83
2427820,大馬鹿,15100,2,f136e798t2,example,major,年老的傻瓜没有比大傻瓜更蠢的了。,没有比老傻瓜更蠢的傻瓜了。,諺『年をとった馬鹿ほど大馬鹿はいない』及英文都说老傻瓜最愚蠢，原译把比较关系倒置成老傻瓜不如大傻瓜蠢。,3,83
1012450,めそめそ,15126,2,f2e700t2,gloss,minor,抽泣,呜咽,whimpering 是低声呜咽/啜泣，已有抽泣义项承接 sobbing，原译重复且区分不足。,3,83
1314590,似て非なる,15167,0,f28e1258t0,gloss,major,似是而非,相似但不同,similar but different 只是相似但存在差别，‘似是而非’额外表示表面正确而实际错误，含义更重。,3,83
1314590,似て非なる,15167,5,f28e1258t5,gloss,minor,伪装的,伪……的,pseudo- 是构词前缀‘伪/假’，不是表示伪装行为的‘伪装的’。,3,83
1461880,二次会,15187,0,f43e101t0,gloss,minor,尾会,聚会后的续场,二次会是宴会或正式聚会后的第二场聚会，‘尾会’不是通行中文说法。,3,84
2866176,ちゅるちゅる,15200,0,f212e690t0,gloss,minor,咂咂地,吸溜地,with a slurp 描述吸食面条时的声音，中文常说‘吸溜地’，‘咂咂’更像咂嘴。,3,84
2866176,ちゅるちゅる,15200,1,f212e690t1,gloss,minor,咂咂地,吸溜着,slurpingly 指发出吸溜声地吃/吸，现译仍误作咂嘴声。,3,84
2866176,ちゅるちゅる,15200,2,f212e690t2,gloss,major,咂咂地,抽鼻子地,with a sniffle 指抽鼻子发声，与吸面条或咂嘴的声音不同。,3,84
2866176,ちゅるちゅる,15200,3,f212e690t3,xref,minor,③ 咂咂地（吃面条）,③ 吸溜面条,该引用义项 specifically 表示 slurping noodles，‘咂咂地’遗漏了吸溜面条的动作。,3,84
2866176,ちゅるちゅる,15200,4,f212e690t4,xref,major,④ 咂咂地；咂咂地,④ 吸溜地；抽鼻子地,xref 的两个并列释义分别是 slurp 和 sniffle，应区分吸溜声与抽鼻子声。,3,84
1477670,発送,15254,1,f44e1005t1,gloss,minor,转发,转寄,発送是寄出/发运，forwarding 在此应为转寄或转送；‘转发’通常指转发信息或邮件内容。,3,84
1744010,小太り,15259,0,f72e1122t0,gloss,minor,丰满的,微胖的,小太り表示稍胖、微胖，‘丰满’通常表示身材曲线丰满，并未表达略胖。,3,84
1095360,ハイヒール,15290,2,f8e1179t2,example,minor,高跟鞋的鞋跟折断时，连裤袜也勾丝了。,高跟鞋的鞋跟折断时，丝袜也抽丝了。,stocking 是丝袜/长筒袜，原译‘连裤袜’额外限定为裤袜；run 指袜子抽丝。,3,84
1593230,虎視眈々,15319,3,f56e1405t3,example,major,他正虎视眈眈地注视着竞争对手，想要将其拉入自己的阵营。,他正虎视眈眈地伺机算计竞争对手。,JA『競争相手を落とし入れようと』及 EN intrigue against his rival 指伺机陷害/算计对手，原译‘拉入自己的阵营’把加害意图译成拉拢。,3,84
1335340,従属,15321,2,f30e1336t2,example,major,孩子从属于父母。,孩子要遵守父母的规矩。,subject to rules 表示受规则约束/必须遵守，‘从属于父母’误成身份或组织上的隶属。,3,84
2871375,口をつく,15360,2,f217e1050t2,gloss,minor,失言,脱口而出,blurt out 表示不假思索地突然说出，不一定是说错话；‘失言’额外表示言语失当。,3,84
1449050,当座,15376,8,f41e1390t8,gloss,minor,活期存款,活期账户,checking account 是账户类型，不能只译为‘活期存款’而省略账户。,3,85
1449050,当座,15376,9,f41e1390t9,gloss,minor,活期存款,活期账户,current account 指活期账户，现译只写‘活期存款’漏掉 account。,3,85
1449050,当座,15376,11,f41e1390t11,xref,minor,活期存款；活期存款,活期账户；活期账户,xref 两项都是账户类型，现译重复漏译 account。,3,85
2847633,コーヒーを入れる,15390,0,f194e1310t0,gloss,minor,煮咖啡,泡咖啡,コーヒーを入れる是制作/冲泡咖啡，‘煮咖啡’可能被理解为将咖啡液煮沸，中文更自然地说‘泡咖啡’。,3,85
1120560,ペーパー,15393,1,f10e1018t1,example,major,我来介绍一下英国发行、在日本创刊的街头报纸《大问题》。该报只有无家可归者才能成为销售者。,我来介绍一下源自英国、在日本创刊的街头报纸《The Big Issue》。该报由无家可归者销售。,Big Issue 是报刊专名，日文原文以片假名音译且英文保留标题；旧译《大问题》按普通词义直译，改变了刊名。,3,85
1542130,遊び半分,15397,1,f50e720t1,example,major,别半开玩笑地来学校。,别抱着玩闹的心态来学校。,遊び半分表示半心半意、当作玩乐，英文 lark around 也表示在学校嬉闹；‘半开玩笑’错误地变成说话语气。,3,85
1760650,極道,15427,2,f74e591t2,gloss,minor,恶,放荡的,profligate 指放荡或挥霍无度，单译‘恶’太笼统，没表达这一特有含义。,3,85
1760650,極道,15427,4,f74e591t4,gloss,major,恶人,败家子；浪荡子,wastrel 指挥霍浪费、游手好闲的人，‘恶人’只表达一般邪恶，漏掉浪费/放荡含义。,3,85
1579980,重複,15437,4,f54e928t4,gloss,major,恢复,重复,日文重複的义项是重复/反复，与英文 restoration（恢复）明显冲突；按日文词头和同条义项应译为重复。,3,85
2845957,ほーほー,15441,0,f193e213t0,gloss,minor,呼——呼——,（猫头鹰）咕咕叫,hoots 是猫头鹰的鸣叫声，‘呼——呼——’在中文更像吹气或呼唤，未表达鸟鸣。,3,85
1685910,行き当たる,15445,2,f67e137t2,gloss,minor,撞上,偶然发现,light on（某物）表示偶然发现/碰巧找到，不是身体撞上。,3,85
2518520,シャッターを切る,15475,0,f144e286t0,gloss,minor,释放快门（相机）,按下快门（相机）,摄影术语シャッターを切る是按下/释放快门，‘释放快门’不是自然的中文操作表达。,3,85
1639760,子供だまし,15477,1,f62e1072t1,gloss,major,透明的伎俩,一眼就能看穿的伎俩,transparent 描述骗局明显、容易识破，不能译作物理性质的‘透明’。,3,85
1639760,子供だまし,15477,6,f62e1072t6,gloss,major,透明的,一眼就能看穿的,该义项 transparent 指显而易见、容易识破，不是透明材质。,3,85
1639760,子供だまし,15477,8,f62e1072t8,gloss,major,一览无余的,一眼就能看穿的,see-through 在计策语境指容易识破，不能按字面译为‘一览无余’。,3,85
1938430,少数精鋭,15480,1,f89e1777t1,example,minor,本公司是一家从事问卷录入和问卷统计的少数精锐企业。,本公司是一家由少数精英组成的创业公司，协助完成问卷录入和统计。,少数精鋭描述规模小而人员精干，原译‘少数精锐企业’搭配不当，并遗漏创业公司及问卷录入、统计的关系。,3,85
1619730,当直,15495,4,f60e1178t4,example,major,暴动发生时，当班的监工只有一个人。,暴动发生时，当班的看守只有一人。,warden 在监狱/机构语境是看守或监管人员，‘监工’指监督劳动的工头，职业含义不同。,3,85
2044450,形勢逆転,15509,2,f100e1t2,gloss,major,鞋穿在另一只脚上,风水轮流转,the shoe is on the other foot 是处境/角色反转的英语惯用语，原译按字面说鞋穿错脚，不能传达惯用义。,3,85
1350360,消防車,15539,1,f31e1984t1,gloss,minor,消防卡车,消防车,fire truck 对应中文固定名称‘消防车’，‘消防卡车’是生硬直译。,3,85
1011990,ぽっきり,15604,0,f2e615t0,gloss,minor,啪地一声地,啪地一声,snappingly 表示啪地一声地折断/断裂，‘啪地一声地’重复叠加结构助词，不合中文表达。,3,86
1011990,ぽっきり,15604,2,f2e615t2,xref,minor,啪地一声地；啪地一声,啪地一声；啪地一声,xref 第二项 with a snap 对应‘啪地一声’，原译有不自然的‘一声地’。,3,86
1188280,何かにつけて,15611,0,f16e1105t0,gloss,minor,各种各样,以各种方式,该释义是方式状语 in various ways，现译‘各种各样’只有名词性结构，缺少方式含义。,3,86
1188280,何かにつけて,15611,1,f16e1105t1,gloss,minor,各种各样,以各种各样的方式,in all sorts of ways 是方式状语，原译仅表示各种各样而未说明做事方式。,3,86
1188280,何かにつけて,15611,2,f16e1105t2,gloss,minor,随时,每逢机会,at every opportunity 指每有机会就做，‘随时’是任何时间，未体现抓住机会的语义。,3,86
1188280,何かにつけて,15611,3,f16e1105t3,gloss,minor,随时,一有机会就,whenever there is a chance 表示一有机会便会做，‘随时’范围过宽。,3,86
1122480,ホットケーキ,15630,0,f10e1315t0,gloss,minor,热饼,厚煎饼,ホットケーキ是日式较厚的煎饼/松饼，‘热饼’不是中文常用食物名称。,3,86
2869479,おじい様,15659,2,f215e833t2,gloss,minor,老人,老先生,该义项是尊称 old man，‘老人’没有尊敬语气，‘老先生’保留敬意。,3,86
2869479,おじい様,15659,3,f215e833t3,gloss,minor,年长的男性,年长的男士,elderly man 结合日文尊敬语おじい様，应体现敬称；‘年长的男性’显得生硬且不带敬意。,3,86
1006050,スイスイ,15682,2,f1e1406t2,gloss,minor,滑翔般,流畅地滑行,glidingly 是平滑滑行的动作，蜻蜓沿水面前行并非在空中‘滑翔’。,3,86
2858000,血しぶき,15689,0,f204e956t0,gloss,minor,血喷（由武器造成）,血花（武器造成的血液飞溅）,blood spray 是血液飞溅形成的血花，‘血喷’不是自然的中文名词。,3,86
1502360,仏様,15772,0,f46e1485t0,gloss,minor,（a）佛,（一位）佛陀,英冠词(a)不能原样留在中文释义中；该义指一尊佛/佛陀。,3,86
1982440,インナー,15801,2,f93e1517t2,gloss,minor,衬裙,内衣,undergarment 是内衣/贴身衣物的泛称，‘衬裙’只是其中一种具体衣物，范围过窄。,3,87
1982440,インナー,15801,4,f93e1517t4,xref,minor,内衣；衬裙；衬裙；内衣；内衣；内衣,内衣；内衣；内衣；内衣；内衣；内衣,该 xref 并列的 underwear、underclothes、undergarment、inner garment、innerwear 均泛指内衣，现译将 underclothes 和 undergarment 限定为衬裙。,3,87
1375660,成金,15828,2,f34e1048t2,gloss,minor,新钱,暴发户,new money 指新近发迹的富人/暴发户，‘新钱’在中文中不是指人的自然说法。,3,87
1262730,厳然,15836,4,f23e1530t4,gloss,major,艰难的（如事实）,不容置疑的（如事实）,厳然用于事实表示确凿、客观存在；英文 hard fact 也表示确凿事实，‘艰难的事实’是把 hard 错当成困难。,3,87
2085350,被さる,15840,2,f103e1883t2,gloss,minor,叠在……上,覆盖在……上,lie over 表示覆盖/覆在上面，‘叠在……上’表示堆叠或折叠，关系不同。,3,87
1543300,予定日,15881,2,f50e953t2,example,minor,请告知船期。,请告知预计发货日期。,英文 shipping date、日文船積み予定日是预计装运/发货日期；‘船期’更常指船舶航期，限定了运输方式。,3,87
1394480,善戦,15889,3,f36e856t3,example,minor,在绝望的战斗中，贵君师团表现优异，受到高度评价。,贵师团在这场毫无胜算的战斗中奋力作战，受到高度评价。,JA『貴君の師団』是对对方师团的敬称，中文‘贵君师团’把日语敬称直搬进句子，表达不自然。,3,87
2848274,カクカク,15859,5,f195e530t5,gloss,minor,笨拙的,运行不流畅的,该义项是计算机图像 choppy/lagged 的显示状态，clunky 在此表示画面运行不顺，不是物体笨拙。,3,87
1587680,威容,15903,1,f55e1338t1,gloss,minor,雄伟的容貌,雄伟的气派,majestic appearance 指雄伟庄严的整体气度/外观，中文‘雄伟的容貌’通常只说面部，搭配不当。,3,87
1587680,威容,15903,2,f55e1338t2,gloss,minor,令人敬畏的容貌,令人敬畏的气势,imposing appearance 指令人敬畏的整体外观或气势，不专指容貌。,3,87
2864617,ブラッド,16021,0,f210e1816t0,gloss,major,订书钉,小钉子（细钉）,EN 明确标注 brad 是一种 nail（钉子），不是用于装订的订书钉。,3,88
2028440,顔が利く,16035,4,f98e609t4,example,minor,他在这一带的店里很有面子。,他是这一带酒吧的常客。,英文例句 says he is a regular，表示常客；日文顔がきく也说明他是当地熟面孔，原译‘很有面子’偏向声望。,3,88
1535760,勿体,16056,1,f49e1586t1,gloss,major,重要感,自命不凡；摆架子,air of importance 指摆架子、自以为重要，‘重要感’描述重要性的感觉，不是该行为。,3,88
1112270,フレー,16063,0,f9e1745t0,gloss,minor,加油！,好耶！,hurray 是欢呼/喝彩，‘加油’对应鼓劲的 go on，不是欢呼本身。,3,88
1112270,フレー,16063,1,f9e1745t1,gloss,minor,加油！,好耶！,hooray 是表达喜悦的欢呼，宜译‘好耶/万岁’，不能与鼓励用语‘加油’混同。,3,88
1035320,オペレーター,16075,1,f4e315t1,example,minor,那就问问104号的操作员吧。,那就问问104查号台吧。,日本104是电话查号服务，operator 是查号台接线员，不是机器操作员。,3,88
2517020,胸を締め付ける,16105,2,f143e1971t2,gloss,major,令心绞痛,令人心如刀绞,wrench one's heart 是使人心痛的情感比喻，原译‘令心绞痛’误成身体疾病。,3,88
1782910,話半分,16168,0,f76e1410t0,gloss,major,姑息地听信故事,对故事半信半疑,话半分表示听故事时只信一半、保留判断；‘姑息地听信’变成宽容地相信，方向相反。,3,88
1782910,話半分,16168,1,f76e1410t1,gloss,minor,将故事打对折,只信一半；对故事打折看待,discounting half the story 是对故事内容打折、不要全信，单译‘将故事打对折’生硬且易按字面理解。,3,88
2069090,ガシガシ,16170,3,f102e769t3,example,major,母亲叹了口气，用手抚摸着已上高一的儿子的头。,母亲叹了口气，揉乱了已经上高一的儿子的头发。,英文 tousled his hair 明确是把头发揉乱/揉蓬，JA がしがしと撫でた表示粗略有力地揉摸；原译‘抚摸’过于轻柔。,3,88
1516180,宝玉,16216,1,f48e41t1,gloss,major,珍贵矿石,珍贵宝石,precious stone 指宝石/珍贵的石头，不是含有矿物的‘矿石’。,3,88
1906290,太い腕,16268,1,f87e587t1,gloss,minor,壮臂,粗壮的手臂,太い腕是粗壮的手臂，‘壮臂’不是自然的中文表达。,3,89
1436100,底本,16271,0,f40e847t0,gloss,critical,底無し,底本；原本,日文底本和英文 original text 都指作为依据的底本/原本；旧译‘底無し’是无底、‘底力’是潜力，均为明显错译。,3,89
1436100,底本,16271,1,f40e847t1,gloss,critical,底力,底本；原始文本,source book 在此指用作参照的底本/原始文本；‘底力’意为潜力，与释义无关。,3,89
1436100,底本,16271,2,f40e847t2,gloss,critical,帝土,草稿,EN draft 对应草稿/初稿，旧译‘帝土’不成词义，是明显数据错误。,3,89
1533780,妄執,16294,0,f49e1167t0,gloss,minor,根深蒂固的错觉,根深蒂固的妄念,佛教术语妄執是执迷、妄念，不是感知错误意义的‘错觉’。,3,89
1533780,妄執,16294,1,f49e1167t1,gloss,minor,基于错误信念的坚定看法,基于错误信念的执迷,firm conviction based on incorrect beliefs 指基于错误信念的执念/执迷，‘看法’弱化了固执执着的义项。,3,89
1235700,協調,16318,4,f21e256t4,example,minor,要在企业经营中发挥作用，需要的是与许多人协作完成任务的协调精神。,要在企业经营中有所作为，需要具备与许多同事协作完成工作的团队精神。,EN 明确是 team spirit，JA 是与同伴共同完成工作所需的協調精神；‘协调精神’不如‘团队协作精神’自然准确。,3,89
1036900,カウンセラー,16326,1,f4e564t1,gloss,minor,顾问,咨询师,counsellor 是 counselor 的英式拼法，二者同义；同组 t0 已译为‘咨询师’，不应把同一职位译成泛称‘顾问’。,3,89
1270520,ご馳走様,16327,2,f24e1012t2,gloss,minor,谢谢（感谢展示亲密行为）,谢谢你们秀恩爱。,该戏谑义是对旁人亲昵秀恩爱的调侃式回应，原译‘感谢展示亲密行为’逐字直译，语气和用法都不自然。,3,89
1051560,コレクタ,16339,0,f5e797t0,gloss,critical,集线器,收藏家,例句和 EN collector 明确指收藏者，‘集线器’是网络/电子设备，完全错义。,3,89
1658460,持ち味,16341,3,f64e592t3,example,critical,“逢敌必击碎”正是我的拿手好戏。,“不入虎穴，焉得虎子”正是我的行事风格。,"日文『当たって砕けよ』及英文 nothing ventured, nothing gained 表示勇于尝试、不怕失败；‘逢敌必击碎’凭空引入敌人与击碎，完全改变原意。",3,89
2454190,そろり,16372,1,f138e1871t1,gloss,minor,平滑地,平稳地,smoothly 描述动作顺畅平稳，‘平滑’通常形容表面或曲线，不自然地用于动作。,3,89
2401810,家庭を持つ,16387,1,f133e1430t1,gloss,minor,养育家庭,养育子女,raise a family 是抚养子女/养家，‘养育家庭’容易理解为养育一个家庭，中文搭配不成立。,3,89
1000900,いびる,16392,2,f1e144t2,example,minor,别捉弄我。,别欺负我。,JA いびる表示欺负、刁难，英文 pick on 也为欺负；‘捉弄’偏向开玩笑式戏弄，程度不符。,3,89
2711920,期せずして,16459,0,f162e1586t0,gloss,major,不知不觉地,出乎意料地,期せずして表示出乎意料，‘不知不觉’表示未察觉地做某事，语义不同。,3,90
2851537,万死に値する,16461,0,f198e526t0,gloss,critical,万死不辞,罪该万死,万死に値する表示罪该万死、死有余辜，现译‘万死不辞’却表示甘愿赴死，意思相反。,3,90
2851537,万死に値する,16461,1,f198e526t1,info,critical,万死不辞,应受万死之罚,原英文是 deserve to die ten thousand deaths，现译‘万死不辞’再次误作甘愿赴死，与原意相反。,3,90
1469720,粘性,16483,2,f43e1386t2,gloss,minor,胶状的,黏稠的,gluey 表示像胶一样黏稠，‘胶状的’描述形状/状态而非黏性。,3,90
2157220,心が広い,16504,0,f111e365t0,gloss,minor,慷慨的,宽厚的,心が広い表示心胸宽广、待人宽厚；generous 在此是精神上的宽厚，‘慷慨’容易仅理解为肯花钱。,3,90
1448970,当該,16525,0,f41e1368t0,gloss,major,适当的（如当局）,相关的（如有关当局）,当該在 authorities 搭配中指有关/主管当局，‘适当的当局’把相关性误成合适程度。,3,90
2021060,こじつけ,16539,3,f97e1362t3,gloss,minor,苛求,牵强的借口,こじつけ是牵强的解释或借口，‘苛求’表示要求过严，词义不符。,3,90
2831077,顎をしゃくる,16564,0,f178e1928t0,gloss,minor,点头示意,扬下巴示意,jerk one's chin 是扬/一抬下巴的动作，日文顎をしゃくる也不是点头，现译改变了动作。,3,90
2831077,顎をしゃくる,16564,1,f178e1928t1,gloss,minor,点头示意,朝……扬下巴示意,nod toward 在该固定表达中是用下巴朝某方向示意，不是点头。,3,90
2831077,顎をしゃくる,16564,3,f178e1928t3,xref,minor,③ 点头示意,③ 扬下巴示意,xref 指向同一‘jerk one's chin’动作，应译为扬下巴示意而非点头。,3,90
1472260,拝啓,16566,0,f43e1883t0,gloss,minor,某某先生（敬语）,尊敬的某某：,拝啓是正式书信开头的称呼，对应 Dear (so and so)，原译只给出某某先生，缺少书信称谓格式。,3,90
1472260,拝啓,16566,1,f43e1883t1,gloss,minor,先生（敬语）,尊敬的先生：,Dear Sir 是信件称呼语，中文应使用‘尊敬的先生：’，而不是单称‘先生’。,3,90
1472260,拝啓,16566,2,f43e1883t2,gloss,minor,女士（敬语）,尊敬的女士：,Dear Madam 是信件称呼语，现译缺少正式称呼结构。,3,90
1472260,拝啓,16566,3,f43e1883t3,gloss,minor,收信人（敬语）,敬启者：,To Whom It May Concern 是正式信函中不指定收件人的称呼语，中文对应‘敬启者’，不是‘收信人’。,3,90
1287690,ほくろ,16683,1,f26e78t1,gloss,major,雀斑,黑斑（色素斑）,lentigo 指色素斑/黑斑，不是通常指雀斑的 freckle；原译混淆了不同皮肤色素斑类型。,3,91
1780120,機械仕掛け,16729,2,f76e669t2,gloss,major,机械装置,弹簧玩具盒,jack-in-the-box 是弹簧弹出的玩具盒这一具体物件，不能译成泛指的机械装置。,3,91
1437530,適量,16769,4,f40e1094t4,example,critical,破坏,取下墨水补充瓶的瓶盖，用滴管吸取墨水，向记号笔笔芯滴入适量墨水。,日文与英文都在说明取下瓶盖、吸取墨水并滴入适量墨水；原译“破坏”与整句内容无关。,3,91
1276620,口直し,16789,5,f24e1973t5,info,minor,餐间用于清洁口腔的菜肴或饮品,餐间用于清除口中余味的菜肴或饮品,cleanse one's palate 是清除/刷新味觉余味，原译“清洁口腔”容易误作口腔卫生清洁。,3,91
2126680,一欠片,16831,3,f108e116t3,example,minor,一小块面包不足以填饱他的饥饿。,一小块面包不足以填饱他的肚子。,日文飢えを満たす及英文 satisfy his hunger 均指充饥；原译“填饱他的饥饿”搭配不通。,3,91
1522500,本校,16861,0,f48e1144t0,gloss,minor,本部,总校,main/principal school 指一个学校体系中的主校；“本部”是泛指总部的表达，作为校别释义不够准确。,3,92
1952390,重し,16872,0,f91e342t0,gloss,major,石重（用于腌菜坛盖上的石重）,压菜石（用于腌菜坛盖）,释义明确指腌菜坛盖上压住食材的石块，原译“石重”是生硬倒装，不能表达该物件。,3,92
1952390,重し,16872,3,f91e342t3,xref,minor,腌菜坛盖上的石重,腌菜坛盖上的压菜石,xref 引用的是用于腌菜坛盖的石质压物，原译“石重”不自然且未说明其用途。,3,92
1595110,仕分ける,17015,2,f57e110t2,gloss,major,会计分录,登记会计分录,journalize 是会计记账的动作，原译“会计分录”只表示名词，没有表达动词义。,3,92
1595110,仕分ける,17015,3,f57e110t3,gloss,major,会计分录,登记会计分录,journalise 是 journalize 的英式拼法，同样是会计记账动作；原译仅给出名词“会计分录”。,3,92
1088230,ドサ,17054,0,f8e119t0,gloss,minor,砰,咚的一声,ドサ及英文 thud 都表示沉闷的重物落下声；“砰”更常表示爆裂或较响亮的撞击声。,3,92
1469470,念仏,17140,2,f43e1341t2,info,major,专念阿弥陀佛的三句佛号“南无阿弥陀佛”,由“南无阿弥陀佛”组成的三词佛号,英文明确说 three-word invocation，指 Namu Amida Butsu 这一组三词佛号；原译“三句佛号”误把词当成句。,3,93
1312120,視聴率,17145,1,f28e734t1,gloss,major,观众评级,收视率,audience rating 在电视节目语境中是收视率，原译“观众评级”误作对观众进行评级。,3,93
2521710,メロンパン,17148,0,f144e989t0,gloss,major,melonpan,蜜瓜包,melonpan 是日式甜面包的食品名，原译保留未翻译的拉丁字母，不是可直接使用的中文释义。,3,93
2521710,メロンパン,17148,1,f144e989t1,info,minor,半圆形面包，带有仿制melon风味,半圆形、带仿蜜瓜香味的面包,源文说明半瓜形面包带人工蜜瓜风味；原译把 melon 留在中文句中未翻译。,3,93
2521710,メロンパン,17148,3,f144e989t3,xref,major,melon（特别是哈密瓜，Cucumis melo）,甜瓜（尤指哈密瓜）,xref 所指的 Cucumis melo 是甜瓜类（此处尤指 muskmelon/哈密瓜），原译保留英文 melon 未翻译。,3,93
2857733,はいずり回る,17173,0,f204e469t0,gloss,major,蠕动,爬行,creep about 与 はいずり回る 指贴地爬行，原译“蠕动”描述身体波动式移动，不能准确表达爬行。,3,93
2857733,はいずり回る,17173,2,f204e469t2,xref,major,蠕动；爬行,爬行；到处爬,xref 的 creep about/crawl around 表示到处爬行，原译“蠕动”与动作不符。,3,93
1218780,喜悦,17208,0,f19e948t0,gloss,critical,欢歌,喜悦,喜悦对应 joy；原译“欢歌”表示欢乐的歌，与词义不同。,3,93
1148880,ワイングラス,17265,0,f12e1112t0,gloss,minor,酒杯,葡萄酒杯,wine glass 特指盛葡萄酒的杯子，原译“酒杯”范围更宽，未保留饮用对象限定。,3,93
1317830,自治体,17305,0,f28e1828t0,gloss,major,市,地方自治体,municipality 是地方自治体，范围可包括市、町、村等行政单位，原译“市”将其限缩为一种自治体。,3,94
2596960,日本代表,17328,1,f151e943t1,gloss,major,日本使者,日本代表,delegate 是代表/代表人，原译“使者”表示传信或出使者，身份含义不同。,3,94
1289490,今風,17340,3,f26e494t3,gloss,critical,></span>,时髦的,英文 trendy 指时髦、流行；现有译文是损坏的 HTML 残片，不是中文释义。,3,94
2105610,鉈,17388,0,f105e1931t0,gloss,major,鉈,柴刀,日语鉈/なた及信息栏均指木工、狩猎使用的宽刃刀具；汉字“鉈”在中文里不能表达该工具。,3,94
1610020,済まない,17409,1,f59e1354t1,gloss,major,不可理喻的,不可辩解的,unjustifiable 表示没有正当理由、不可辩解，原译“不可理喻”是指不讲道理的人或行为。,3,94
2382180,発信源,17430,1,f131e1781t1,gloss,minor,发送源,源头,point of origin 指起源点/源头，不要求是发出传输的发送端；原译重复了字段 t0 的窄义“发送源”。,3,94
1389000,千切り,17458,2,f35e1756t2,example,major,把切成四分之一的白菜切成稍粗的千丝状。,把切成四瓣的白菜切成稍宽的细丝。,日文太めの千切り与英文稍宽的 strips 都指切成稍宽的细丝；“千丝状”不是通顺的中文说法。,3,94
1234610,共食い,17501,0,f21e91t0,gloss,major,食人（动物）,同类相食（动物）,共食い及英文 cannibalism (in animals) 指动物吃同类，原译“食人”字面变成吃人。,3,95
1281970,行商,17544,1,f25e921t1,gloss,major,行销,沿街兜售,peddling 是沿街或挨户兜售，原译“行销”通常指营销/销售渠道活动，未表达游贩兜售义。,3,95
1544480,余白,17599,1,f50e1281t1,gloss,major,边栏,页边空白,余白及例句都指文章页面上的 margin（页边空白），原译“边栏”通常指侧边栏或栏位。,3,95
1004090,ぐにゃぐにゃ,17667,2,f1e984t2,gloss,minor,柔软而富有弹性的,柔软易弯的,soft and pliable 指柔软且容易弯曲，原译“富有弹性”增加了回弹性含义。,3,95
1720290,新兵,17675,1,f70e1003t1,gloss,major,新兵,应征入伍者,conscript 特指应征/征召入伍的人，原译“新兵”只说明新入伍身份，未保留征召义。,3,95
1408890,打算的,17694,0,f37e1711t0,gloss,major,计算的,工于算计的,英语 calculating 用来形容人时指工于算计、有心机，日文打算的也含此贬义；原译“计算的”是字面计算行为。,3,95
2667100,世間の目,17760,3,f158e888t3,gloss,major,金鱼缸,处处被人注视的处境,goldfish bowl 比喻持续暴露在公众注视之下的处境，原译“金鱼缸”是字面物件，中文读者无法据此理解该义。,3,96
2841336,諦めの悪い,17885,0,f188e1802t0,gloss,minor,不知何时该放弃,不肯轻易放弃的,日语諦めの悪い指不甘心放弃、很难放手；原译“不知何时该放弃”容易理解成缺乏判断时机。,3,96
2797350,心をつかむ,17917,1,f171e157t1,gloss,major,赢得（某人）的心智,赢得（某人）的心和认同,heart and mind 在此指感情和支持/认同，不是中文“心智”（智力或认知能力）。,3,96
1597900,付け合わせ,17961,1,f57e1142t1,gloss,minor,配料,配菜,在菜肴语境里 trimmings 指搭配主菜的配菜，原译“配料”更像烹饪时加入的材料。,3,97
1597900,付け合わせ,17961,2,f57e1142t2,gloss,major,配件,佐餐配料,fixings 指食物的配料/佐餐搭配，原译“配件”指器物部件，与食物义不符。,3,97
1378830,生家,18117,1,f34e1615t1,example,major,这是他的出生地。,这是他出生的那座房子。,英文和日文都指他出生的房子，原译“出生地”可指地区或地点，遗漏了房屋这一具体对象。,3,97
2837842,人使いが荒い,18174,1,f185e1133t1,gloss,major,做监工,像个苛刻的雇主,slave-driver 指强迫雇员/工人过度劳动的苛刻雇主，原译“做监工”只表示监督工作，漏掉剥削、严苛含义。,3,97
1007960,ちんちん,18212,5,f1e1794t5,gloss,major,（狗）直立乞食,（狗）直立讨食,狗のちんちん指狗以两腿站立、举起前爪讨食的姿势；“乞食”在中文通常指乞讨者，语义和使用对象容易误解。,3,98
1007960,ちんちん,18212,6,f1e1794t6,example,major,狗停止了乞食，恢复了四肢着地的姿势。,狗停止了讨食，恢复四肢着地的姿势。,JA 的四つ足に戻る及 EN on all fours 都是恢复四肢着地；原译将狗的 begging 译成“乞食”，不符合中文宠物语境。,3,98
1007960,ちんちん,18212,12,f1e1794t12,note,critical,爱县方言,爱知县方言,Aichi 是日本爱知县，原译“爱县”漏掉“知”并误写地名。,3,98
1931310,菓子パン,18246,0,f89e406t0,gloss,major,甜糕点（如丹麦酥、 melon bread 等）,甜糕点（如丹麦酥、蜜瓜包等）,该释义示例中的 melon bread 是日本甜面包メロンパン，原译将英文词组留在中文括号内未翻译。,3,98
2121850,宿代,18248,3,f107e1077t3,example,minor,为了节省住宿费，我们睡在了野宿处。,为了节省住宿费，我们在外露宿了。,JA 与 EN 都说为省住宿费睡在户外，原译“野宿处”像一个特定地点，且整句搭配不自然。,3,98
1575140,オウム,18361,2,f53e1517t2,xref,major,真鹦鹉（特别是小型鹦鹉，如鹦鹉、红舌鹦鹉和锥尾鹦鹉）,真鹦鹉（特别是小型鹦鹉，如长尾小鹦鹉、吸蜜鹦鹉和锥尾鹦鹉）,parakeet 指长尾小鹦鹉一类，原译泛译为“鹦鹉”丢失了英文举例的类别信息。,3,98
1296940,財団,18404,0,f26e1713t0,gloss,major,财团（机构）,基金会（机构）,foundation (institution) 是基金会；中文“财团”通常指大型企业/金融集团，不是公益或研究机构。,3,99
1296940,財団,18404,3,f26e1713t3,example,major,数百人给大猩猩财团研究所打电话或写信。,数百人给大猩猩基金会研究所打电话或写信。,JA 将 Gorilla Foundation 作为机构专名，英文明确为 Foundation；原译“财团研究所”误解组织类型。,3,99
1384940,切れない,18462,0,f35e965t0,gloss,major,……得不得了,……不完；无法完全……（因数量过多）,～きれない 表示因数量/程度过多而无法全部完成；原译“……得不得了”表示程度非常高，方向相反。,3,99
2733840,頼もう,18550,1,f164e1589t1,gloss,major,请让一下,打扰了,该古语是来访武士请求入内时的招呼（note 明示），意为“借问/打扰了”，不是请别人让路。,3,99
2004290,ひしめき合う,18607,1,f96e102t1,gloss,minor,聚众闹事,聚集喧闹,gather and make a commotion 是聚集并喧闹，原译“聚众闹事”额外断定违法闹事。,3,99
2208960,架ける,18697,4,f116e953t4,example,minor,简靠着树，背靠着树干，等待着。,简靠着树等待着。,日文与英文都表示背靠着树等待，原译重复写了“靠着树”和“靠着树干”。,3,100
2221100,白目をむく,18721,3,f117e1926t3,example,major,她昏厥了。,她翻着白眼。,日文白目をむく与英文 eyes are rolled back 描写的是眼睛翻白，原译“昏厥”只推断状态、漏掉了可见动作。,3,100
1390130,戦く,18731,1,f35e1989t1,gloss,major,畏缩,战栗,shudder 是因寒冷或情绪而颤抖，原译“畏缩”表示退缩或胆怯，不是身体颤动。,3,100
1750780,晴れ姿,18824,1,f73e575t1,gloss,major,凯旋而归,在重要场合盛装亮相,日文晴れ姿指人在喜庆/重要场合穿着盛装的样子；原译“凯旋而归”无根据地限定为胜利归来。,3,100
2842544,アイドルグループ,18724,1,f189e1995t1,gloss,minor,男子乐队,男子组合,boy band 通常指男子演唱组合，不一定是演奏乐队；原译“男子乐队”容易误解为乐器乐队。,3,100
2842544,アイドルグループ,18724,3,f189e1995t3,xref,minor,① 表演者（通常在男子乐队或女子组合中），其形象经过精心塑造以培养忠实粉丝；日本偶像,① 表演者（通常属于男子组合或女子组合），其形象经过精心塑造以培养忠实粉丝；日本偶像,源释义的 boy band 是男子演唱组合，原译“男子乐队”容易误解为演奏乐队。,3,100
2869534,ガチャッ,18900,0,f215e980t0,gloss,minor,发出哐当声地,哐当一声,拟声副词 with a clank 应译为声音本身，原译“发出哐当声地”语法不通。,3,101
1393840,前年,18904,0,f36e767t0,gloss,major,前年,前一年,the preceding year 是相对于某参照年份的前一年；现代中文“前年”通常指去年之前一年，会产生错位。,3,101
1393840,前年,18904,2,f36e767t2,gloss,major,前年,去年,last year 指去年，中文“前年”通常指去年之前一年，时间错了一年。,3,101
1190830,可視化,18927,3,f16e1562t3,gloss,major,记录,对警方讯问过程进行录音录像,在法律语境中可視化指将讯问过程以影像记录（通常录音录像），原译笼统的“记录”遗漏了视觉记录这一限定。,3,101
1482170,晩餐会,18995,2,f44e1837t2,example,critical,我们把晚餐聚会介绍给了他。,我们邀请他参加晚宴。,JA 与英文都说邀请他参加晚宴，原译“把晚餐聚会介绍给了他”把邀请误成介绍。,3,101
1542940,預言者,19009,3,f50e859t3,example,major,既然你不是基督，也不是以利亚，也不是那位预言家，你为什么给人施洗呢？,既然你不是基督，也不是以利亚，也不是那位先知，为什么要施洗呢？,英文大写 the Prophet 且上下文是基督教经文人物称谓，中文宗教语境应称“先知”，不是泛指的“预言家”。,3,101
2029430,靴箱,19061,0,f98e782t0,gloss,major,鞋盒,鞋柜,日语靴箱是收纳鞋子的柜/箱，且同组英译另列 shoe shelf；原译“鞋盒”通常指装新鞋的纸盒。,3,101
2105430,使用中,18972,2,f105e1892t2,gloss,minor,忙碌,被占用,engaged 在使用中语境指被占用（例如电话线路或卫生间），原译“忙碌”通常形容人忙。,3,101
1280850,絞殺,19101,0,f25e722t0,gloss,major,扼杀,勒死（使其窒息而死）,strangling to death 是勒死/扼死，原译“扼杀”常用于比喻压制，未清楚表达致死的窒息行为。,3,102
1280850,絞殺,19101,1,f25e722t1,gloss,major,绞刑,勒杀；扼颈致死,strangulation 指勒颈致死，原译“绞刑”特指司法处决方式，并非一般的绞杀。,3,102
2755870,シラフ,19150,5,f166e1929t5,gloss,minor,清醒的脸,清醒的神情,sober face 指未醉酒时清醒、正常的神情，原译“清醒的脸”搭配生硬。,3,102
2705630,膝げり,19178,1,f162e318t1,gloss,major,跪膝,膝击,kneeing 是用膝部击打/膝击，原译“跪膝”容易理解为跪姿或跪下。,3,102
2009680,ぺったんこ,19205,4,f96e1204t4,example,major,饿得肚子咕咕叫。,饿得肚子瘪瘪的。,日文腹がぺしゃんこ描述饥饿时肚子瘪下去，原译“咕咕叫”增加了源文没有的肠鸣。,3,102
1566240,孵化,19231,1,f52e1619t1,gloss,minor,孵,孵化,hatching 对应中文“孵化”，原译“孵”只作动词或过程词根，作为名词释义不完整。,3,102
2843320,耳に付く,19244,1,f190e1513t1,gloss,major,入耳,吸引听者的注意,catch one's ear 是引起听者注意，原译“入耳”常表示悦耳或听来合意，意义不同。,3,102
2513540,そのこと自体,19270,1,f143e1288t1,gloss,major,作为此类,本身；就其本身而言,そのこと自体与英文 in itself 指事物本身，原译“作为此类”误把 such 理解成“此类”。,3,102
1549130,濫立,19285,1,f51e250t1,gloss,minor,并排站立,并排林立,该词义举例对象是建筑物等并排而立，原译“并排站立”用于人更自然，未贴合建筑语境。,3,102
1327700,手始め,19289,3,f29e1873t3,example,minor,起初，是访问三大宗教的圣地耶路撒冷。,我首先访问了三大宗教的圣地耶路撒冷。,手始めは说明这是首先着手的事，原译“起初，是访问……”句式不通顺且模糊了先后顺序。,3,102
2851496,スチール,19296,0,f198e451t0,gloss,critical,偷垒（棒球、篮球）,抢断（篮球）；盗垒（棒球）,篮球里的 steal 是抢断，棒球里的 steal 是盗垒；原译“偷垒”错误套用于篮球。,3,102
2856119,ナイスキャッチ,19330,0,f202e1418t0,gloss,major,好球,接得好,英文为nice catch，指接住球的动作；好球通常是夸投球，错置了评价对象。,3,103
2856119,ナイスキャッチ,19330,1,f202e1418t1,gloss,major,好球,漂亮接球,英文good catch指成功接球，原译好球易被理解为好球路或好球（棒球判定）。,3,103
1000470,あべこべ,19354,4,f1e80t4,gloss,minor,相反,前后颠倒,back-to-front指前后位置颠倒，原译相反未表达具体方向。,3,103
1169840,飲み放題,19399,0,f14e1314t0,gloss,critical,用于支付酒费的金额总计为7000美元。,畅饮（不限量）,飲み放題及英文all you can drink均指不限量饮酒；原译与日英释义完全无关。,3,103
1169840,飲み放題,19399,1,f14e1314t1,gloss,critical,逃酒,不限量饮酒,bottomless cup指可无限续杯的畅饮服务，原译逃酒意思相反且错误。,3,103
1571020,膀胱,19424,1,f53e608t1,gloss,major,尿囊,膀胱,英文urinary cyst在此是膀胱的旧式同义表达；尿囊是不同胚胎结构，不符词头膀胱。,3,103
2077980,かたり,19491,0,f103e343t0,gloss,major,哧啦,咔嗒声,日语かたり／かたん及clatter/clunk指硬物发出的咔嗒或咯噔声，哧啦通常指摩擦、撕裂声。,3,103
2077980,かたり,19491,1,f103e343t1,gloss,major,哧啦地,咔嗒作响地,clatteringly为硬物咔嗒作响地，哧啦地错误暗示摩擦声。,3,103
1467090,韭,19533,0,f43e973t0,gloss,major,蒜苗（Allium tuberosum）,韭菜（Allium tuberosum）,Allium tuberosum是韭菜，蒜苗通常指葱属其他植物，种名约束不符。,3,103
1467090,韭,19533,2,f43e973t2,gloss,major,中国大葱,韭菜,Chinese leek在此由学名Allium tuberosum限定为韭菜；大葱是不同蔬菜。,3,103
2727760,即戦力,19560,2,f164e562t2,gloss,minor,即时资产（对团队或公司）,（对团队或公司而言）可立即发挥作用的资源,immediate asset指可立即发挥作用的资源；即时资产是生硬直译，且容易被理解为财务资产。,3,104
1710150,防弾,19577,1,f69e1142t1,gloss,major,防弹,防爆,bombproof是防爆／防炸，不能译为防弹；日语防弾只对应bulletproof。,3,104
2834767,お目付け役,19663,0,f182e1015t0,gloss,minor,监护人,监督者,此处watchdog指监督、监察他人的角色，监护人是法定照料者，语义不同。,3,104
1943550,吐しゃ物,19669,0,f90e835t0,gloss,major,呕吐物,呕吐物和排泄物,英语明列vomit and excreta，原译漏掉排泄物，与同源异写条目对应的释义一致。,3,104
1593290,小包,19672,1,f56e1430t1,gloss,major,包装,包裹,小包的package指包裹／包件，包装通常指包装材料或包装行为。,3,104
1823190,問題外,19689,1,f80e1084t1,gloss,minor,不可思议,无法接受,unthinkable在问题外语境中指不能接受或不可能考虑，不是不可思议（令人惊奇）。,3,104
2087760,飛距離,19717,2,f104e384t2,gloss,major,（箭的）飞行,（箭的）射程,飞距及flight均指箭飞行的距离；原译飞行遗漏了核心的距离义。,3,104
2829647,バフ,19842,0,f177e1086t0,gloss,minor,buff（颜色）,浅黄褐色,buff在颜色义中指浅黄褐色，保留英文色名不便于中文读者理解。,3,105
2829647,バフ,19842,1,f177e1086t1,gloss,major,buffing,抛光,英文buffing是抛光动作，原译仍为英文，未提供中文释义。,3,105
1416050,叩き,19883,9,f38e1097t9,xref,major,日本痛击,抨击日本,Japan bashing指对日本的猛烈批评，不能直译为对日本的身体痛击。,3,105
2211100,キスシーン,19894,2,f116e1350t2,example,minor,“学校走廊里，浓吻场景……我都听到了！”“才不是浓吻呢！那是夸大其词……”,“学校走廊里的热烈吻戏……我都听说了！”“才不热烈呢！越传越夸张了……”,日语濃厚なキスシーン及英文passionate kiss scene指热烈的吻戏；浓吻在中文中不通顺。,3,105
1260440,遣り通す,19936,3,f23e1129t3,example,minor,你必须贯彻到底你的计划。,你必须把计划贯彻到底。,原译“贯彻到底你的计划”语序不通；日语及英文均为必须坚持执行计划。,3,105
1893020,力を試す,19945,0,f86e923t0,gloss,minor,试力,试试自己的实力,力を試す及英文try one's strength指检验自身实力，试力在中文不自然且含义不清。,3,105
1883490,尻窄み,19978,2,f85e1653t2,gloss,major,意犹未尽,扫兴的结尾,anticlimax指令人失望、扫兴的结尾；意犹未尽是还想继续，语义相反。,3,105
1650960,愚息,19990,1,f63e1230t1,example,critical,虽然我是个无可救药的蠢货，但还是请多多关照。,我这个不成器的儿子，还请多多关照。,日语原句用愚息谦称自己的儿子并请求关照；原译把愚息误成说话人自称蠢货。,3,105
1610990,夏バテ,20011,0,f59e1590t0,gloss,major,中暑,苦夏,夏バテ是夏季暑热导致的疲倦不适（苦夏），不是中暑这一急性热病。,3,105
1275300,勾配,20062,3,f24e1796t3,gloss,major,等级,坡度,此处勾配指倾斜程度，屋顶坡度例句也印证此义；等级是grade的错误常用义。,3,106
2056950,有無を言わせず,20146,1,f101e374t1,gloss,major,随心所欲地,不由分说地,有無を言わせず／willy-nilly在此指不容分说地强行，不是随心所欲。,3,106
1270710,神輿,20198,1,f24e1081t1,info,minor,在祭典中于街头抬行的便携式神道教神社,祭典时抬着在街上巡游的便携式神舆（神道祭祀用）,英文portable Shinto shrine指祭典中由人抬行的神舆；神社是固定的祭祀场所，原译误作神社。,3,106
1471900,俳句,20235,1,f43e1805t1,info,major,十七音诗，通常分为5、7、5三个音节,十七拍的诗，通常分为三句，每句分别为5、7、5拍,俳句格律计日语拍（mora），不是音节；原译把音节单位误作诗律单位。,3,106
1517310,法人,20360,6,f48e223t6,xref,major,②自然人；实体人,②自然人；自然人,natural person和physical person均为与法人相对的自然人法律主体；实体人不是对应的法律术语。,3,107
1056890,サド,20369,2,f5e1566t2,gloss,major,施虐狂,施虐癖,sadism指施虐癖／施虐行为倾向，施虐狂则指具有该倾向的人（sadist），词性和对象不符。,3,107
1056890,サド,20369,3,f5e1566t3,xref,major,施虐狂,施虐癖,交叉引用释义sadism仍指施虐癖，不是施虐者本人。,3,107
1225820,義手,20412,0,f20e469t0,gloss,major,假手,假肢（手臂）,義手及artificial arm指上肢假肢；假手可能误解为单独的手部假体，且非标准通称。,3,107
1301260,三途の川,20413,1,f27e592t1,gloss,minor,三渡河,三途河,River of Three Crossings是日本佛教三途川的字面释义，三途是固定名称，三渡河误作普通渡河。,3,107
1002070,お手玉,20512,2,f1e455t2,gloss,major,抛球,接球失误,棒球语境的bobbling the ball指接球时处理失误、让球弹跳脱手；抛球是主动投掷，意思不同。,3,108
1512480,便宜,20537,0,f47e1334t0,gloss,major,便宜,便利,日语便宜（びんぎ）及英文convenience均为便利、方便，不是中文便宜（低价）。,3,108
1547220,養父,20565,2,f50e1818t2,xref,minor,亲生父亲；自然父亲；生物学父亲,生父；生父；亲生父亲,natural father和biological father分别指生父、亲生父亲；‘自然父亲’和‘生物学父亲’均是生硬直译。,3,108
1593470,更衣,20592,1,f56e1501t1,gloss,minor,读音为“更衣”的音读,换季时更换衣物,英文指随季节更换衣物，现译误把释义改成读音说明。,3,108
1593470,更衣,20592,2,f56e1501t2,note,major,① 换衣服,“更衣”在此读作熟字训,该字段是读音说明；现译将其错误写成换衣服释义。ころもがえ是更衣的熟字训读。,3,108
1593470,更衣,20592,3,f56e1501t3,example,major,换季着装,差不多该开始换季换衣服了。,日语表达说很快该换季换衣，英文保留了第一人称need to；原译只是名词短语，漏译句意。,3,108
1593470,更衣,20592,4,f56e1501t4,xref,minor,季节性的换装,换衣服,交叉引用对象changing one's clothes指换衣服，原译擅自加入季节限定。,3,108
1593470,更衣,20592,5,f56e1501t5,gloss,major,换季着装,翻新,renovation指翻新、改造，不是换季着装。,3,108
1593470,更衣,20592,6,f56e1501t6,gloss,major,读音为“更衣”的音读,翻新；改造,facelift在此指外观翻新改造，现译错置为读音说明。,3,108
1593470,更衣,20592,7,f56e1501t7,gloss,major,① 换衣服,重新设计,redesign指重新设计，原译错置为换衣服。,3,108
1593470,更衣,20592,8,f56e1501t8,gloss,major,换季着装,重新装修,redecoration指重新装饰、装修，原译错置为换季着装。,3,108
1593470,更衣,20592,9,f56e1501t9,gloss,major,换衣服,新面貌,new appearance指新的外观／面貌，原译错置为换衣服。,3,108
1593470,更衣,20592,10,f56e1501t10,gloss,major,更衣女官,焕然一新的外观,fresh look指焕然一新的外观，原译更衣女官完全不符。,3,108
1260290,賢人,20671,4,f23e1104t4,gloss,major,未过滤的 sake,未过滤的清酒,sense标明饮料为未精滤清酒，保留sake未译。,3,108
1260290,賢人,20671,5,f23e1104t5,xref,major,未过滤的 sake；未滤 sake；浑浊 sake,未过滤的清酒；未滤清酒；浊酒,xref的三个同义词均是未过滤清酒，中文原译连续残留sake。,3,108
2810800,今までで,20681,2,f172e862t2,note,minor,通常与“一番”“最”“最恶”等连用，用于最高级句,通常与“一番”“最”“最差”等连用，用于最高级句,最悪指最差／最糟，‘最恶’不是自然的简体中文搭配。,3,108
2840654,男の娘,20699,0,f188e530t0,gloss,major,外表女性化的年轻男性（尤其指跨性别着装、具有女性化性别表达者）,外表女性化的年轻男性（尤其指穿女装、表现出女性气质者）,crossdresses意为异性装扮／穿女装，不是跨性别着装；原译会误指性别身份。,3,108
1448760,灯油,20700,1,f41e1283t1,gloss,major,石蜡,煤油,此处英式paraffin指煤油，中文石蜡是固体烃类，与灯油不同。,3,108
1535050,黙秘権,20776,3,f49e1412t3,example,major,尼克松试图通过行使保密权来无视水门事件，但最终真相大白。,尼克松试图行使沉默权、对水门事件不予理会来蒙混过关，但没有成功。,JA明确说他试图行使黙秘権而无视水门事件；right to silence应为沉默权，非保密权。,3,109
1167250,一律,20768,2,f14e673t2,gloss,minor,全面一致的,一律的,across-the-board意为一律、全面适用，不是全面一致。,3,109
1475320,白昼,20854,1,f44e539t1,gloss,minor,正午,白天,白昼指白天、光天化日，英文midday在此不能把时间义限缩为正午。,3,109
1395340,全集,20875,1,f36e999t1,gloss,major,全集合,完整合集,complete collection指完整合集；全集合是数学术语，容易误解为universal set。,3,109
1180250,押し合う,20890,2,f15e1429t2,gloss,major,讨价还价,推搡,押し合う的日语词义是互相推挤，当前讨价还价与词头含义不符。,3,109
2809320,頭が回らない,20904,1,f172e546t1,gloss,minor,不知好歹,不明事理,knowing no better意为不懂事理、缺乏判断，并非带有责备不知感恩意味的‘不知好歹’。,3,109
1218110,企て,20916,6,f19e828t6,example,major,我们对他的大胆计划感到惊叹。,我们对他大胆的尝试惊叹不已。,英文bold attempt和日语企て在此强调大胆的尝试，原译计划漏掉attempt语义。,3,109
1248870,軍備,20962,2,f22e648t2,example,major,为了军备，是否有必要考虑能否承担如此巨额支出这一问题。,我们有必要考虑能否承担如此巨额的军备开支。,日英均说必须考虑是否负担得起军备支出；原译多加一层‘是否有必要考虑’，改变了句意。,3,109
1537390,野次,21054,0,f49e1843t0,gloss,major,胡言乱语,喝倒彩,歌手被观众野次喝倒彩、英文hooting/Br​onx cheer均指嘘声或倒彩，胡言乱语不是此义。,3,110
1857240,改まった,21058,1,f84e219t1,gloss,minor,拘泥于形式,正式的,改まった在此与formal对应，指正式的，不含拘泥形式的贬义。,3,110
1857240,改まった,21058,2,f84e219t2,xref,minor,拘泥于形式；郑重其事,讲究礼节；正式,stand on ceremony是讲究礼节，be formal是正式；拘泥于形式给两者额外添加了负面意义。,3,110
1357170,飾り気,21090,4,f32e1373t4,xref,major,朴素；不受影响；自然；不卖弄；坦率；直率,朴素；不做作；自然；不矫饰；坦率；直率,unaffected在plain/unpretentious语境指自然不做作，不是‘不受影响’。,3,110
1576290,一筆,21094,3,f53e1844t3,gloss,minor,短信,简短信件,short letter指简短信件；现代中文短信通常特指手机文本消息。,3,110
1202590,開眼,21100,10,f17e1825t10,gloss,major,为新塑像或画像点睛（作为 consecrate 的最后一步）,为新塑像或画像点睛（作为开光仪式的最后一步）,原译保留英文consecrate未译；佛教为新造像举行的是开光、祝圣仪式。,3,110
1202590,開眼,21100,11,f17e1825t11,gloss,major,为新塑像或偶像举行 consecrate 仪式,为新塑像或圣像举行开光仪式,原译保留英文consecrate未译；此处指为新造佛像举行开光仪式。,3,110
1332850,終止符,21135,3,f30e871t3,example,minor,当移民的村落被野蛮人征服，移民的希望和生活都走到尽头时，他们与不幸长期斗争的句号终于被打上了。,当移民村被野蛮人征服、移民的希望和生活都走到尽头时，他们长期与不幸抗争的日子也画上了句号。,日语说长期与不幸的斗争告终，原译‘句号被打上’搭配生硬且关系不清。,3,110
1043320,クーラーボックス,21153,1,f4e1528t1,gloss,major,冷却器,冷藏箱,此条限定クーラーボックス，cooler指便携保冷箱，不是冷却器设备。,3,110
2662310,ゆくと,21268,4,f157e1967t4,gloss,minor,随心所欲地,有空时,at one's leisure指在方便、有空时做，随心所欲强调按个人意愿行事，含义不同。,3,111
1246670,掘り当てる,21284,0,f22e276t0,gloss,minor,开采（金、石油等）,挖到（金、石油等）,掘り当てる及to strike指挖掘中发现矿藏等，单译开采漏了‘发现／挖到’这一结果。,3,111
1584710,盲信,21456,0,f55e312t0,gloss,minor,盲从,盲目接受,blind acceptance指盲目接受，不一定是盲目跟从他人（盲从）。,3,112
2448120,バッシング,21465,0,f138e609t0,gloss,major,痛击,抨击,社会语境中的bashing指猛烈批评、抨击，不是物理上的痛击。,3,112
2856033,バッシング,21466,0,f202e1276t0,gloss,major,总线,撤台服务,餐饮业bussing指收走餐桌上的脏餐具、清理桌面；原译总线是完全不同的计算机义。,3,112
2856033,バッシング,21466,1,f202e1276t1,gloss,major,总线,撤台服务,餐饮业busing同样是清理餐桌，不是计算机总线。,3,112
1637570,右利き,21484,0,f62e603t0,gloss,major,右利,惯用右手,right-handedness指惯用右手，右利不是自然的现代中文说法。,3,112
1637570,右利き,21484,1,f62e603t1,gloss,major,右利人,右撇子,right-handed person指右撇子，右利人不通顺。,3,112
1637570,右利き,21484,2,f62e603t2,gloss,major,右利者,右撇子,right-hander对应右撇子，右利者不通顺。,3,112
1637570,右利き,21484,3,f62e603t3,xref,major,①左利；左利人；左利者,①惯用左手；左撇子；左撇子,xref对象是left-handedness、left-handed person及left-hander；现译生硬照搬日语构词，改用自然中文。,3,112
1610360,ちんぷんかんぷん,21506,5,f59e1426t5,gloss,minor,术语,难懂的行话,此处jargon是听者难以理解的专业行话；单写术语未体现其难懂、晦涩语气。,3,112
2870493,お越しいただき,21568,2,f216e1206t2,gloss,minor,来访,承蒙（某人）光临,敬语お越しいただき表示承蒙对方前来，原译来访没有体现敬意和受惠关系。,3,112
2615460,ごく僅か,21641,3,f153e553t3,gloss,major,名义上的,微乎其微的,ごく僅か限定了数量极小；nominal在此指象征性、微不足道的数量，不是名义上的。,3,113
1269730,後手,21648,8,f24e839t8,gloss,major,后援,后卫部队,rear guard是后卫部队，后援指提供支援的人或力量，军事含义不同。,3,113
1269730,後手,21648,9,f24e839t9,xref,major,① 援军；预备队；后援,①援军；预备队；后卫部队,xref最后一项rear guard应译后卫部队，不是后援。,3,113
1495820,付け回す,21660,2,f46e157t2,gloss,minor,垂涎,追求,付け回す包含持续追逐／追求的意思；垂涎特指贪恋某物，过度缩窄对象和语气。,3,113
1566070,媚,21680,2,f52e1590t2,gloss,major,谄媚,调情,flirtation是调情、卖弄风情，不是谄媚。,3,113
1387060,舌足らず,21685,3,f35e1432t3,example,minor,那个孩子说话口齿不清。,那个孩子说话有些大舌头。,英文lisp指特定发音障碍／大舌头，原译口齿不清过于宽泛。,3,113
1472430,排他的,21710,2,f43e1913t2,gloss,minor,排他性的,限制性的,restrictive表示限制性，排他性对应exclusive，词义不同。,3,113
1500020,風土,21841,4,f46e978t4,example,minor,斯普劳特教授让植物适应了新的风土。,斯普劳特教授让植物适应了新的环境。,风土在此对应environment，应译环境；新风土是词头的生硬直译。,3,113
1936570,紙吹雪,21845,0,f89e1408t0,gloss,minor,纸屑,庆典纸带,ticker tape指庆典抛撒的长条纸带，不是泛指纸屑。,3,113
1936570,紙吹雪,21845,1,f89e1408t1,gloss,minor,纸屑,庆典纸带,ticker tape是庆典纸带，纸屑没有保留纸带形状和用途。,3,113
1517880,褒めちぎる,21869,3,f48e333t3,example,minor,大家一致称赞那个女人。,大家极尽赞美之词地称赞她。,to the skies及口を極めて都强调竭力、极尽赞美，原译漏掉程度，且‘一致’无原文依据。,3,114
1283160,香料,21898,6,f25e1117t6,gloss,major,慰问品,奠仪,香料在此为丧事吊唁时奉上的condolence gift，中文通常称奠仪，不是普通慰问品。,3,114
2855749,同じくする,21924,1,f202e776t1,gloss,major,使相同,有相同的……,to have the same表示拥有相同的某物，现译‘使相同’把受事变成使动关系。,3,114
2855749,同じくする,21924,2,f202e776t2,gloss,major,使相同,相同,to be of the same是‘相同’，不是使某物变相同。,3,114
1358000,触れ回る,21935,1,f32e1510t1,gloss,major,到处哭诉,到处宣扬,日语うわさを触れ回る是四处散布谣言，英文cry about在此指四处嚷说，不是哭诉。,3,114
1588620,運送,21978,2,f55e1694t2,gloss,major,海运,运输,運送及shipping泛指运输／运送，海运不当地限定为海上运输。,3,114
1323120,車庫,21994,1,f29e1014t1,gloss,major,车库,车棚,carport是有顶但通常开放的停车棚，不是封闭式车库。,3,114
1368810,人柱,22012,1,f33e1733t1,gloss,major,试用品（新产品或新服务）,（新产品或服务的）试用者,guinea pig指被拿来试用新产品／服务的人，试用品本身是产品而非受试者。,3,114
1634440,専門知識,22025,0,f61e1947t0,gloss,minor,专长,专业能力,expertise指专业知识或专业能力，专长通常指个人擅长的特定领域。,3,114
2855351,ポンド,22040,0,f202e79t0,gloss,critical,磅,池塘,英语pond是池塘，中文磅是重量单位，原译为假朋友错义。,3,114
2855351,ポンド,22040,1,f202e79t1,xref,critical,磅,池塘,交叉引用对象pond指池塘，不是重量单位磅。,3,114
1777500,積み木,22086,1,f76e114t1,gloss,major,木砖,木制积木块,wooden bricks在玩具积木语境指木制积木块，木砖是建筑材料。,3,114
1640120,近衛兵,22106,2,f62e1141t2,example,major,然而，一到城堡，我就被率领近卫兵的人勾引进了这座监狱。,然而，一到城堡，我就被率领近卫兵的人绑架进了这座监狱。,JA 勾引(こういん)在此意为强行带走、诱拐；中文‘勾引’通常指引诱，误译了遭遇。,3,115
1559680,聯隊,22138,1,f52e355t1,example,minor,这只狗是我们连队的吉祥物。,这只狗是我们联队的吉祥物。,JA 连队(れんたい)对应英文 regiment，中文应作‘联队’，‘连队’为较低编制。,3,115
2218630,煽り立てる,22216,0,f117e1243t0,gloss,major,猛烈地煽动,猛烈拍打,该义英文 to flap strongly 是拍打动作，不是‘煽动’；其他义项的激起、煽动另列。,3,115
1111300,フラストレーション,22303,0,f9e1597t0,gloss,minor,挫折,挫折感,フラストレーション表示受挫、受阻的心理感受；中文仅‘挫折’指事件/经历，缺少感受义。,3,115
1371380,水割り,22342,5,f34e215t5,example,major,请再给我一杯水酒。,请再给我一杯兑水威士忌。,水割り是威士忌或烧酒加水调制的饮品；‘水酒’在中文中通常指另一种酒类。,3,116
2017790,柄にもない,22386,0,f97e752t0,gloss,major,不合常理,不合自己的性格,柄にもない意为不符合某人的身份、性格或作风；‘不合常理’变成了不合理。,3,116
1994420,事実関係,22424,0,f95e26t0,gloss,major,事实关系,（案件、事件等的）全部事实,事実関係指案件或事件的事实情况/事实细节，不是‘事实之间的关系’。,3,116
1303590,散髪,22479,4,f27e1090t4,gloss,minor,散乱,凌乱的头发,散髪在该义为乱发、蓬乱的头发；原译‘散乱’遗漏了所指对象。,3,116
1037950,カノン,22600,0,f4e727t0,gloss,major,规范；标准,卡农,该义标注为音乐术语，canon 指卡农曲式；‘规范、标准’是一般义，未译出音乐义。,3,117
1598180,吊り橋,22616,2,f57e1264t2,example,minor,吊桥在5英里上游处。,吊桥在上游5英里处。,日文句含‘5マイル上流’，原中文漏掉了明确距离。,3,117
1687450,通過儀礼,22792,0,f67e408t0,gloss,minor,通过仪式,人生过渡仪式,通過儀礼指人生阶段转变时的仪式（rite of passage），‘通过仪式’是生硬直译且未表达阶段过渡。,3,117
1528330,密売,22965,2,f49e221t2,gloss,major,盗版,私下非法贩卖,密売是非法秘密销售，英文 bootlegging 在此作同义扩展；中文‘盗版’专指未经授权复制销售，范围错位。,3,118
2830561,承認欲求,23044,2,f178e971t2,gloss,minor,自尊需求,尊重需求,心理学术语 esteem needs 通常指尊重需求；‘自尊需求’是更窄的 self-esteem needs。,3,118
1522390,本拠,23149,1,f48e1130t1,gloss,major,内心堡垒,核心据点,本拠是据点、基地或总部；‘内心堡垒’是 inner citadel 的字面误译，与日文词义不符。,3,119
1174700,英霊,23277,0,f15e302t0,gloss,minor,亡灵（尤其指战死者）,英灵（尤其指战死者）,该词标注 honorific，指受敬仰的死者英灵；‘亡灵’语气中性，漏掉褒敬含义。,3,119
1582050,天神,23356,6,f54e1563t6,gloss,major,梅干,梅干核,该义英语明确是 dried plum 的 pit（核），‘梅干’本身是果实，不是果核。,3,120
2828806,実力主義,23364,1,f176e1471t1,gloss,minor,精英主义,能力至上主义,实力主义是按能力、成绩而非资历评定；‘精英主义’易被理解为维护精英阶层，含义偏移。,3,120
2027200,転び,23509,7,f98e361t7,gloss,major,夯（建筑施工技术）,（建筑）墙体倾斜度,建筑术语 batter 指墙体的倾斜/收分；‘夯’是夯实材料的施工动作，词义错误。,3,120
1042970,ギブアンドテイク,23547,2,f4e1473t2,example,minor,婚姻生活应该是公平的给予和接受。,婚姻生活中应该有来有往、互相迁就。,ギブアンドテイク在语境中指双方互相付出、互相迁就；直译‘公平的给予和接受’不自然，也未表达互惠关系。,3,121
2715710,ウイル,23602,6,f163e351t6,gloss,major,遗书,遗嘱,will / testament 在该义是法律遗嘱；‘遗书’通常指临终或自杀前留下的信。,3,121
1081470,デーモン,23630,0,f7e1138t0,gloss,major,守护进程,恶魔,该项是普通名词 demon；‘守护进程’只对应后列计算机义 daemon。,3,121
1238540,郷里,23698,0,f21e785t0,gloss,critical,镜子,故乡,郷里意为故乡、家乡，现译‘镜子’与词头和英文 hometown 完全不符。,3,121
1238540,郷里,23698,1,f21e785t1,gloss,critical,玻璃镜,出生地,郷里也可指出生地；‘玻璃镜’显然是误译，与词头及英文 birthplace 不符。,3,121
1238540,郷里,23698,2,f21e785t2,example,critical,大海像镜子一样平滑。,我的家乡毗邻大海。,JA 明确说家乡邻海，现译‘大海像镜子一样平滑’改变了主语、关系和信息。,3,121
2036130,ウハウハ,23767,4,f99e146t4,example,major,在赛马中中了1万马券，赚得盆满钵满。,赛马时押中了高赔率马票，开心坏了。,万馬券指赛马中高赔率的中奖马票（冷门票），不是‘1万马券’；原句在押中后欣喜兴奋。,3,121
1400980,相次ぐ,23833,2,f37e189t2,example,major,尽管自身丑闻不断，警方却依旧我行我素地抓人。,尽管警方接连曝出丑闻，仍厚着脸皮开罚单。,日文明确说警方屡有丑闻仍在开交通罚单（切符を切る），不是逮捕；原译既错了行为，也丢失了‘不顾丑闻’关系。,3,122
1076090,タイムリー,23843,2,f7e376t2,gloss,minor,关键击,关键安打,棒球 clutch hit 是关键时刻的安打，‘关键击’不是规范、清楚的中文表达。,3,122
1076090,タイムリー,23843,3,f7e376t3,gloss,minor,得分击,得分安打,run-scoring hit 指带来得分的安打，需译出安打。,3,122
1076090,タイムリー,23843,4,f7e376t4,gloss,minor,打点击,打点安打,RBI hit 对应打点安打；‘打点击’不通顺且漏掉安打类别。,3,122
1076090,タイムリー,23843,5,f7e376t5,xref,minor,关键击；得分击；打点击,关键安打；得分安打；打点安打,xref 是上述棒球术语的释义，原中文同样把 hit 误译成‘击’。,3,122
1043980,クラウン,23873,1,f4e1633t1,example,major,需要安装新的冠。,需要给牙齿装一个新的牙冠。,牙科语境的 crown 是牙冠；‘冠’在中文中无法表达修复体，JA 也说明要给牙齿套冠。,3,122
2418780,足の踏み場もない,23938,0,f135e876t0,gloss,critical,昔は昔、今は今,杂乱不堪,足の踏み場もない是东西堆满、连落脚处都没有；‘昔は昔、今は今’是完全无关的谚语。,3,122
2418780,足の踏み場もない,23938,1,f135e876t1,gloss,critical,責了,（东西）到处都是,该释义指物品散乱到处，‘责了’不成中文且不相关。,3,122
2418780,足の踏み場もない,23938,2,f135e876t2,info,critical,先んずれば人を制す,连落脚的地方都没有,词条字面及英文都说明连脚能踩的空处都没有；原译是‘先发制人’谚语，语义完全无关。,3,122
1256530,兼合い,23994,0,f23e297t0,gloss,critical,兼勤,平衡,兼合い指权衡、平衡，‘兼勤’不表示 equilibrium。,3,122
1256530,兼合い,23994,1,f23e297t1,gloss,critical,兼行,良好平衡,good balance 是良好平衡；‘兼行’与原义无关。,3,122
1256530,兼合い,23994,2,f23e297t2,gloss,critical,兼修,均衡,poise 在此表示平衡状态；‘兼修’与词义无关。,3,122
1599295,同名,24054,1,f57e1655t1,gloss,major,同义词,同名异物,生物分类学 homonym 指名称相同而所指分类单元不同；‘同义词’是 synonym，概念相反。,3,123
2848129,コロス,24080,1,f195e241t1,gloss,minor,唱诗班,合唱队,希腊戏剧中的 chorus 是合唱队/歌队，不是基督教唱诗班。,3,123
2826966,チャオ,24221,0,f174e1934t0,gloss,minor,你好,你好；再见,ciao 可用于问候也可用于告别，‘你好’仅涵盖前一种用法。,3,123
1555500,林道,24263,2,f51e1424t2,example,major,对了，既然要散步，不如去林荫道享受一下森林浴……,对了，既然要散步，不如顺便沿林道走走，享受一下森林浴……,林道是穿过森林的道路，原译‘林荫道’通常指城市树荫大道；日文语境明确是在森林中散步。,3,123
1799030,将軍家,24270,0,f78e539t0,gloss,major,将门,有资格继承将军职位的家族,英文释义和将軍家所指的继承关系是有望承袭将军职位的家族；‘将门’泛指武家，未表达继承资格。,3,123
2787160,デレる,24311,0,f170e19t0,gloss,minor,装恋爱,表现得痴痴恋恋,デレる指表现出迷恋、亲昵的样子；‘装恋爱’在中文中不成立，且误将动作理解为假装进入恋爱。,3,124
2423940,カフェラテ,24382,0,f135e1964t0,gloss,major,卡布奇诺咖啡,拿铁咖啡,カフェラテ是 caffè latte（拿铁），卡布奇诺是不同饮品。,3,124
2858394,一斉攻撃,24571,4,f204e1711t4,gloss,major,全面进攻,齐射,fusillade 指一阵密集枪火/齐射，不是全面进攻。,3,125
1424510,中将,24579,1,f39e776t1,gloss,minor,中将,海军中将,vice-admiral 是海军军衔；中文只写‘中将’丢失军种限定。,3,125
2859089,二十七,24660,2,f205e1075t2,gloss,major,27,凌晨3点（次日）,日语时间写法 27时／27:00 表示次日凌晨3点，原译把 27 当作钟点数字。,3,125
1668860,帰投,24878,0,f65e874t0,gloss,minor,归航,返回基地,帰投指士兵、飞机、军舰等返回基地；‘归航’仅适用于航行或飞行，缩窄了适用对象。,3,126
1516890,放免,24940,4,f48e165t4,gloss,minor,放行,放过,let go 在警告后释放某人是‘放过’，不是让其通行的‘放行’。,3,126
1516890,放免,24940,5,f48e165t5,gloss,minor,放行,免于处罚,let off 表示免于处罚/从轻放过；‘放行’未表达免罚。,3,126
1697020,組手,24994,11,f68e305t11,gloss,major,（排球中的）双手交叠下传,（排球中的）双手垫球,volleyball underhand pass with clasped hands 的常见动作是双手垫球；‘交叠下传’不是清楚的排球术语。,3,126
1723960,微苦笑,25009,0,f70e1703t0,gloss,minor,苦笑,淡淡的苦笑,微苦笑是淡淡、略带苦涩的笑；原译“苦笑”漏掉微弱程度限定。,3,127
2399760,飛ぶように売れる,25018,1,f133e992t1,gloss,minor,飞一般地卖出去,卖得飞快,飛ぶように売れる表示销售极快；“飞一般地卖出去”是生硬直译，不是自然中文。,3,127
2437560,仲良しこよし,25116,2,f137e564t2,gloss,minor,闺蜜,知心好友,仲良しこよし指亲密好友，英文 bosom buddy 不含性别限定；“闺蜜”无依据地限定为女性。,3,127
1901710,弾き,25130,4,f86e1994t4,gloss,major,弹弓,弹子游戏,该 sense 是 ohajiki 儿童游戏，紧邻 info 明确为用硬币状彩色片玩的游戏；“弹弓”是 slingshot，属于错义。,3,127
1901710,弾き,25130,6,f86e1994t6,xref,major,① 弹弓,① 弹子游戏,这是 ohajiki 引用对象的释义（不是当前词头义）；同一对象在 t4 错译为“弹弓”，应对应弹子游戏。,3,127
1313050,歯の浮くような,25151,0,f28e915t0,gloss,minor,令人牙关紧咬,令人牙酸的,日语歯の浮くような用于令人肉麻、牙酸的言行；“令人牙关紧咬”变成愤怒/用力咬牙，偏离 idiom 的语气。,3,127
1474530,博愛,25230,3,f44e397t3,gloss,major,人道主义,（对）人类的博爱,英文约束是 love for humanity，原译“人道主义”指一种思想/主义，丢失了对人类的爱这一释义。,3,127
1006170,すっぽんぽん,25322,1,f1e1432t1,gloss,major,只穿着生日内衣,赤身裸体,birthday suit 是英语习语，意为赤身裸体；原译“生日内衣”按字面误译。,3,128
1416350,奪回,25354,1,f38e1152t1,gloss,minor,营救,夺回,奪回是从他方取回/重新夺得；英文 rescue 在此义下是救回、夺回，不是营救某人，原译偏成救援行为。,3,128
2269150,ＤＭ,25441,2,f123e80t2,gloss,major,直邮信息,私信,DM 的第二义 direct message 是社交平台私信；“直邮信息”把它混同第一义 direct mail。,3,128
1474520,剝離,25469,3,f44e395t3,gloss,minor,去角质,剥落,此处英文 exfoliation 表层剥离/脱落；“去角质”特指美容处理，错误限缩为护肤用途。,3,128
1213690,監視者,25474,0,f18e1970t0,gloss,major,监护人,看守者,監視者指监视、看守的人；原译“监护人”通常指法定监护关系，与日文构词及监视义不符。,3,128
2031760,創意工夫,25482,1,f98e1259t1,gloss,minor,发明创造,创造力,創意工夫及英文 inventiveness 指创造/发明能力；“发明创造”像具体活动而非能力或性质。,3,128
2031760,創意工夫,25482,2,f98e1259t2,gloss,minor,创意原创,创造性,英文 creative originality 指创造性；原译“创意原创”中文搭配不通顺。,3,128
1643500,尾ひれ,25519,0,f62e1795t0,gloss,minor,尾鳍和鳍,尾巴和鳍,尾ひれ在该字面义中是尾巴和鳍；“尾鳍和鳍”把 tail 误收窄为尾鳍且重复。,3,129
2238620,気の長い,25524,1,f119e1570t1,example,minor,那是个非常漫长的话题。,那是个非常漫长的过程。,JA 気の長い話、EN a very slow business 均指耗时漫长的事情/过程；“话题”把话 (story/topic) 加成了不符语境的意思。,3,129
1610290,男性的,25544,1,f59e1418t1,example,minor,有些女性看起来比女性气质更阳刚。,有些女性看起来阳刚多于阴柔。,JA 明确对比男性化与女性化外观；现译“比女性气质更阳刚”结构生硬且把气质作为比较对象，调整为清楚自然的比较句。,3,129
1586280,揚げ足を取る,25569,1,f55e817t1,gloss,minor,使人陷入困境,抓住把柄为难对方,揚げ足を取る的“使人绊倒”是习语，指抓住言语错处来刁难；“使人陷入困境”丢失了挑错这一关键。,3,129
2112470,ハンドルネーム,25574,0,f106e1233t0,gloss,minor,屏幕名,网名,ハンドルネーム在互联网语境指用户自选的网名/昵称；“屏幕名”是 screen name 的字面硬译。,3,129
1307390,四面楚歌,25717,1,f27e1857t1,gloss,minor,被所有人背叛（抛弃）,被所有人孤立（抛弃）,四面楚歌对应陷入众叛亲离、孤立无援处境；“背叛”把 forsaken 过窄地解释为具体背叛行为，现译并列抛弃仍显过重。,3,129
1771440,あれ程,25727,0,f75e800t0,gloss,minor,那样程度,到那种程度,あれ程是“到那种程度/那么”的副词短语；“那样程度”缺少自然的介词结构。,3,129
1962980,ガスこんろ,25736,0,f91e1992t0,gloss,major,煤气,燃气灶,ガスこんろ指燃气炉灶；单译“煤气”只译出燃料，漏掉核心器具义。,3,129
1962980,ガスこんろ,25736,1,f91e1992t1,gloss,major,煤气,燃气灶,EN gas cooker 指燃气灶具；“煤气”漏译 cooker。,3,129
1962980,ガスこんろ,25736,2,f91e1992t2,gloss,major,煤气,燃气灶,EN gas range 指燃气炉灶；“煤气”漏译 range/stove。,3,129
1492630,不時,25740,0,f45e1645t0,gloss,minor,紧急,紧急情况,不時在该义项作名词，指紧急状况/意外事件；原译“紧急”只是形容词。,3,129
1208250,括約筋,25810,0,f18e940t0,gloss,major,括肌,括约肌,括約筋是 sphincter muscle，规范中文术语为“括约肌”；“括肌”漏了约束、收缩这一术语构件。,3,130
1208250,括約筋,25810,1,f18e940t1,gloss,major,括肌,括约肌,该解剖义 constrictor 指括约肌；中文应为“括约肌”，原译同样漏字。,3,130
2841567,ラッキースケベ,25868,0,f189e185t0,gloss,major,幸运色贝,幸运色狼,スケベ是好色/色狼，原译“色贝”仅按音节硬译而无中文意义；相邻说明明确该词指动漫中意外裸露、身体接触等福利桥段。,3,130
1602310,平目,25870,1,f58e893t1,gloss,critical,鲑鱼,橄榄比目鱼,bastard halibut 是 Paralichthys olivaceus 的英语俗名，与同条 t2 olive flounder 指同种；中文“鲑鱼”错指鲑科鱼类。,3,130
2724940,敵に塩を送る,25930,3,f164e64t3,note,major,源自上杉谦信在武田信忠的盐供应被切断时向其赠送盐,源自上杉谦信在武田信玄盐供应被切断时向其赠盐,成语典故中的对手是武田信玄（Takeda Shingen），不是“武田信忠”；是人名实体误译。,3,130
1164670,一端,25965,0,f14e244t0,gloss,major,一派,像模像样的,一端读いっぱし，意为够格、像个样子/成熟老练；“一派”是另一词义，属错义。,3,130
1164670,一端,25965,1,f14e244t1,gloss,major,一派,像模像样的,いっぱし的 full-fledged 指达到相当程度、够格；原译“一派”无对应义。,3,130
1164670,一端,25965,2,f14e244t2,gloss,major,一派,够格的,此词读いっぱし，不是“一派”；proper 在该语境是够格、像样的。,3,130
1164670,一端,25965,3,f14e244t3,gloss,major,一派,称职的,いっぱし可指已能胜任、够格；原译“一派”完全不符。,3,130
1164670,一端,25965,4,f14e244t4,gloss,major,一派,够格的,此处 qualified 是达到相应程度、够格；原译“一派”是误认词义。,3,130
1164670,一端,25965,5,f14e244t5,gloss,major,一派,成年人的,JA 例句为「いっぱしの大人」，EN full-grown，意为成熟/成年；原译“一派”无关。,3,130
1164670,一端,25965,6,f14e244t6,example,major,你是一派大人。,你已经是个像样的大人了。,JA「君はいっぱしの大人だ」和 EN You are quite a man 表达已是够格的大人；“一派大人”是错义且不通顺。,3,130
1103470,パンプス,26024,0,f9e372t0,gloss,major,平底鞋,浅口鞋,パンプス是女式浅口鞋；平底鞋只是可能款式之一，不能作为该鞋类的总译。,3,130
1103470,パンプス,26024,1,f9e372t1,gloss,major,法院鞋,浅口女鞋,court shoe 是女式浅口鞋（通常有跟），不是“法院鞋”。,3,130
1103470,パンプス,26024,2,f9e372t2,example,major,她穿着平底鞋。,她穿着浅口鞋。,原译把 pumps 限定成平底鞋；日文只说她穿着パンプス，应译为浅口鞋。,3,130
1533480,面食い,26075,2,f49e1097t2,example,minor,那位专务是个十足的面相派。,那位专务简直是个颜控。,面食い是重视外貌、容易被长相吸引的人；“面相派”不属自然中文词汇，日常语境可准确表达为颜控。,3,131
2840494,自分語り,26110,0,f188e226t0,gloss,minor,自夸,大谈特谈自己,自分語り是滔滔不绝地谈自己；现译“自夸”凭空加入赞美自己的意思，日文没有这一限定。,3,131
1575430,鼈,26161,2,f53e1574t2,example,major,就像月亮和鳖一样。,简直有天壤之别。,JA「月とすっぽん」是两个事物差异悬殊的惯用语，EN 也解释为 as different as day and night；现译照搬月亮与鳖，中文不传达习语义。,3,131
2141920,心霊写真,26165,0,f109e1302t0,gloss,minor,灵媒摄影,灵异摄影,spirit photography 指声称拍到灵魂/幽灵的灵异照片类型；“灵媒摄影”误指由灵媒进行的摄影。,3,131
1233200,魚雷,26257,1,f20e1850t1,example,major,要想击沉俾斯麦号战列舰，必须发射多少枚鱼雷才能命中？,必须有多少枚鱼雷命中才能让俾斯麦号战列舰沉没？,JA「何発もの魚雷を命中させなければならなかった」及 EN 都说需要多枚鱼雷命中才击沉俾斯麦号；原译改成询问需要发射多少枚，误改句意和语气。,3,131
1440520,天丼,26289,2,f40e1638t2,gloss,major,天丼,（喜剧中）反复使用同一笑料,天丼在喜剧术语中指重复同一桥段/笑料；原译保留日文“天丼”，没有提供中文释义。,3,132
2233660,女っ気,26298,0,f119e443t0,gloss,major,女子气概,女性的存在,女っ気指周围有无女性/女性的存在（如女っ気がない）；不是“女子气概”（女性化特质）。,3,132
2088940,どさっと,26329,1,f104e634t1,example,minor,卡车将沙子砰地倒在地面上。,卡车把沙子咚地一声卸在地上。,JA どさっと落とした是重物成堆落下的拟态声；“砰地”易指爆响，与沙子落地不贴切。,3,132
2008940,ちょん切る,26356,3,f96e1057t3,example,major,别为了报复对方而割自己的鼻子。,别为了报复别人而伤害自己。,日英均引用“cut off your nose to spite your face”这一警句，意为为报复他人反伤自身；现译照搬割鼻子，中文读者容易误解为字面动作。,3,132
1604870,寧ろ,26358,3,f58e1832t3,gloss,major,要是有的话,倒不如说,むしろ的 if anything 表示“倒不如说/反而”；原译“要是有的话”是条件句，意义错误。,3,132
1604870,寧ろ,26358,4,f58e1832t4,example,minor,今天反而不想外出。,今天我倒是不想出门。,JA「今日はむしろ外出したくない」及 EN rather not go out 表达反而不想出门；原译把“反而”生硬地修饰“不想”，不够通顺。,3,132
1521580,墨汁,26408,0,f48e986t0,gloss,minor,印度墨,墨汁,India ink 是墨汁/碳素墨水的传统名称，不是产自印度的墨；“印度墨”是将术语按字面拆译。,3,132
1521580,墨汁,26408,1,f48e986t1,gloss,minor,中国墨,墨汁,China ink 是墨汁的英文别称，并非产地为中国的专名；译作“中国墨”是字面误译。,3,132
1586340,浅蜊,26456,0,f55e857t0,gloss,minor,Manila蛤（菲律宾蛤仔）,菲律宾蛤仔（Ruditapes philippinarum）,曼谷蛤/Manila clam 的规范中文名是菲律宾蛤仔；“Manila蛤”残留英文且与括注重复。,3,132
2794000,やんや,26614,1,f170e1430t1,gloss,minor,干杯！,喝彩！,此处やんや是观众喝彩的呼声，例句 JA 明确是给精彩表演喝彩；“干杯”会被理解为饮酒祝词。,3,133
1510060,別棟,26733,2,f47e828t2,gloss,minor,别栋,附属建筑,outhouse 在 outbuilding 义下指主建筑之外的附属建筑；“别栋”中文不够清楚，也容易被理解为另一栋楼。,3,133
2829698,身をさらす,26862,0,f177e1178t0,gloss,minor,暴露自身（例如暴露于危险中）,使自己暴露在……中（如危险）,身をさらす是将自己置于暴露状态，常指暴露于危险；“暴露自身”是生硬的逐字搭配。,3,134
1369990,甚く,26890,3,f33e1931t3,example,minor,我对他的演讲深感感动。,我被他的演讲深深打动。,JA 感動した、EN deeply impressed 均为深受感动；原译“深感感动”重复且不自然。,3,134
1189050,何処迄も,26895,3,f16e1275t3,example,major,他无论在哪里都像个绅士。,他处处都显出绅士风度。,JA「どこからどこまでも紳士らしい」及 EN every inch 表示处处都像绅士；“无论在哪里”误解为地点。,3,134
2838000,外見上,26965,2,f185e1408t2,gloss,minor,外部地,外部的,external 作形容词意为外部的；原译“外部地”将其误作副词且搭配不通。,3,134
1628200,明るむ,26969,1,f61e639t1,gloss,major,变轻,变亮,明るむ意为变亮/天色转明；“变轻”是重量变化，属于同音误译。,3,134
2741520,お別れ会,26988,2,f165e1140t2,example,major,明天将举行南希的追悼会。,明天将为南希举行送别会。,JA お別れ会和 EN farewell party 表示送别聚会，原译“追悼会”无依据地认定南希已故。,3,134
2245370,二ノ宮,27015,0,f120e1021t0,gloss,major,全国最重要的第二等级神社,一国（旧制）中第二重要的神社,二ノ宮是各旧制国中位居第二的国府神社；原译“全国最重要的第二等级神社”错误地理解成日本全国第二重要的神社。,3,135
1202820,開祖,27025,1,f17e1853t1,gloss,minor,使徒,宗教创始人,開祖指教派/宗教的创始者；apostle 可作宗教先驱，但中文“使徒”专指传教门徒，并不表达创立宗教。,3,135
1393770,前頭,27085,0,f36e759t0,gloss,critical,幕下力士,幕内级别中的前头力士,前頭是相扑最高级别幕内中的前头级力士；“幕下力士”指低于幕内的另一个级别，弄错了级别。,3,135
1732140,筆談,27138,0,f71e1060t0,gloss,major,以书信往来,通过书写交谈,筆談是通过写字交流，不限于书信往来；原译把方式窄化为书信通信。,3,135
1946770,補佐官,27148,0,f90e1393t0,gloss,minor,副官,助理,補佐官是协助官员工作的 aide；“副官”在中文特指军事职位，范围不当且易误读。,3,135
1299380,雑菌,27199,0,f27e230t0,gloss,minor,微生物,杂菌,雑菌指杂类细菌/杂菌；“微生物”范围扩展到病毒、真菌等，丢失细菌这一限定。,3,135
2835135,一兵卒,27306,0,f182e1743t0,gloss,minor,士兵,列兵,一兵卒在军事语境的英文释义 private 是军阶列兵；“士兵”太宽泛，漏掉具体军阶。,3,136
1774020,場当たり,27326,4,f75e1464t4,example,major,又不是在黑夜中打铁炮，我觉得用那种临时抱佛脚的方式是不可能成功的。,又不是瞎猜乱碰，怎么能靠这种临时凑合的办法成功？,JA「闇夜に鉄砲じゃあるまいし」与 EN shot in the dark 都说盲目乱试；原译逐字照搬“黑夜中打铁炮”，不是自然中文表达。,3,136
1508600,閉会,27431,1,f47e624t1,example,minor,国会休会进入夏季休会期。,国会休会后进入夏季休会期。,JA 说国会闭会后进入暑期休会；原译重复“休会”，句子不通顺。,3,136
1295330,祭祀,27451,2,f26e1466t2,gloss,minor,节日,祭典,祭祀的 festival 义指节庆/祭典活动；“节日”是日历上的节日，未表达祭礼活动。,3,136
1492640,不時着,27503,2,f45e1646t2,gloss,major,坠毁,迫降,crash landing 是紧急迫降/迫降；“坠毁”表示飞机毁坏坠落，错误地断言发生灾难性事故。,3,136
1492640,不時着,27503,3,f45e1646t3,xref,major,紧急迫降；强制着陆；坠毁,紧急迫降；强制着陆；迫降,xref 是“不时着”交叉引用对象的释义；其中 crash landing 应译“迫降”，而不是“坠毁”。,3,136
1191130,可否,27527,2,f16e1605t2,gloss,minor,可行性,是否可取,advisability 指是否适宜/可取；“可行性”对应 feasibility，不能表达建议是否妥当。,3,136
2869616,タクト,27534,0,f215e1183t0,gloss,minor,机智,圆通得体,日常义 tact 是待人处事得体、考虑周到；“机智”偏向聪明敏捷，不表达 tact 的社交分寸。,3,137
2203370,ブッブー,27575,0,f115e1885t0,gloss,minor,嗡嗡,哔——,这是判断答错的蜂鸣器声，中文拟声通常作“哔——”；“嗡嗡”更像持续的低频振动声。,3,137
1589470,織姫,27610,0,f56e1t0,gloss,minor,织工,织女,織姫指女织工/织女，词本身含姫（女性）；“织工”不保留女性限定。,3,137
2031800,即断即決,27665,2,f98e1262t2,example,major,自住房是一生中最大的购买，所以不能那么草率地决定。,买房是一辈子的大事，不能那样仓促拍板。,JA「マイホームは一生の買い物」指买房是一生一次的大事；现译“最大的购买”把一生一次错换成最大金额/体量。,3,137
2417150,血は争えない,27697,0,f135e487t0,gloss,major,血性难争,有其父必有其子,"血は争えない是遗传特质难以改变的谚语，EN like father, like son 也释为子承父性；“血性难争”不是自然中文表达。",3,137
2417150,血は争えない,27697,1,f135e487t1,info,minor,血性难争,血缘的影响难以抗拒,此 info 是 idiom 的字面解释，意为无法与血统/血缘抗争；“血性难争”将血缘误作血气/性格。,3,137
1400120,操舵,27767,0,f36e1974t0,gloss,minor,（船的）驾驶,（船的）操舵,操舵专指掌舵、操纵船舶方向；“驾驶”范围更广，丢失舵控这一限定。,3,137
1400120,操舵,27767,1,f36e1974t1,gloss,major,舵,掌舵,steerage 在此对应操舵/掌舵；“舵”是器具名词，不是操纵船舶的动作。,3,137
2022670,不戦敗,27772,0,f97e1603t0,gloss,major,不战败,未赛判负,不戦敗是未进行比赛即判负（如弃权、缺席）；“不战败”中文容易理解成没有战败，语义相反。,3,137
1026650,ウォッチ,27799,5,f3e1009t5,gloss,major,值班帽,针织毛线帽,watch cap 是针织毛线帽（常见于水手服饰），不是值班人员所戴的“值班帽”；watch 的解释被误当成用途。,3,138
2509670,さんざ,27858,0,f143e545t0,gloss,major,彻底地,严重地,さんざ的 severely 对应程度严重；“彻底地”对应 completely/utterly，程度义不等。,3,138
2509670,さんざ,27858,1,f143e545t1,gloss,major,可怕地,严厉地,さんざ的 harshly 是严厉地/苛刻地；“可怕地”译成了 frighteningly。,3,138
2509670,さんざ,27858,2,f143e545t2,gloss,major,② 非常地；严厉地；可怕地；悲惨地；糟糕地；恶劣地,② 极其,utterly 指完全地/极其；现译把其他多个 gloss 的释义串并进本字段，内容错配且标点格式错乱。,3,138
2509670,さんざ,27858,3,f143e545t3,gloss,critical,松垮的,非常地,terribly 作程度副词意为非常地/极其；“松垮的”是形容外观或结构松弛，与词义无关。,3,138
2509670,さんざ,27858,4,f143e545t4,xref,critical,邋遢的,② 严重地；严厉地；非常地；悲惨地；凄惨地；糟糕地,该 xref 对应 severely; harshly; terribly; miserably; wretchedly; badly；原译“邋遢的”将副词释义错成外表肮脏，多个 gloss 均错配。,3,138
1630200,強権,27865,2,f61e1080t2,gloss,minor,重手,高压手段,heavy hand 是严厉、高压的施政/控制手段；“重手”是逐字硬译，不是该英语表达的中文义。,3,138
2658320,則,27924,0,f157e1188t0,gloss,minor,规则的计数词,规则、条款的量词,则（そく）可作规则/条款的计数词；“规则的计数词”生硬且没有指出中文量词形式。,3,138
2235740,神経を尖らせる,27944,4,f119e891t4,example,major,她的说话方式让我很紧张。,她说话的方式令我心烦。,EN gets on my nerves 与 JA 神経を尖らせる均表示惹人烦/刺激神经；现译“让我很紧张”变成我感到焦虑，主客体及情绪都偏离。,3,138
1904810,冷やし中華,27967,0,f87e387t0,gloss,major,冷面中华,日式中华冷面,冷やし中華是日本料理中华冷面；“冷面中华”语序不通，也没有表达菜名。,3,138
1786190,大胆不敵,28015,5,f77e69t5,gloss,minor,冒险者,胆大包天的人,daredevil 指大胆、敢冒险之人；“冒险者”只表示从事冒险活动的人，丢失了胆大不惧的特征。,3,138
2182770,言葉数,28037,1,f113e1456t1,gloss,minor,言语,说话多少；话语量,该义英文 vocality 指说话的多少/健谈程度；“言语”未表达数量或健谈义。,3,139
1433660,佃煮,28103,0,f40e442t0,gloss,minor,用甜酱油煮制的腌菜,用加糖酱油煮制并保存的食品,佃煮可指各类用甜酱油炖煮保存的食物，并不限于腌菜；原译缩窄了食物范围。,3,139
1600810,鉢巻,28137,0,f58e284t0,gloss,minor,头巾,头带；额带,鉢巻是系在额头上的布带；“头巾”通常指覆盖头部的巾，形状和用途不准确。,3,139
1518600,亡国,28295,0,f48e504t0,gloss,major,亡国,使国家灭亡；亡国,sense 1 英文为 ruining a country，表示使国家灭亡的行为；原译“亡国”容易与 sense 2 的亡国之国混同。,3,139
1518600,亡国,28295,1,f48e504t1,gloss,major,亡国,灭亡的国家；亡国,sense 2 英文为 ruined country，指已经灭亡的国家；需与 sense 1 的使国家灭亡区分。,3,139
1524420,麻布,28322,1,f48e1453t1,gloss,major,麻布,亚麻布,英文 linen 指亚麻纤维织物；原译“麻布”对应 sense 1 的 hemp cloth，混淆了亚麻与大麻。,3,140
2723020,プロファイリング,28411,0,f163e1693t0,gloss,major,画像分析,人物侧写；画像分析,profiling 指对人物特征作侧写/画像分析；“画像分析”单独使用容易被理解为图像处理，缺少人物对象。,3,140
1148920,ワウ,28528,0,f12e1119t0,gloss,major,哇（音频）,哇音（音频效果）,音频术语 wow 指哇音效果（wah-wah），不是感叹词“哇”。,3,140
2010700,義理の兄,28678,0,f96e1404t0,gloss,minor,姐夫,姻亲中的兄长,義理の兄泛指因婚姻关系成为的兄长，不限于“姐姐的丈夫”；“姐夫”缩窄了关系。,3,141
1079230,テキーラ,28731,0,f7e824t0,gloss,minor,特基拉,龙舌兰酒,Tequila 的通行中文名称是龙舌兰酒；“特基拉”是音译且不能清楚指明酒类。,3,141
2473030,サラマンデル,28759,0,f140e1035t0,gloss,major,神话中的火蜃,火蜥蜴（神话生物）,mythological salamander 是火蜥蜴形象；“火蜃”不是该生物的中文名称。,3,141
2473030,サラマンデル,28759,1,f140e1035t1,gloss,critical,火蜃,蝾螈,sense 2 明确指两栖动物有尾目 salamander，即蝾螈；“火蜃”是错误物种名称。,3,141
2765700,此,28763,1,f167e1822t1,xref,major,① 那个；它,① 这个；此,xref 英文明确为 this/this one，原译“那个；它”将指示方向翻成了远指。,3,141
2765700,此,28763,2,f167e1822t2,xref,major,① 那个；那个,① 这个；此,xref 英文明确为 this，原译“那个”将指示方向翻成了远指。,3,141
1343120,所ではない,28781,5,f31e646t5,gloss,minor,……不是……,……根本谈不上,英语习语 isn't the word for it 表示某描述根本谈不上；原译“……不是……”未表达该强烈否定。,3,141
1311760,脂,28873,4,f28e607t4,gloss,minor,眼屎（眼内的睡眠）,眼屎（眼部分泌物）,英文 sleep in one's eyes 是眼屎的习语表达；原译括注将 sleep 逐字误译为“眼内的睡眠”。,3,142
2041470,一番風呂,29036,2,f99e1356t2,xref,major,同上,最后一个洗的澡（家中所有人之后）,该交叉引用英文为全家其他人都洗过后的那次洗澡；“同上”不传达相反的时间次序。,3,142
1740650,背高,29056,0,f72e503t0,gloss,minor,高,身高,名词 tallness 指身高/高个，单字形容词“高”词性不符。,3,142
1124480,ボンジュール,29124,0,f10e1637t0,gloss,minor,日好,你好；日安,法语 bonjour 是白天的问候语，常译“你好”或“日安”；“日好”不是自然中文。,3,143
1124480,ボンジュール,29124,2,f10e1637t2,xref,minor,你好；日好；下午好,你好；日安；下午好,交叉引用列出 hello、good day、good afternoon；“日好”不自然，改为对应的中文问候语。,3,143
1218520,危急,29285,4,f19e894t4,gloss,major,濒危（保护状况）,易危（保护状况）,保护等级 Vulnerable（VU）的中文名称为“易危”，与“濒危”所指等级不同。,3,143
1452780,同心,29304,3,f41e1988t3,gloss,minor,警察,巡捕,历史义指江户时代的同心警务人员；“警察”过于泛化，巡捕更能保留旧制职务含义。,3,143
1444320,塗布,29356,1,f41e443t1,example,major,不好意思，请给我女儿做氟布涂布。,不好意思，请给我女儿的牙齿涂氟。,日文说给女儿的牙齿做氟化物涂布；原译“氟布涂布”误把“氟”写成“布”，并且中文不通。,3,144
2003900,マイロ,29375,0,f96e34t0,gloss,major,米洛,高粱,英文 milo 的谷物义是高粱；“米洛”是音译，不能表达该词义。,3,144
1595950,ズル休み,29467,0,f57e411t0,gloss,minor,无故旷课,无故旷课或旷工,英文与日文义均涵盖无正当理由缺勤上学或工作；原译只覆盖旷课。,3,144
1595950,ズル休み,29467,2,f57e411t2,gloss,minor,逃工,旷工,该义 playing hooky 可用于逃避工作；“逃工”不如“旷工”自然明确。,3,144
1595950,狡休み,29468,2,f57e413t2,gloss,minor,逃班,旷工,该义 playing hooky 可用于逃避工作；“逃班”不如“旷工”自然明确。,3,144
2844130,ナイスファイト,29477,1,f191e939t1,gloss,minor,好身手！,好样的！,nice try 是鼓励对方尝试/发挥的称赞；“好身手”转为称赞技巧，含义不符。,3,144
1891030,炊き込みご飯,29567,0,f86e652t0,gloss,minor,炊饭,加入各种食材调味炊煮的米饭,炊き込みご飯特指与多种食材、调味料一同炊煮的饭；“炊饭”没有表达这些关键限定。,3,144
1276550,口早,29623,0,f24e1962t0,gloss,minor,口快,说话快,口早表示说话快；“口快”在中文更常指说话直率、口无遮拦，容易误解。,3,145
1276550,口早,29623,1,f24e1962t1,gloss,minor,口快,语速快,rapid talking 指语速快；“口快”带有直言快语的额外含义。,3,145
1276550,口早,29623,2,f24e1962t2,gloss,minor,口快,说话快,quick-tongued 在本词头语境是说话速度快，不是中文“口快”的直率义。,3,145
2582370,空砲,29717,4,f150e98t4,xref,major,空弹；空弹药；空白,空包弹,xref 的 blank 指空包弹；“空白”是颜色/内容空白，属于错义。,3,145
1473170,配当,29756,3,f44e50t3,example,minor,该公司的股票是高配当的。,该公司的股票股息率很高。,日文说股票股息高，旧译残留日语“配当”且中文不通；用股息率明确表达高 yield。,3,145
1487040,鼻緒,29827,0,f45e742t0,gloss,minor,鞋带,凉鞋带,鼻緒是凉鞋/木屐固定在脚上的带子，并非系带鞋的鞋带。,3,145
1002720,お冷や,29834,1,f1e683t1,gloss,critical,冷米饭,（一杯）凉水,sense 1 指一杯冷饮用水；现译“冷米饭”错误地混入了 sense 2。,3,145
1163720,一人芝居,29863,3,f14e38t3,gloss,minor,独奏,单人表演,performing solo 指单人表演；“独奏”专指音乐演奏，缩窄了该词的表演类型。,3,146
2183460,椎,29872,0,f113e1585t0,gloss,major,栗属的任意一种树,锥属（Castanopsis）的任一种树,学名 Castanopsis 对应壳斗科锥属，并非栗属（Castanea）；旧译把属名译错。,3,146
1946100,夫婦関係,29881,1,f90e1283t1,example,critical,理想的做法应当是从摆脱丈夫的人间关系开始，重新构建新的夫妇关系，形成从容的家庭生活。,理想的做法应当是从摆脱丈夫唯公司是从的状态开始，重新构建新的夫妻关系，形成从容的家庭生活。,日文夫の会社人間からの脱却指摆脱丈夫只顾公司的生活方式；原译“丈夫的人间关系”误拆词语并造成不通。,3,146
1360300,寝物語,29926,0,f32e1984t0,gloss,minor,枕边闲谈,枕边私语,pillow talk 指亲密伴侣之间的枕边私语；“闲谈”未表达亲密私语语境。,3,146
1360300,寝物語,29926,1,f32e1984t1,gloss,minor,床前闲谈,床上交谈,conversation in bed 是在床上交谈；“床前”表示站在床边，方位不符。,3,146
2201620,親しき仲にも礼儀有り,29968,2,f115e1449t2,example,minor,难道你不知道“亲密无间也要讲礼义”这句话吗？,难道你不知道“关系再亲密，也要讲礼貌”这句话吗？,日文例句直说亲密关系中仍须有礼；旧译“讲礼义”用词偏离礼儀的日常礼貌义。,3,146
1474230,萩,30067,0,f44e307t0,gloss,critical,野豌豆,胡枝子（Lespedeza属植物）,bush clover 属于胡枝子属（Lespedeza），不是野豌豆；原译混淆了不同植物类群。,3,146
1474230,萩,30067,1,f44e307t1,gloss,major,日本野豌豆（豆科野豌豆属植物）,日本胡枝子（胡枝子属开花植物）,Japanese clover 指日本胡枝子（Lespedeza属），不是“日本野豌豆”。,3,146
2264370,ちわっす,30072,1,f122e1041t1,gloss,minor,喂,哟,口语招呼 yo 可译“哟”；“喂”通常用于叫人或警告，不合此处问候义。,3,146
2264370,ちわっす,30072,2,f122e1041t2,xref,minor,你好；日好；下午好,你好；日安；下午好,xref 列的是英语问候语；“日好”不是自然中文表达。,3,146
2068870,閑古鳥が鳴く,30077,2,f102e723t2,example,major,我们店也处于像闲时听到杜鹃啼叫那样捉襟见肘的境况，根本没有雇兼职人员的余裕。,我们店的生意也萧条得像杜鹃啼叫般冷清，根本没有雇兼职人员的余裕。,日文 idiom 閑古鳥が鳴く 表示店铺冷清、生意萧条；原译按字面解释为闲时听鸟叫，误译成语。,3,146
1511630,片栗粉,30159,1,f47e1207t1,gloss,major,紫萁淀粉,猪牙花淀粉,dogtooth violet（片栗）是猪牙花属植物；紫萁是蕨类植物，属于明显误译。,3,147
1394200,前歴,30170,0,f36e814t0,gloss,minor,前史,过往经历,前歴指个人过去的经历/履历；“前史”容易指历史前期，且不是自然的个人经历表达。,3,147
1394200,前歴,30170,1,f36e814t1,example,minor,我们调查了他的前史。,我们调查了他的过往经历。,日文前歴について調査した表示调查他的过往经历；原译“前史”不自然且有历史阶段义。,3,147
1291530,砂金,30214,0,f26e873t0,gloss,minor,金砂,沙金,砂金指沙砾中淘出的自然金粒，即沙金；“金砂”通常指金色的沙或金粉。,3,147
2418080,触らぬ神に祟りなし,30228,0,f135e703t0,gloss,minor,勿动沉睡之犬,多一事不如少一事,该谚语表示不招惹、不干预便可免受灾祸；“勿动沉睡之犬”是逐字翻译且并非自然汉语谚语。,3,147
2418080,触らぬ神に祟りなし,30228,1,f135e703t1,gloss,minor,勿醒沉睡之狮,多一事不如少一事,该谚语表示不招惹、不干预便可免受灾祸；“勿醒沉睡之狮”是逐字翻译且并非自然汉语谚语。,3,147
1596310,前々回,30270,0,f57e529t0,gloss,minor,前前次,上上次,the time before last 指上一次之前的那次；“前前次”不符合自然中文用法。,3,147
1656170,師範代,30283,1,f64e197t1,gloss,minor,副教练,代理教练,substitute instructor 表示代任授课者，不一定是副职；“副教练”把替代关系误作职级。,3,147
2202280,プチッ,30285,5,f115e1603t5,example,major,因为没钱，所以干脆地短途旅行。,因为没钱，所以就来一趟短途旅行。,日文「プチッと旅行」及英文都表示短途旅行；“干脆地短途旅行”是中文搭配错误。,3,147
1662940,胸糞,30347,3,f64e1410t3,example,critical,规矩点！,看到那种男人就让我恶心。,日文和英文都表达厌恶看到那种男人；原译“规矩点”完全无关。,3,147
2760040,初エッチ,30381,0,f167e722t0,gloss,minor,丧失贞操,初次发生性行为,英语为 losing one's virginity，日语是口语的初次性行为；“丧失贞操”带入旧式道德判断，不符合源义语气。,3,147
1402780,送検,30422,0,f37e626t0,gloss,minor,移送起诉,将嫌疑人移送检方,送検是警方将嫌疑人移送检方的程序，未必表示已正式起诉；“移送起诉”提前确定了起诉结果。,3,148
1402780,送検,30422,1,f37e626t1,gloss,minor,移送检察官,将案件移送检方,refer a case to a public prosecutor 是将案件移交检方；“移送检察官”把案件误作移送人员。,3,148
2057980,のっぽ,30446,2,f101e559t2,gloss,minor,瘦高的人,电线杆（比喻瘦高的人）,英文 lamppost 是对瘦高个的比喻；原译再次重复“瘦高的人”，没有对应该译项。,3,148
2558610,間違い電話,30472,0,f147e1605t0,gloss,minor,错号,打错电话；错拨号码,wrong number 指电话打错/拨错号码；“错号”不能明确表达误拨电话。,3,148
1602980,振り袖,30560,1,f58e1115t1,example,major,戴着长手套做不了事。,穿着长袖和服干不了活。,日文例句写振袖で仕事はできぬ，直指穿长袖和服不便工作；旧译改成手套，和日文例句不符。,3,148
2852546,クソアマ,30589,0,f199e711t0,gloss,major,混蛋,贱女人,日语词头是贬称女性的粗俗辱骂，旧译“混蛋”抹掉了明确的女性指向。,3,148
2852546,クソアマ,30589,1,f199e711t1,gloss,major,混蛋,贱女人,broad 在此为对女性的粗俗贬称，旧译“混蛋”没有保留其女性指向。,3,148
1362150,新体操,30661,0,f33e350t0,gloss,minor,韵律体操,艺术体操,Rhythmic gymnastics 是竞技项目艺术体操的规范中文名称；“韵律体操”是字面翻译且不常用。,3,149
1461100,難癖,30773,1,f42e1949t1,example,major,手艺差的工人会把工具当作缺点。,手艺差的工人总怪工具不好。,英文谚语意为手艺差的工人会怪罪工具；原译把工具说成缺点，主客关系错了。,3,149
1736650,水入らずで,30813,2,f71e1826t2,gloss,major,仅限内部,与家人单独相处,法语 en famille 意为与家人在一起；原译“仅限内部”丢失了家庭成员这一对象。,3,149
1839410,旅籠,30826,1,f82e526t1,gloss,minor,酒馆,旅店,此条为江户时代旅人住宿设施；tavern 在该释义中指旅店，不是单纯售酒的“酒馆”。,3,149
2226060,怖いもの見たさ,30856,0,f118e925t0,gloss,minor,好奇心的恐惧,出于害怕却想看的好奇心,日语表达因害怕而想看令人害怕之物的心理；原译“好奇心的恐惧”关系不清且不自然。,3,149
2165290,よく出来た,30873,0,f112e95t0,gloss,minor,均衡,均衡的,well-balanced 作形容词，原译名词“均衡”词性不符。,3,149
1035550,オリエンテーション,30917,0,f4e348t0,gloss,major,方向,新生入学指导；说明会,orientation 在此指向新生介绍学校/组织的说明会，并非物理方向；“方向”是错义。,3,149
1035550,オリエンテーション,30917,1,f4e348t1,example,major,对新入学生进行方向引导。,将为新生举行入学说明会。,日文明确表示面向新生举办 orientation；原译“方向引导”是按词面误译。,3,149
2485100,フリップ,30961,1,f141e858t1,gloss,major,前空翻,后内点冰跳（花样滑冰）,在花样滑冰中 flip 是从后内刃起跳的后内点冰跳，并非前空翻；原译按普通英语 flip 误解了项目术语。,3,150
1089460,ドロップキック,30975,0,f8e300t0,gloss,major,踢球,落踢（球落地反弹后踢出）；飞身踢（摔角）,drop kick 是特定踢法：球落地反弹时踢出，或摔角中的飞身踢；“踢球”没有表达动作区别。,3,150
1089460,ドロップキック,30975,1,f8e300t1,gloss,major,踢球,落踢（球落地反弹后踢出）；飞身踢（摔角）,dropkick 是特定踢法，不是泛指“踢球”；按运动语境补明落踢和摔角飞身踢。,3,150
1124060,ボディーブロー,31012,0,f10e1573t0,gloss,minor,身体拳,击腹拳,拳击 body blow 是击打躯干的重拳；“身体拳”不是自然的中文拳击术语。,3,150
2108600,先公,31031,4,f106e440t4,gloss,minor,教,老师,该义仍指对教师的蔑称；英语 teach 在此作为教师的俗称，中文“教”却是动词。,3,150
1667290,運び去る,31049,0,f65e581t0,gloss,major,被吹走,带走,运び去る是及物动词，表示把某物带走；“被吹走”误加被动并限缩为风力造成。,3,150
1667290,運び去る,31049,1,f65e581t1,example,major,那艘风船被风吹到了某个地方。,气球被风吹到了某个地方。,日文风船指气球；原译“风船”是日语残留用词。,3,150
1533020,滅法,31089,5,f49e996t5,gloss,minor,不合理的,不合理地,该义为副词 unreasonably；原译“不合理的”是形容词，词性不符。,3,150
2871388,マーベラス,31153,0,f217e1078t0,gloss,minor,奇妙的,极好的；了不起的,marvelous 表示令人赞叹、极好的；“奇妙”容易表达奇异古怪，褒义程度不足。,3,150
2191520,クリーミー,31160,0,f114e1351t0,gloss,minor,奶油味,奶油般的（味道或质地）,英文明确包括 flavor 和 texture 两种维度；原译仅保留“奶油味”，遗漏质地义。,3,150
2863788,集会場,31161,2,f210e243t2,gloss,minor,观众席,礼堂,auditorium 指礼堂/会堂这一场所，不是其中的观众席。,3,150
1303100,山猫,31688,2,f27e977t2,xref,major,伊良部猫（Prionailurus bengalensis iriomotensis）,西表山猫（Prionailurus bengalensis iriomotensis）,xref所指的是Iriomote cat这一西表岛特有亚种，旧译‘伊良部猫’误写成另一地名。,3,152
1327600,手垢,31703,0,f29e1855t0,gloss,major,指纹,手指留下的污迹,手垢指手上沾染并留下的污垢/痕迹，日文和英文 finger marks 均不表示生物识别意义的‘指纹’。,3,152
1650500,初孫,31724,0,f63e1106t0,gloss,major,长孙,第一个孙辈,初孫是第一个出生的孙辈，不限定为男性或长孙；旧译‘长孙’添加了性别和排行含义。,3,152
1593340,事なかれ主義,31848,1,f56e1444t1,gloss,major,（原则）让睡着的狗躺着,（原则）息事宁人,letting sleeping dogs lie 是暂不触碰麻烦以维持平静的习语，旧译逐字译成‘让睡着的狗躺着’不表达该义。,3,153
1653340,首級,31875,0,f63e1646t0,gloss,minor,敌首,敌人的首级,首級在此指被斩下的敌人头颅；‘敌首’在现代中文更易被理解为敌方首领。,3,153
1443980,兎にも角にも,31885,4,f41e362t4,example,major,他虽然相当固执，但总之他的弟弟已经接受了那个提议。,他虽然相当不情愿，但他的弟弟还是接受了那个提议。,日文しぶっていた表示不情愿，非‘固执’；弟弟是接受提议的主语。,3,153
1941930,大腿部,31962,0,f90e493t0,gloss,major,股部,大腿部,大腿部对应股/大腿区域，‘股部’通常指腹股沟区域，定位不准。,3,153
2014480,前王,32016,1,f97e119t1,gloss,major,前王,已故国王,late king 指已故国王，而不是一般意义的前任国王；中文旧译只表达former king。,3,153
1128460,マッチポンプ,32053,0,f11e212t0,gloss,major,制造麻烦以便从中获利,制造麻烦，再通过解决麻烦博取功劳,マッチポンプ特指先制造麻烦再出面解决以博取功劳或利益；旧译只说制造麻烦获利，漏了关键的解决环节。,3,154
1128460,マッチポンプ,32053,1,f11e212t1,gloss,major,从自己制造的问题中获利,通过解决自己制造的问题来获利,英文明确含 solving problems created by oneself，旧译省略了解决这一步。,3,154
1351100,省庁,32080,0,f32e204t0,gloss,major,省厅,中央各部委,日语省庁指日本中央政府的各省与厅，中文‘省厅’易误解为地方省级部门；‘中央各部委’更准确。,3,154
1666950,灌木,32248,2,f65e528t2,example,major,我在周末开始思考那些事，那时我正在把灌木下残留的叶子不留余地地扫拢起来。,周末我开始思考那些事，那时我正在把灌木下最后剩下的叶子都扫拢起来。,日文残らず表示‘全部’，不是中文‘不留余地’；英文 last of the leaves 也指最后剩下的叶子。,3,154
1852340,食べ残す,32379,0,f83e1330t0,gloss,major,剩菜,没吃完（食物）,たべのこす是动词‘吃剩/没吃完’，旧译‘剩菜’是名词，未表达动词义。,3,155
2852400,可もなく不可もなく,32389,0,f199e432t0,gloss,major,好坏参半,不好不坏,neither good nor bad 表示不算好也不算坏；‘好坏参半’表示好坏各占一半，含义不同。,3,155
2835238,一丁上がり,32510,0,f182e1961t0,gloss,major,（订单）已备好,（菜品）做好了,一丁上がり是餐饮场景中一道菜做好/订单出餐的吆喝语，旧译将order误解成购物订单。,3,155
2835238,一丁上がり,32510,1,f182e1961t1,gloss,major,一份订单已备好,一道菜做好了,该表达的注文是餐饮点单，中文‘订单’易理解为购买订单。,3,155
2835238,一丁上がり,32510,3,f182e1961t3,gloss,major,您的订单已备好,您的菜好了,餐饮语境中的your order is ready指顾客点的菜已做好，旧译‘订单’不符合此语境。,3,155
1147860,ロブスタ,32542,1,f12e968t1,example,minor,他们吃了龙虾和牛排的盛宴。,他们大快朵颐地享用了龙虾和牛排。,feasted on 表示尽情享用；旧译‘吃了……的盛宴’句法不通顺。,3,155
2120590,着信拒否,32602,0,f107e840t0,gloss,major,屏蔽通讯（如屏蔽电话号码或电子邮件地址）,拒收来自某电话号码或电子邮件地址的来电或邮件,着信拒否是拒接/拒收特定号码或地址发来的来信；旧译‘屏蔽通讯’未说明是拒收来信，语义过泛。,3,156
1497760,符帳,32607,7,f46e612t7,gloss,critical,诋毁,黑话,argot 指特定群体使用的隐语/黑话，旧译‘诋毁’与词义无关。,3,156
1497760,符帳,32607,8,f46e612t8,gloss,critical,使腐烂,口令,password 指口令/密码，旧译‘使腐烂’明显错义。,3,156
2662900,手に手に,32718,0,f158e68t0,gloss,minor,人手一个,各自手里拿着,手に手に表示众人各自手持某物；‘人手一个’额外添加了每人各有一件的数量限定。,3,156
2538020,恥の上塗り,32755,0,f146e187t0,gloss,major,雪上加霜,更加丢脸,恥の上塗り是让已经蒙羞的情形更加丢脸；‘雪上加霜’只表示处境更糟，漏掉羞耻/丢脸这一核心。,3,156
2538020,恥の上塗り,32755,1,f146e187t1,example,major,别再雪上加霜了。,别再丢人现眼了。,日文是在劝阻继续让自己蒙羞，原译‘别再雪上加霜’没有表达丢脸。,3,156
1526370,万博,32774,0,f48e1855t0,gloss,major,万博,世界博览会,万博是日本语缩略形式，中文应使用对应全称‘世界博览会’，避免把日文缩写作为中文释义。,3,156
1526370,万博,32774,1,f48e1855t1,gloss,major,万博,国际博览会,国际 exposition 对应国际博览会；旧译仍是日语缩略形式‘万博’。,3,156
